country,results,direct,perio_prev,Upper Perio Prevalence (%),Lower Perio Prevalence (%),decid_caries,Upper Deciduous,Lower Deciduous,perm_caries,Upper Permanent,Lower Permanent,edent,Upper Edentulism,Lower Edentulism,diab_prev,Upper Diabetes,Lower Diabetes,diab_death,Upper Diabetes Deaths,Lower Diabetes Deaths,smoking_agest,Upper Smoking,Lower Smoking,dentists,Upper Dentists,Lower Dentists,dent_personnel,Upper Dental Personnel,Lower Dental Personnel,gdp_usd,Upper GDP,Lower GDP,dent_exp,dent_exppc,adv_coverage,coverage
Afghanistan,,,0.047754668,0.06677223,0.033224265,0.124233752,0.150862663,0.09879339,0.34563402,0.409297187,0.289402198,0.024248644,0.029755532,0.018853864,0.070847903,0.076653202,0.065169192,0.013403111,0.016503548,0.010627812,0.099842677,0.107539341,0.092092114,0.074,0.113,0.047,0.12,0.173,0.08,565,471,694,0.0167,0.46,,
Albania,,,0.124182867,0.158566645,0.094191766,0.050126671,0.059810806,0.040927794,0.433050981,0.493792815,0.370286208,0.099534093,0.122554642,0.078967939,0.056162394,0.063105003,0.050161588,0.007239616,0.009299528,0.005737883,0.316201257,0.329558521,0.303378288,5.408,7.079,4.01,6.008,7.762,4.547,7130,6880,7357,0.0363,12.66,,
Algeria,,,0.122404768,0.160454387,0.091291981,0.081331776,0.100110708,0.063538634,0.377925546,0.448213389,0.321887245,0.049802581,0.06085922,0.03944968,0.095264723,0.102163232,0.087737823,0.020056315,0.023729028,0.016799257,0.17388416,0.184002783,0.162998103,3.082,4.39,2.051,3.115,4.435,2.078,3754,3701,3808,0.3237,7.46,Yes,70
Andorra,,,0.163095801,0.208121224,0.121755736,0.022854001,0.030428954,0.016581097,0.423269008,0.48568653,0.35415207,0.071552661,0.089599166,0.055666612,0.080133767,0.087602728,0.073231722,0.023512351,0.027271214,0.01916224,0.279813926,0.307552268,0.252313745,9.975,14.142,6.382,18.503,25.181,12.704,43899,42868,45202,0.0146,189.89,,
Angola,,,0.069634029,0.094300095,0.050103895,0.096515352,0.123153031,0.071146268,0.250167305,0.307053947,0.19804722,0.018221426,0.022660349,0.013936396,0.032917553,0.03622709,0.029881143,0.019572958,0.022314708,0.016952691,0.101913871,0.110165195,0.093851708,0.973,1.427,0.635,1.926,2.641,1.346,2250,2122,2410,0.0702,2.33,,
Antigua and Barbuda,,,0.193603235,0.231319244,0.153091029,0.05210006,0.063544026,0.041301132,0.392135618,0.453980553,0.337499943,0.056732964,0.070731924,0.044388245,0.131019283,0.142588559,0.119926786,0.080437037,0.085305288,0.073975116,0.089182121,0.099469223,0.080223242,0.781,1.197,0.49,1.974,2.782,1.372,16577,16502,16650,0.0048,51.88,,
Argentina,,,0.143492194,0.18208354,0.107108737,0.058438674,0.073817384,0.044708551,0.463833322,0.524568771,0.403281549,0.054010254,0.066426595,0.041953544,0.06792435,0.074606429,0.061941514,0.025138453,0.026632608,0.023390475,0.243252264,0.257602125,0.227552846,8.37,11.891,5.73,16.78,22.328,12.492,11428,11339,11541,1.106,24.55,Yes,100
Armenia,,,0.123804656,0.155450318,0.093015438,0.063017096,0.074976656,0.05172147,0.406208086,0.467337695,0.345941779,0.084104974,0.102742777,0.06753472,0.067930527,0.074762451,0.061610983,0.02072247,0.022643741,0.018879931,0.279252427,0.288618508,0.270051896,6.503,8.68,4.629,7.828,10.288,5.667,5341,5086,5631,0.113,38.05,,
Australia,0.0975,Direct,0.12772254,0.165011771,0.094887578,0.062031291,0.070493242,0.051981344,0.30516419,0.361310057,0.25400872,0.096779611,0.118083984,0.076169569,0.060496574,0.065322368,0.054859793,0.024983489,0.0271996,0.021647772,0.153793757,0.166550465,0.141272667,6.836,9.192,5.009,11.492,14.918,8.783,65290,59639,69493,7.3703,288.25,,
Austria,0.04,Direct,0.139690632,0.178527638,0.10537949,0.029529528,0.039167199,0.02165584,0.357473052,0.414346992,0.304885725,0.096022765,0.118691318,0.075384685,0.051772462,0.055655404,0.047696197,0.022593134,0.02470424,0.019118987,0.311283177,0.329402201,0.293582995,6.25,7.698,4.999,13.842,16.05,11.774,56611,56277,56950,2.1157,236.39,No,99
Azerbaijan,,,0.120852237,0.155934307,0.09044283,0.071329042,0.085481935,0.059461843,0.39861099,0.462896154,0.337720562,0.05643613,0.069213293,0.044352436,0.054927761,0.059556154,0.050469864,0.020270031,0.026285095,0.014639819,0.224206034,0.232598464,0.215623091,5.722,8.4,3.651,7.245,10.377,4.729,5633,5584,5687,0.1268,12.61,,
Bahamas,,,0.186453032,0.225670986,0.148530673,0.052959487,0.066657479,0.041296911,0.425400484,0.482716756,0.366276923,0.048725952,0.060687078,0.037789639,0.110014347,0.120383773,0.100650425,0.036626579,0.041144252,0.032539247,0.07175694,0.078344512,0.06565367,4.309,6.371,2.85,6.062,8.469,4.204,30857,29493,31979,0.0329,514.91,,
Bahrain,,,0.161502023,0.210312184,0.120514567,0.052112591,0.065380355,0.039995179,0.38686554,0.459382779,0.320834974,0.040088143,0.050397934,0.030629854,0.130410153,0.141469946,0.121193371,0.106483283,0.119896004,0.089968066,0.162367655,0.176948459,0.148840036,2.222,3.229,1.481,4.304,5.949,3.069,24533,22376,27847,0.0625,41.36,,
Bangladesh,,,0.191245911,0.230202007,0.150524555,0.081449855,0.099505623,0.063766089,0.323879948,0.390414049,0.269023472,0.010103418,0.012715606,0.007872329,0.068209864,0.073246782,0.063920077,0.036584498,0.041022985,0.03244669,0.230683015,0.241090632,0.221222946,0.293,0.442,0.185,0.82,1.14,0.569,2518,2414,2604,0.0125,0.08,No,1
Barbados,,,0.201539933,0.239182847,0.162721771,0.042570563,0.051691689,0.034264191,0.402648783,0.455530006,0.349580094,0.08491874,0.105552527,0.067185731,0.155262009,0.166249486,0.144057146,0.096073365,0.102366685,0.087943398,0.090869814,0.10075157,0.082559572,4.681,6.97,2.977,5.692,8.348,3.773,19743,18426,20759,0.0152,52.8,,
Belarus,,,0.163593589,0.201515003,0.125159625,0.055136669,0.066490945,0.04530518,0.354288685,0.411475301,0.29482447,0.081309506,0.098184004,0.064916525,0.044143884,0.048005662,0.039865966,0.004406947,0.004904603,0.003845011,0.357815064,0.377007514,0.339018938,8.396,11.856,6.012,12.264,16.723,8.902,7149,7076,7232,0.1371,14.47,Yes,100
Belgium,0.016,Indirect: based on revenue by practitioner specialty rather than type of treatment,0.212194665,0.248011797,0.172601686,0.030938495,0.043078332,0.021610416,0.318572328,0.373637063,0.26420547,0.099710178,0.121491908,0.077273646,0.081108607,0.089522814,0.072452832,0.013204256,0.014505563,0.011047998,0.231570262,0.243460039,0.220375399,9.296,10.957,7.818,13.612,15.68,11.691,54033,53225,55078,2.1221,185.2,Yes,99
Belize,,,0.128265197,0.161716517,0.097746328,0.081539912,0.099530745,0.065020474,0.33222448,0.38837187,0.279688135,0.036537104,0.044763959,0.028609799,0.071152652,0.078897137,0.065386229,0.066705147,0.070743594,0.062403858,0.132138851,0.143738944,0.120841724,1.623,2.458,1.029,2.448,3.548,1.63,4507,4279,4797,0.0057,14.08,Yes,95
Benin,,,0.117617644,0.146372896,0.090789536,0.115533574,0.14474035,0.08825614,0.275925949,0.334824876,0.221530651,0.01257966,0.015617419,0.009569376,0.035968461,0.039026591,0.033072679,0.015861963,0.018956792,0.013098559,0.059623379,0.064305884,0.054798327,0.022,0.032,0.014,0.109,0.147,0.079,1534,1506,1563,0.0033,0.28,No,60
Bhutan,,,0.209344403,0.247323508,0.167448681,0.052593202,0.065028696,0.038992043,0.318128211,0.385480872,0.254853348,0.014149344,0.017662866,0.01121643,0.049317124,0.053004849,0.045283609,0.040432191,0.05092013,0.029967097,0.100134272,0.10877172,0.091603488,0.549,0.814,0.358,2.225,3.047,1.61,3543,3259,3774,0,0.06,Yes,100
Bolivia (Plurinational State of),,,0.106453825,0.139002137,0.079103829,0.082989397,0.101633974,0.065031134,0.443473473,0.510366284,0.386031932,0.087089054,0.102468905,0.071990087,0.052375132,0.057229899,0.047935107,0.029747584,0.035672729,0.024818598,0.127207385,0.13792338,0.117048025,11.793,13.764,10.082,15.897,18.11,13.877,3552,3490,3634,0.0482,4.17,Yes,70
Bosnia and Herzegovina,,,0.136371567,0.172802049,0.101059138,0.048488392,0.058958838,0.03939739,0.430664331,0.486339643,0.371599071,0.113607573,0.139239175,0.090355584,0.125057072,0.134453844,0.115031744,0.043238374,0.04993548,0.036547058,0.376136302,0.396886657,0.353899745,2.463,3.674,1.605,3.909,5.586,2.724,7430,6795,7937,0.0727,20.75,,
Botswana,0.005,Direct - NGO estimates,0.039814345,0.056298919,0.027079889,0.069676639,0.087318476,0.053327537,0.275245258,0.333359446,0.221305538,0.047002677,0.059369838,0.035775954,0.036717136,0.039778969,0.033916467,0.026147985,0.031106381,0.021727709,0.218381978,0.229976453,0.206970883,0.913,1.352,0.601,1.321,1.849,0.915,8015,7778,8256,0.0574,24.15,,
Brazil,0.172,Indirect - based on case mix,0.14798142,0.176894372,0.118563393,0.059576565,0.072494911,0.046727317,0.339473836,0.393232302,0.29164414,0.105780927,0.12044023,0.090795322,0.064133793,0.071020365,0.057841762,0.036084393,0.038016916,0.032951431,0.088010954,0.093700937,0.082579709,7.726,9.838,5.85,10.264,12.853,8.005,7747,7692,7792,3.7128,17.68,Yes,80
Brunei Darussalam,,,0.100821159,0.133991574,0.074860826,0.058727369,0.072202121,0.046075969,0.195373465,0.240898718,0.157221099,0.013652038,0.017235067,0.010470732,0.142205937,0.152187348,0.13241897,0.080220103,0.088074244,0.072609792,0.175570807,0.190533759,0.161069413,4.402,6.268,2.985,7.915,10.687,5.659,49211,48368,49954,0.0091,20.35,,
Bulgaria,,,0.119710864,0.154786979,0.086995283,0.043093394,0.051633719,0.034803523,0.444555636,0.500560452,0.38153701,0.107678882,0.132053501,0.085581817,0.106434947,0.114012652,0.097559066,0.01432693,0.016047711,0.012630558,0.375070963,0.392684152,0.358279052,15.663,21.434,10.941,23.209,31.037,16.618,13283,13175,13422,0.1094,15.72,Yes,100
Burkina Faso,,,0.151701683,0.181244322,0.120818249,0.095380769,0.119810022,0.072578895,0.264082027,0.321522705,0.213820246,0.008930284,0.011051598,0.006835768,0.023822906,0.025821544,0.021881773,0.012813564,0.015258599,0.01050236,0.086803393,0.093631811,0.080326097,0.053,0.082,0.034,0.097,0.139,0.066,949,939,958,0.0046,0.23,Yes,50
Burundi,,,0.051240936,0.07246733,0.035550782,0.096995294,0.121223237,0.074018587,0.329545034,0.395876002,0.269727613,0.009923038,0.012492654,0.007517889,0.015481499,0.016739677,0.014202464,0.019188729,0.027454489,0.014219474,0.104054165,0.112235634,0.096898068,0.007,0.011,0.004,0.055,0.078,0.039,293,260,339,0.0013,0.12,No,63
Cabo Verde,,,0.260842053,0.299444029,0.222166706,0.063238585,0.081188018,0.046538737,0.332320551,0.404412979,0.272487435,0.021563489,0.026461348,0.016865893,0.065189548,0.07074032,0.059980592,0.040914371,0.045610704,0.03634094,0.406229435,0.423156061,0.388247724,0.133,0.202,0.083,0.348,0.493,0.244,3928,3832,4030,0.0034,6.12,No,
Cambodia,,,0.091638885,0.120478512,0.065318766,0.094687305,0.113642067,0.075584839,0.374518658,0.43734877,0.315388058,0.02903349,0.035819526,0.022504885,0.040550379,0.044110403,0.037394004,0.028548562,0.034864372,0.022049065,0.080620301,0.087672188,0.073872202,1.518,2.048,1.079,2.443,3.109,1.857,1812,1717,1937,0,0,,
Cameroon,0.0127,Indirect - based on case mix,0.169582864,0.201544427,0.137884896,0.107998896,0.137048307,0.083427601,0.28678723,0.346115878,0.225654391,0.012819664,0.015828984,0.009724209,0.028600648,0.031189994,0.026270991,0.021087057,0.025731895,0.016783103,0.170826845,0.186383088,0.155641362,0.423,0.624,0.282,0.787,1.077,0.56,1723,1620,1801,0.0066,0.26,,
Canada,0.0072,Direct - based on estimates,0.208782419,0.248468699,0.172606079,0.032844569,0.042529168,0.024231315,0.216679046,0.258404552,0.179574877,0.054249016,0.06639475,0.043004993,0.117987613,0.129115212,0.106839657,0.020638097,0.022428968,0.01827946,0.080350227,0.089136068,0.071835178,16.073,22.213,11.436,41.414,52.727,32.182,54795,54404,55217,12.8291,342.52,,
Central African Republic,,,0.051669785,0.074000755,0.035551528,0.085659562,0.108128367,0.0634771,0.290929176,0.351691969,0.240654063,0.026037895,0.032609876,0.01948196,0.042113267,0.045679615,0.038453621,0.016471385,0.019912295,0.013560072,0.093048619,0.100887529,0.0854403,0.07,0.108,0.044,0.199,0.278,0.144,552,549,554,0.0011,0.22,,
Chad,,,0.097117149,0.124466216,0.074232578,0.13132992,0.166684995,0.099593556,0.254431123,0.30875719,0.206287932,0.013184156,0.016448396,0.009987344,0.022535426,0.024534607,0.020644384,0.010242983,0.012101588,0.008760484,0.344110321,0.366982721,0.322192215,0.033,0.05,0.02,0.064,0.091,0.043,730,681,801,0.0034,0.26,Yes,
Chile,,,0.180777409,0.219282094,0.143266672,0.055134629,0.066919193,0.043866758,0.492254271,0.506428906,0.478405335,0.059358341,0.073086921,0.046007771,0.092339134,0.101740778,0.08413347,0.021987899,0.023675409,0.019652566,0.497344149,0.510936396,0.482873313,6.446,7.783,5.358,14.756,16.847,12.854,17075,15878,18204,0.4696,24.58,No,80
China,,,0.16155079,0.18968054,0.133804629,0.057101495,0.067371396,0.047547151,0.217569878,0.260784708,0.185060642,0.04888938,0.06003507,0.039507851,0.086035525,0.093963932,0.078794737,0.015255518,0.016479081,0.013840699,0.121858547,0.131700726,0.113199982,4.438,6.553,2.951,5.025,7.285,3.439,14214,13958,14418,61.5486,43.96,No,95
Colombia,,,0.168840481,0.206023798,0.132207231,0.048585538,0.05651427,0.040757882,0.354682789,0.42494954,0.292205665,0.057076219,0.069197009,0.045720463,0.071038104,0.07691435,0.065916862,0.020326861,0.022223341,0.018086153,0.129159602,0.138649885,0.119910123,16.552,23.947,11.197,20.157,28.913,13.936,6777,6704,6863,0.7051,14,Yes,96
Comoros,,,0.093259588,0.126864842,0.067385752,0.08837318,0.110883183,0.067899972,0.299124875,0.356682073,0.254406993,0.015925662,0.019567398,0.012239011,0.034595848,0.037399731,0.032119564,0.032006774,0.038795003,0.023660746,0.110807379,0.120203811,0.102176847,0.739,1.12,0.469,0.831,1.232,0.543,1558,1316,1870,0.0003,0.3,Yes,25
Congo,,,0.08950839,0.122880321,0.063187518,0.092678753,0.115536177,0.072798234,0.288204359,0.353130385,0.229783751,0.02493056,0.030892055,0.019059263,0.038407161,0.041867321,0.035077937,0.031792262,0.037347389,0.027555295,0.300982704,0.325666952,0.277871078,1.213,1.883,0.77,1.931,2.788,1.307,2519,2233,2942,0.0047,1.03,,
Cook Islands,,,0.045787534,0.063664751,0.032233517,0.063653828,0.076758972,0.051688435,0.401979193,0.469144082,0.342416411,0.04393538,0.055332196,0.033544678,0.257963182,0.275234984,0.23825527,0.176395497,0.190547748,0.158993697,0.11083943,0.120573901,0.102257487,6.328,8.593,4.239,11.071,14.689,7.859,21306,20235,22365,NA,NA,,
Costa Rica,,,0.173400146,0.210940101,0.13785086,0.055301581,0.069015186,0.042072402,0.391270246,0.450423778,0.333911252,0.06266714,0.07639534,0.049873962,0.090017959,0.098090427,0.083388681,0.033698039,0.037520218,0.029547544,0.391240328,0.40999071,0.371895014,3.076,4.386,2.106,4.419,6.086,3.221,13217,12784,13616,0.1617,31.84,Yes,94
Côte d'Ivoire,,,0.137244415,0.16947755,0.106502012,0.10575571,0.132502654,0.079209937,0.280570964,0.340734334,0.225728178,0.017529065,0.021956437,0.013186411,0.032089454,0.034708099,0.029271114,0.018730338,0.022253112,0.015233672,0.062462503,0.06962516,0.056222514,0.293,0.438,0.185,0.363,0.53,0.242,2882,2773,2968,0.0066,0.25,Yes,49
Croatia,,,0.193569624,0.233731343,0.157354098,0.042978875,0.052119272,0.034944606,0.452250665,0.510357334,0.386735076,0.106926586,0.132287402,0.084197689,0.098060911,0.107865679,0.088974309,0.025029583,0.027887122,0.021746936,0.2352353,0.252670869,0.218533008,10.122,12.394,7.965,14.277,17.002,11.727,18882,17945,19967,0.1494,36.8,Yes,100
Cuba,,,0.194944433,0.238232129,0.154804302,0.041225685,0.050554839,0.032488339,0.403125341,0.459361801,0.346819566,0.093107681,0.115733959,0.073480574,0.09666144,0.105268441,0.088487215,0.012419966,0.013654705,0.011190129,0.329135784,0.346889108,0.309538699,20.879,28.083,14.814,34.388,45.256,25.126,11135,10107,12049,0.3044,26.85,Yes,100
Cyprus,,,0.125191106,0.165448863,0.091110708,0.033192332,0.043702297,0.0244172,0.418261173,0.478739684,0.355807885,0.067941635,0.084094007,0.05308812,0.09116749,0.099054844,0.084356992,0.056437576,0.064056316,0.049214306,0.340696617,0.355851462,0.324909211,8.127,10.415,6.167,11.742,14.343,9.417,29649,21515,35794,0.0126,14.41,No,99
Czechia,,,0.159577825,0.198669313,0.123563217,0.049723263,0.059612557,0.040455952,0.411499172,0.4667406,0.349982164,0.110493326,0.134768027,0.087808145,0.101917096,0.110618152,0.092781991,0.031732377,0.036364051,0.027273531,0.13110962,0.142490741,0.121271169,9.136,11.466,7.263,12.902,15.638,10.646,28860,28609,29123,0.8438,79.32,Yes,100
Democratic People's Republic of Korea,,,0.088389745,0.121509642,0.060653366,0.049768477,0.062863292,0.037929305,0.15573674,0.19761757,0.12202455,0.041796182,0.052490021,0.032242775,0.070279431,0.077278315,0.064355165,0.019005635,0.022218718,0.016355113,0.435506592,0.456492517,0.413258272,1.179,1.746,0.764,1.575,2.229,1.058,684,589,766,0.0895,3.5,,
Democratic Republic of the Congo,,,0.052640833,0.073989466,0.036146569,0.087860012,0.111295378,0.064781551,0.288517634,0.351239066,0.237208512,0.025647389,0.031792207,0.019468873,0.027156968,0.029624657,0.024795252,0.02245485,0.026862274,0.018832979,0.114043812,0.123415612,0.105566722,0.292,0.411,0.197,0.861,1.123,0.625,666,639,688,0.0229,0.23,No,3
Denmark,0.0559,Direct,0.282403544,0.31856846,0.246921148,0.018896517,0.027483124,0.011864343,0.244345215,0.289921681,0.196638727,0.081856126,0.100284739,0.06313273,0.068015894,0.074556453,0.062454123,0.024579835,0.026655908,0.021582202,0.22619135,0.238497773,0.214388026,11.923,15.468,9.055,20.507,25.585,16.118,71431,70633,72335,1.8676,321.67,,
Djibouti,,,0.098493809,0.137936559,0.067724655,0.069857052,0.087835002,0.05162267,0.291277002,0.350312064,0.24297065,0.01126462,0.014036385,0.008502126,0.021086108,0.023006384,0.019389762,0.025360726,0.030891456,0.021043,0.248209361,0.264395249,0.234034061,0.272,0.414,0.17,0.36,0.526,0.237,3990,3907,4072,0.0008,0.76,,
Dominica,,,0.171369114,0.210186309,0.13520055,0.055299679,0.06813736,0.043531031,0.400277326,0.457071154,0.340240618,0.063429865,0.077998172,0.049772514,0.139071788,0.151456327,0.126845014,0.077369318,0.091915591,0.063276568,0.10808578,0.119359099,0.096610107,0.735,1.076,0.468,1.927,2.639,1.352,8651,8291,9006,0.0019,26.92,,
Dominican Republic,,,0.149722411,0.183503423,0.117002995,0.07798065,0.094695858,0.061813711,0.375988645,0.436120971,0.327846961,0.050706942,0.062219582,0.04003528,0.088394038,0.09637634,0.080574653,0.039218261,0.047907761,0.032064441,0.114747855,0.12523945,0.105148314,10.357,14.704,6.927,10.781,15.269,7.224,9830,9351,10368,0.0823,7.94,Yes,75
Ecuador,,,0.122100805,0.153321884,0.09255137,0.080557915,0.087219061,0.074058293,0.448624871,0.516105836,0.385961608,0.078458412,0.094390612,0.063046459,0.070771216,0.075689271,0.065601526,0.03622581,0.041047291,0.031811019,0.146857022,0.155124043,0.139414236,6.666,8.323,5.305,8.09,9.808,6.615,6231,6118,6362,0.1257,7.28,Yes,100
Egypt,,,0.099415103,0.131674138,0.072444577,0.093643655,0.116212361,0.073937036,0.31011731,0.378100154,0.254870701,0.037863711,0.047095193,0.029287071,0.063198697,0.069489976,0.057609216,0.038926091,0.043608295,0.034225774,0.231077938,0.237993637,0.224373522,1.988,2.413,1.641,2.326,2.806,1.937,4064,3665,4502,0.3293,3.32,,
El Salvador,,,0.13352968,0.165990883,0.102670546,0.075330802,0.095030549,0.057430478,0.377167544,0.439710492,0.320126558,0.056692068,0.068440136,0.044973101,0.066512339,0.07291762,0.06083442,0.05121686,0.057469024,0.045004995,0.098897441,0.10693878,0.0906327,3.48,4.461,2.679,5.12,6.255,4.13,4593,4554,4620,0.0628,9.37,Yes,100
Equatorial Guinea,,,0.089565068,0.118704133,0.065366545,0.075124223,0.096712601,0.054150425,0.263806592,0.325923001,0.212173865,0.016526769,0.020971542,0.012491913,0.034030731,0.0370689,0.031017671,0.027048345,0.033119669,0.021386034,0.149462872,0.162189754,0.13618241,0.575,0.858,0.366,1.245,1.751,0.854,7692,7226,8138,0.0057,4.19,,
Eritrea,,,0.070469526,0.101186081,0.049062939,0.08272866,0.104439979,0.06309871,0.392442646,0.462712824,0.332629049,0.010285263,0.012865991,0.007654452,0.02515283,0.027485771,0.023051152,0.024736405,0.030613956,0.019984676,0.065196726,0.07248074,0.058741835,0.101,0.149,0.064,0.202,0.283,0.138,655,611,698,0.0024,0.39,No,80
Estonia,,,0.175017846,0.212979126,0.139507789,0.051729179,0.063699081,0.041635743,0.221680496,0.268555922,0.174364471,0.092076043,0.112618365,0.073606032,0.075249135,0.082407535,0.068157803,0.016611504,0.018843154,0.014468065,0.316768507,0.330870317,0.302290616,7.233,9.316,5.53,12.084,14.747,9.752,29435,28846,29995,0.149,113,,
Eswatini,,,0.045753308,0.062467538,0.031947331,0.098033842,0.119010305,0.075745284,0.267721014,0.328000298,0.216621418,0.032048099,0.041378451,0.024084492,0.03831324,0.041479694,0.035454513,0.033479167,0.041141056,0.027415534,0.086182105,0.094767819,0.078553408,0.127,0.191,0.081,0.205,0.297,0.136,4169,3943,4346,0.0138,12.18,Yes,70
Ethiopia,,,0.118203021,0.145173469,0.09005251,0.118262867,0.14154556,0.096147203,0.256770582,0.295248909,0.225591064,0.009196475,0.011177167,0.007183932,0.018834023,0.020643449,0.017032479,0.019695577,0.022456563,0.01725569,0.058853834,0.063423007,0.054457267,0.152,0.231,0.094,0.28,0.393,0.191,981,835,1178,0.0001,0,No,66
Fiji,,,0.02560195,0.035419509,0.017947862,0.092900713,0.111094085,0.075285942,0.400839975,0.471281883,0.341173303,0.02461008,0.0311974,0.018689986,0.155688623,0.166452202,0.143870066,0.193710699,0.226137892,0.15282305,0.425202325,0.453927057,0.399737246,1.2,1.748,0.773,2.349,3.24,1.623,5763,5298,6379,0.0069,7.7,,
Finland,,,0.197489751,0.236643518,0.160631157,0.031172068,0.040753069,0.023122419,0.271517128,0.320149196,0.224446394,0.105782978,0.131414536,0.083436118,0.118629321,0.128555193,0.109731429,0.010582614,0.011574623,0.009078209,0.214896432,0.226867396,0.203629249,6.058,7.562,4.741,10.053,12.121,8.327,56862,56237,57698,0.5937,107.59,,
France,,,0.109192954,0.142042585,0.08160428,0.030571019,0.042064387,0.020309085,0.474381421,0.53021054,0.419026886,0.079462698,0.09911549,0.06207586,0.059742864,0.065028131,0.054420375,0.020184172,0.021961872,0.016898227,0.340201985,0.356080664,0.32579559,5.659,6.952,4.552,8.979,10.865,7.382,46355,45368,47548,12.666,195.39,,
Gabon,,,0.107100573,0.139340245,0.077406115,0.068837761,0.087769345,0.050373232,0.273763509,0.333445901,0.224632513,0.023037715,0.028295424,0.017665607,0.048805779,0.053319664,0.044936796,0.043838104,0.053912399,0.035137066,0.123540099,0.133584724,0.11403764,0.282,0.418,0.184,0.344,0.495,0.233,9025,8435,9776,0.0077,3.69,Yes,100
Gambia,,,0.185274722,0.214579492,0.154692975,0.10650285,0.134122335,0.081703396,0.293912013,0.353720962,0.23905844,0.013637296,0.01676693,0.010384321,0.029596372,0.032288267,0.027159007,0.021622166,0.026262652,0.017390202,0.122004513,0.130868345,0.113507665,0.102,0.156,0.065,0.189,0.272,0.131,887,869,904,0,0.02,No,10
Georgia,,,0.133072025,0.166171216,0.102568115,0.074481101,0.085190495,0.061590879,0.397826558,0.455908995,0.337750833,0.095359865,0.116686869,0.076475641,0.084744129,0.092552095,0.078055371,0.017912467,0.020184179,0.015408589,0.518083109,0.536249137,0.499516075,12.999,16.081,10.295,14.523,17.896,11.643,5731,5248,6148,0.0116,3.13,,
Germany,0.085,Direct,0.243631508,0.283958572,0.204581193,0.019938353,0.025751165,0.015857588,0.320000109,0.373058406,0.267560551,0.091892131,0.114221074,0.071168788,0.085364596,0.093881592,0.07872121,0.021275759,0.023303907,0.017997938,0.299014205,0.314463362,0.284105459,13.162,15.447,11.163,23.179,26.318,20.297,54104,53624,54751,30.8773,372.15,Yes,90
Ghana,0.062,Indirect - based on case mix,0.19581535,0.229620847,0.161165324,0.095505178,0.119860222,0.073362156,0.256274486,0.31228409,0.20530574,0.014552516,0.018059644,0.011040446,0.035108196,0.038044134,0.031947714,0.027201144,0.031038219,0.023304605,0.059575463,0.065641559,0.054050631,0.149,0.213,0.101,0.382,0.507,0.285,2402,1796,2879,0.0008,0.03,Yes,53
Greece,,,0.142300959,0.185859432,0.107545887,0.016594144,0.020982671,0.012651351,0.4651065,0.522725657,0.406330603,0.114315822,0.142448166,0.090185189,0.089951181,0.097780075,0.082033831,0.012253676,0.013347349,0.010711538,0.441373778,0.460753791,0.422687041,7.582,9.162,6.193,9.628,11.484,8.02,22519,21582,23817,0.8265,77.14,,
Grenada,,,0.171172656,0.209594677,0.134672113,0.059842021,0.073834801,0.047452104,0.396354967,0.454410571,0.344517552,0.054700131,0.06818096,0.04218743,0.134859559,0.147197885,0.122495235,0.077173068,0.087036446,0.061962088,0.117229283,0.128667115,0.105667541,1.903,2.905,1.211,2.985,4.266,2.048,10783,10715,10834,0.0035,32.04,,
Guatemala,,,0.115282222,0.145816083,0.087381212,0.082871979,0.104121202,0.062414316,0.366757542,0.431038859,0.307414143,0.042675464,0.051823429,0.034125834,0.075343999,0.081420801,0.069643987,0.060366015,0.066256039,0.055411476,0.119411491,0.128557022,0.110960529,4.919,7.366,3.156,7.06,10.008,4.795,4952,4636,5304,0.1624,9.22,,
Guinea,,,0.153533305,0.183357876,0.12164789,0.115579716,0.144662041,0.08710496,0.278209954,0.339770603,0.228872374,0.013293724,0.016402307,0.010133661,0.0244778,0.026488428,0.022619492,0.016393029,0.019100381,0.013605019,0.146975018,0.160075712,0.134833477,0.069,0.103,0.043,0.172,0.242,0.119,1522,1272,1762,0.0032,0.23,,
Guinea-Bissau,,,0.115099041,0.146874034,0.086880372,0.112922186,0.141914764,0.08569755,0.345720963,0.408162592,0.292118646,0.012750545,0.015846679,0.009584799,0.031835793,0.034671033,0.029361904,0.018210514,0.021208994,0.015206804,0.045308009,0.050700861,0.04018293,0.061,0.093,0.039,0.117,0.164,0.08,842,737,980,0.0005,0.25,,
Guyana,,,0.137486205,0.172248412,0.105100873,0.082089977,0.099801299,0.065661404,0.379118676,0.440076789,0.324183819,0.043149824,0.054274099,0.033360787,0.148748444,0.160535452,0.13773783,0.06042628,0.073125365,0.045136991,0.143704293,0.15432145,0.134208563,0.686,1.042,0.451,1.231,1.754,0.865,21261,18148,26120,0.0113,14.38,Yes,82
Haiti,,,0.091544112,0.127365208,0.0650495,0.091038631,0.110600993,0.072478413,0.340186323,0.396919552,0.288625422,0.033776455,0.04159708,0.026264726,0.07832165,0.086158618,0.071486134,0.039889956,0.052003162,0.030157923,0.061654298,0.067487484,0.056284099,0.212,0.315,0.135,0.268,0.389,0.179,1799,1730,1855,0.0263,2.34,,
Honduras,,,0.106549354,0.139880045,0.079320391,0.085025494,0.107377339,0.065196432,0.369273067,0.435171102,0.309807969,0.038711517,0.047248985,0.031079543,0.064757288,0.070990229,0.059385385,0.023953577,0.029566253,0.019334524,0.140846597,0.152275004,0.130943938,1.602,2.371,1.056,2.36,3.329,1.65,2936,2861,2995,0.052,5.42,Yes,80
Hungary,,,0.075622048,0.102317297,0.054554063,0.044997751,0.053778415,0.036632392,0.3843822,0.444295599,0.323354488,0.114782657,0.139930729,0.09159957,0.096547309,0.106898258,0.087563731,0.018024708,0.01985071,0.016040575,0.341875823,0.361144559,0.320475432,7.675,9.578,5.956,13.814,16.463,11.285,21448,21015,21819,0.3639,37.29,,
Iceland,,,0.127828229,0.161957375,0.096006529,0.038792539,0.051593361,0.028549153,0.386628925,0.442645364,0.333614991,0.070096283,0.087696719,0.054546265,0.068517099,0.074743989,0.062964541,0.012045151,0.013126166,0.010395916,0.157833,0.171299875,0.146594138,12.946,15.937,10.285,16.084,19.408,13.087,74138,68599,81951,0.1455,407.54,Yes,100
India,,,0.171698575,0.198305934,0.143227292,0.06775953,0.079082743,0.056409009,0.329824222,0.380502134,0.288522766,0.025893594,0.030723245,0.021738081,0.056093022,0.061556825,0.050521723,0.028200192,0.030601815,0.025549607,0.131761963,0.138661459,0.124662437,0.48,0.679,0.331,0.811,1.087,0.605,2742,2734,2752,0.0645,0.05,No,30
Indonesia,,,0.152031124,0.187965489,0.114666225,0.079009585,0.093950847,0.06505519,0.333040558,0.388739654,0.284826973,0.035450267,0.041786516,0.029717347,0.045041831,0.049685905,0.04072017,0.028295047,0.032611056,0.023624632,0.583269087,0.595732375,0.569809949,1.725,2.52,1.084,2.474,3.482,1.666,4915,4810,5058,0.2666,1,Yes,84
Iran (Islamic Republic of),,,0.145084158,0.17545789,0.114228559,0.076280691,0.090516986,0.064037723,0.340379603,0.38946932,0.294944898,0.054647023,0.066376683,0.04417575,0.071552642,0.078900432,0.064468003,0.025425815,0.027751739,0.02259966,0.149466819,0.15920829,0.139343901,3.497,4.624,2.667,4.129,5.416,3.149,17471,17014,17942,3.5071,42.12,Yes,95
Iraq,,,0.103330695,0.137478065,0.075655133,0.083527011,0.102623989,0.064721794,0.367862929,0.434970777,0.306547221,0.035501853,0.043622699,0.027878432,0.116917483,0.126880202,0.107905432,0.041668762,0.048028129,0.035564987,0.208520489,0.219786821,0.196887565,2.02,2.718,1.443,2.251,3.017,1.632,5529,5223,5774,0,0,,
Ireland,0.0131,Indirect: based on case mix,0.078346744,0.105045312,0.056326021,0.044887132,0.058484684,0.033288714,0.403206486,0.467156817,0.341701412,0.084711491,0.10501794,0.066023052,0.062668489,0.068284767,0.05696986,0.013266704,0.014718144,0.011338545,0.219196216,0.235983601,0.202491622,5.219,6.691,4.131,9.926,11.98,8.192,107949,102514,112099,0.5148,104,,100
Israel,,,0.10027213,0.129983927,0.074930876,0.080582141,0.096415275,0.063713967,0.425562522,0.48291617,0.370221041,0.057653762,0.070550304,0.044563376,0.066783168,0.072114138,0.061112707,0.048658409,0.052961871,0.041190795,0.264071533,0.283253638,0.246032589,9.266,12.057,6.953,14.056,17.621,10.981,56287,53488,60262,1.8272,201.81,,
Italy,0.258,Indirect: based on proportion of patients receiving specific treatments,0.158021673,0.197863435,0.121096882,0.023410611,0.028373442,0.018359353,0.351461777,0.402159947,0.297518124,0.095032657,0.118464192,0.074129081,0.088882035,0.100164478,0.079515337,0.027448888,0.030073383,0.022809418,0.273495861,0.288363398,0.258459475,10.066,12.285,8.165,13.043,15.699,10.785,37700,37168,38355,19.123,316.82,No,99
Jamaica,,,0.15671257,0.195495376,0.120424359,0.057743991,0.072020885,0.04543053,0.403636805,0.462186608,0.347304073,0.058085279,0.071046195,0.045439029,0.088924682,0.096207717,0.082052731,0.089873378,0.100898371,0.079629188,0.133840809,0.144483346,0.123903674,0.471,0.72,0.296,1.39,1.913,0.963,5676,5319,6058,0.0449,15.62,Yes,95
Japan,0.1319,Indirect - based on case mix,0.165001323,0.200216094,0.129457471,0.025432284,0.030284659,0.020558831,0.107092633,0.121698912,0.093835368,0.08267832,0.099083216,0.067596441,0.122038842,0.135480042,0.110353052,0.007094236,0.007830497,0.005768683,0.334431986,0.355237717,0.314334266,9.342,12.336,6.95,22.281,27.615,17.714,41854,41067,42461,28.7336,227.7,,
Jordan,,,0.105065215,0.139666124,0.076000255,0.077331827,0.097322682,0.058270052,0.386696031,0.456932347,0.325814968,0.04073818,0.050423165,0.031814614,0.105975323,0.114294017,0.09856325,0.048912865,0.05651442,0.042094604,0.34300618,0.355153371,0.33177705,4.245,5.352,3.331,5.281,6.593,4.182,4781,4688,4859,0.0747,7.42,,
Kazakhstan,,,0.114274344,0.14816687,0.084856182,0.093093871,0.111184413,0.07694301,0.370271067,0.431426823,0.312659882,0.061669864,0.074869709,0.048941311,0.067045978,0.07159776,0.062554661,0.008338399,0.009701982,0.007025679,0.432041001,0.450270002,0.413110358,6.252,8.917,4.137,7.975,11.117,5.418,10770,10713,10835,0.061,3.27,,
Kenya,,,0.132049479,0.161207584,0.103502143,0.096411268,0.115602127,0.078448419,0.24571743,0.287398643,0.211720654,0.01084306,0.013369641,0.008294415,0.012228084,0.013304564,0.011133496,0.020093068,0.023362759,0.017256605,0.106844397,0.114254519,0.099540024,0.421,0.639,0.266,0.522,0.774,0.346,2261,2078,2490,0,0,,17
Kiribati,,,0.01457578,0.020910309,0.010002132,0.110918357,0.132829299,0.09179022,0.405688148,0.477322916,0.347705027,0.019232047,0.023989833,0.01468387,0.111930775,0.120830494,0.103130479,0.121534325,0.148138363,0.104833573,0.638269727,0.65908379,0.617056291,0.647,0.956,0.413,1.215,1.723,0.828,1721,1718,1724,0.0003,2.61,,
Kuwait,,,0.181791346,0.23477209,0.138902217,0.048330296,0.060385337,0.037224646,0.390905948,0.471477666,0.312916198,0.040147663,0.050028267,0.031060702,0.146802939,0.160909409,0.133705627,0.046834705,0.052411887,0.040488941,0.202987892,0.215856776,0.189547756,8.652,12.311,5.827,11.535,16.066,8.007,33392,29970,36096,0.2182,46.41,Yes,
Kyrgyzstan,,,0.074230733,0.098925786,0.053756915,0.112219163,0.132488268,0.094050724,0.385474614,0.449650546,0.328322944,0.047359142,0.057972592,0.03759362,0.035343881,0.03911643,0.03207016,0.010032024,0.011091626,0.009060211,0.435879457,0.455321078,0.417420607,2.13,3.153,1.361,3.254,4.711,2.202,1319,1285,1345,0.0039,0.6,No,75
Lao People's Democratic Republic,,,0.047555997,0.064327349,0.032578904,0.099852637,0.119502933,0.08054668,0.30480231,0.372772507,0.245794786,0.015921082,0.019667622,0.012389489,0.044445436,0.047978148,0.040914694,0.030152361,0.034858754,0.025482651,0.491010101,0.512371548,0.468485574,1.747,2.607,1.129,2.218,3.22,1.483,2751,2635,2894,0.0045,0.63,Yes,94
Latvia,,,0.181663999,0.220546651,0.141912238,0.046737333,0.057753327,0.03615572,0.340291591,0.394727052,0.284014222,0.084805454,0.104150906,0.067805543,0.076368111,0.084055918,0.069757293,0.016420955,0.018176153,0.014401473,0.469496753,0.486559652,0.451839825,12.232,15.272,9.868,17.657,21.207,14.763,22812,21881,24196,0.112,58.08,Yes,100
Lebanon,,,0.133994008,0.175134241,0.100713496,0.058536607,0.071843161,0.045866783,0.394833724,0.460173309,0.332814987,0.062260589,0.075556202,0.049883498,0.124638398,0.134003196,0.115700135,0.038216104,0.045118018,0.028252418,0.358351306,0.378347822,0.338576444,11.379,15.606,7.88,11.855,16.237,8.237,4243,3809,4562,0.1049,17.29,No,50
Lesotho,,,0.038225142,0.051221223,0.026290003,0.067065638,0.086701039,0.048459548,0.288643944,0.355154518,0.233842763,0.051008457,0.064965215,0.03851777,0.033367321,0.036090474,0.030850522,0.025258192,0.030776784,0.020547608,0.212142723,0.222549964,0.202219655,0.068,0.105,0.042,0.161,0.235,0.109,1251,1173,1367,0.0093,4.56,,
Liberia,,,0.161944043,0.196795297,0.126094443,0.101339683,0.128659674,0.076963757,0.305061363,0.365715562,0.24605772,0.014965383,0.018488103,0.01124838,0.03374682,0.037163172,0.030580735,0.020152378,0.025036567,0.015383344,0.082646517,0.089965151,0.075734784,0.056,0.086,0.036,0.143,0.198,0.101,686,478,865,0.0007,0.16,Yes,90
Libya,,,0.125244405,0.167669705,0.091368664,0.051743587,0.064035096,0.040355258,0.40796635,0.477866081,0.338514511,0.049745165,0.060814868,0.038689078,0.10143898,0.111039475,0.092678223,0.025110154,0.03023818,0.018913846,0.206812717,0.219269927,0.194100003,4.761,6.459,3.433,5.032,6.808,3.646,7708,4697,10330,0.0615,9.34,,
Lithuania,,,0.182891148,0.22109792,0.145747564,0.05205644,0.061521356,0.042300616,0.390316065,0.446329163,0.332948797,0.079096471,0.097091586,0.063049737,0.063759013,0.069407789,0.058493456,0.012019037,0.013410424,0.01055428,0.379139779,0.398042922,0.361009685,16.303,19.725,13.208,27.259,32.101,22.938,25990,24799,27598,0.199,71.47,,
Luxembourg,,,0.147812094,0.187397599,0.109947098,0.031520806,0.04176065,0.023053816,0.405337811,0.464012879,0.34529668,0.070311018,0.087129657,0.055002064,0.071341278,0.078028168,0.065245986,0.016019009,0.017590665,0.014154162,0.261927524,0.27973805,0.244967051,8.805,11.138,6.811,12.723,15.588,10.27,139882,138169,141224,0.212,345.35,,
Madagascar,,,0.02558424,0.03636415,0.01776777,0.094915771,0.117602728,0.073738021,0.415519783,0.479516414,0.356939903,0.009602112,0.012046949,0.007140225,0.015437058,0.016862229,0.014158929,0.016101806,0.0199126,0.013176892,0.136059363,0.146437657,0.125463405,0.246,0.365,0.156,0.441,0.62,0.302,527,514,543,0.0042,0.15,,
Malawi,,,0.055898002,0.079747412,0.039533976,0.114151578,0.143267857,0.089291579,0.33401567,0.399608693,0.278592559,0.009952787,0.012406138,0.007525548,0.011251752,0.012108623,0.010481576,0.018276113,0.020568124,0.016040406,0.128594986,0.136431763,0.120885209,0.059,0.09,0.037,0.253,0.354,0.173,567,401,722,0.0025,0.12,No,
Malaysia,,,0.081986542,0.107772313,0.060705776,0.071624148,0.086222262,0.05692227,0.27040926,0.334114702,0.219350975,0.045276908,0.055165024,0.035826958,0.072476907,0.07833703,0.06731848,0.023202451,0.026494707,0.020301856,0.402584768,0.422833319,0.381197075,3.282,4.614,2.245,4.769,6.469,3.373,12659,12413,12937,0.2268,6.91,Yes,100
Maldives,,,0.076660173,0.106439204,0.054438277,0.058924792,0.07133153,0.047114367,0.348577586,0.422643244,0.281968439,0.022343715,0.027219066,0.017522726,0.044217377,0.048640433,0.040479066,0.034160926,0.03875218,0.029268625,0.465260392,0.489499634,0.438126655,3.653,5.307,2.437,4.756,6.682,3.241,13466,11435,16388,0.0006,1.7,Yes,100
Mali,,,0.141789558,0.16934454,0.110986948,0.122741221,0.154637917,0.093287676,0.264638255,0.324119734,0.217306026,0.008839413,0.010900173,0.006764491,0.044075449,0.048116474,0.040241293,0.013513504,0.016092934,0.011022802,0.122067979,0.130390594,0.113732784,0.081,0.121,0.051,0.115,0.165,0.078,1063,867,1386,0.0013,0.07,No,
Malta,,,0.1446043,0.18353398,0.110957993,0.029936306,0.039126715,0.022342213,0.424292439,0.483733603,0.365482859,0.074753958,0.092988212,0.058148445,0.12302035,0.133434368,0.112145362,0.037187021,0.041015711,0.032101319,0.268851581,0.287564854,0.249371342,5.403,7.508,3.727,8.439,11.436,5.954,37846,33676,42988,0.0444,91.64,Yes,100
Marshall Islands,,,0.01776584,0.024851355,0.012270705,0.096634509,0.117245373,0.079263724,0.41019808,0.486843194,0.349968274,0.019012093,0.024127814,0.014604392,0.191276133,0.209510091,0.176001825,0.118187232,0.163052576,0.089471136,0.349619157,0.375208126,0.322939177,1.047,1.559,0.652,2.957,4.11,2.035,4512,4275,4825,0.0003,5.84,,
Mauritania,,,0.134426292,0.16471494,0.105834471,0.108665015,0.135854342,0.081377227,0.285696745,0.346287834,0.231208872,0.018647797,0.02291605,0.014418256,0.021288668,0.022563407,0.019945341,0.027994307,0.034015965,0.022228492,0.183054961,0.197769922,0.167959108,0.295,0.438,0.193,0.324,0.475,0.215,2139,1824,2538,0.0017,0.43,No,30
Mauritius,0.1042,Indirect: case mix,0.106261183,0.137353129,0.077581036,0.039421308,0.047751406,0.031022941,0.343370308,0.401401354,0.287771408,0.074773608,0.092004615,0.058635574,0.162301527,0.173718527,0.150536111,0.1459462,0.15832798,0.133824792,0.23119991,0.243372099,0.220406608,4.918,6.75,3.449,6.766,9.208,4.86,10200,10131,10268,0.0168,13.26,Yes,100
Mexico,,,0.161906372,0.187936058,0.135240415,0.066935535,0.079846707,0.055017891,0.256518847,0.303993141,0.214949432,0.065855765,0.080482779,0.053459089,0.098425114,0.107907317,0.089648264,0.075470357,0.084063665,0.067252447,0.269693362,0.282281194,0.256558827,3.817,5.25,2.649,8.95,11.394,6.739,10332,10154,10475,2.103,16.7,Yes,51
Micronesia (Federated States of),,,0.01826097,0.025973175,0.012652791,0.091558822,0.110118763,0.074597255,0.412498474,0.486421844,0.355480816,0.022303592,0.028170603,0.017155805,0.124968705,0.13483697,0.115998312,0.096605928,0.113882415,0.085596132,0.622407451,0.648166359,0.596622606,1.967,2.944,1.258,3.67,5.182,2.557,3776,3472,4177,0.0005,5.3,Yes,65
Monaco,,,0.201355806,0.242991833,0.160189042,0.026130441,0.034299831,0.019144553,0.389932857,0.45385524,0.33032526,0.093050258,0.117264736,0.072325605,0.080866529,0.088863336,0.073793287,0.00723848,0.008469789,0.005969275,0.262588243,0.292803529,0.233887602,8.35,11.661,5.791,12.702,17.494,9.184,214586,180447,244379,0.0338,867.22,,
Mongolia,,,0.093132479,0.125671981,0.067178962,0.110506953,0.130993235,0.090690055,0.371150075,0.435925236,0.308924386,0.042145228,0.051411934,0.032998831,0.03654432,0.039682925,0.033517232,0.009971158,0.012372211,0.007882982,0.517108043,0.538994746,0.495908801,3.532,4.546,2.689,3.928,4.995,3.047,5067,4794,5347,0.0352,10.65,Yes,95
Montenegro,,,0.132070429,0.167493179,0.099923029,0.05478604,0.0652495,0.044461917,0.44338014,0.502696197,0.383883804,0.093956307,0.115286756,0.07502695,0.093057477,0.102088942,0.08402772,0.018128018,0.021321636,0.015120822,0.374900942,0.392649133,0.357160544,6.894,10.421,4.439,8.273,12.036,5.486,10415,10201,10687,0.0057,9.18,,
Morocco,,,0.153664719,0.189058493,0.120487518,0.067419451,0.084692749,0.053413083,0.208167836,0.249162853,0.172901231,0.06278805,0.07700263,0.049679739,0.142737241,0.155140102,0.130384499,0.026477428,0.030827373,0.021469975,0.117218948,0.125400991,0.109103151,1.311,1.869,0.885,1.465,2.066,1.002,3822,3679,3960,0.0821,2.31,No,60
Mozambique,,,0.053533234,0.074338225,0.038586279,0.100345294,0.127246914,0.074955521,0.320080173,0.384663103,0.263026071,0.008836224,0.011053667,0.006707264,0.016676519,0.018193304,0.015242145,0.016698311,0.019967455,0.013410219,0.140681196,0.153101013,0.1288922,0.095,0.138,0.064,0.157,0.213,0.111,540,537,543,0.0049,0.16,No,60
Myanmar,,,0.066388816,0.088324972,0.047571669,0.072820144,0.092741286,0.057092319,0.249751316,0.303630062,0.200608575,0.020845255,0.025749399,0.016134691,0.073934199,0.079455083,0.06833362,0.049860953,0.057515211,0.040996415,0.410471124,0.428050944,0.391625378,1.951,2.881,1.238,2.218,3.218,1.453,1226,1078,1343,0.0004,0.01,No,97
Namibia,,,0.050393499,0.067827115,0.034579082,0.065559508,0.08506538,0.047311441,0.305786376,0.372515852,0.248750763,0.054758707,0.070296883,0.041129226,0.028648965,0.031355018,0.026136161,0.031937782,0.037285849,0.027000661,0.166926941,0.179706879,0.154903896,1.049,1.549,0.693,1.347,1.909,0.921,5026,4975,5088,0.0028,1.13,No,90
Nauru,,,0.019108625,0.027440495,0.012929734,0.114799614,0.137455476,0.092507894,0.376792173,0.447403978,0.312264835,0.025355509,0.031355702,0.020488248,0.115847666,0.124888483,0.108050701,0.0844605,0.095081837,0.074795857,0.416328305,0.44167595,0.392436646,1.57,2.289,1.034,3.883,5.293,2.741,14208,8246,23019,0.0002,14.8,,
Nepal,,,0.116549513,0.154232996,0.084225768,0.081738954,0.092588493,0.068525827,0.293402835,0.356542549,0.241874922,0.00962926,0.012182475,0.007482397,0.064587076,0.069503515,0.059725064,0.025896873,0.03124179,0.021032407,0.217723567,0.231091746,0.205917419,0.562,0.857,0.356,0.967,1.407,0.651,1245,1146,1324,0.0891,3.13,Yes,12
Netherlands,,,0.133248526,0.172248964,0.099877753,0.030004423,0.035255227,0.024897442,0.250521949,0.29733498,0.20734022,0.123598236,0.151177191,0.097922858,0.070282821,0.076839077,0.063987284,0.018888235,0.020712052,0.016076619,0.249827807,0.264423354,0.235881578,7.428,9.289,5.884,17.174,20.263,14.572,61759,61397,62095,3.6785,213.48,,
New Zealand,,,0.17274434,0.210092955,0.137305602,0.02476103,0.03584846,0.015273679,0.271562454,0.3204428,0.224647571,0.104142747,0.129122359,0.080765355,0.067229949,0.070244308,0.064206014,0.019073098,0.020513447,0.016769195,0.184071964,0.194208361,0.174525623,13.366,18.309,9.586,27.351,35.832,20.457,51938,48705,56739,0.5353,106.27,,
Nicaragua,,,0.120903302,0.154957646,0.091087227,0.068801074,0.086035437,0.052532761,0.37980584,0.439959313,0.321292684,0.045389556,0.055045072,0.036355131,0.07096865,0.077365499,0.065349454,0.036853705,0.041988823,0.032403422,0.215249099,0.237128345,0.195024586,1.758,2.58,1.156,3.393,4.623,2.399,2222,2118,2325,0.0314,4.81,Yes,75
Niger,,,0.040668402,0.057450389,0.028946621,0.142498608,0.177583896,0.108579234,0.275571629,0.330336752,0.227032313,0.011532016,0.014219943,0.00875116,0.022075447,0.024071679,0.020105062,0.0093496,0.011700963,0.007451256,0.076941904,0.084115336,0.07012524,0.024,0.037,0.015,0.046,0.066,0.032,695,657,747,0,0,,
Nigeria,0.174,Indirect - based on case mix,0.032773023,0.04635461,0.022901407,0.10760688,0.127039133,0.088905166,0.17508606,0.204837497,0.151259332,0.009583698,0.011257289,0.008039386,0.019501743,0.021294649,0.017707554,0.015796922,0.018908742,0.012959137,0.040821557,0.045067559,0.036933013,0.232,0.334,0.154,0.45,0.608,0.324,2124,2110,2134,0.1375,0.68,No,4
Niue,,,0.034944235,0.048442677,0.024575525,0.070256524,0.084891204,0.056701474,0.412632269,0.480385923,0.354958054,0.04140877,0.052541691,0.032098377,0.228553472,0.246316743,0.210799296,0.120057293,0.145548662,0.099270365,0.213785628,0.231022645,0.196930443,9.074,12.961,5.914,11.091,15.482,7.5,23770,20715,26393,NA,NA,,
North Macedonia,,,0.131365986,0.168015952,0.09771615,0.045299581,0.053758933,0.036747492,0.450185684,0.512166228,0.391322983,0.101901857,0.1256204,0.082639944,0.109575955,0.118870587,0.098545726,0.029735205,0.035579234,0.024538484,0.470772178,0.492037831,0.450464525,9.719,13.714,6.591,11.954,16.647,8.239,7431,7310,7597,0.0319,15.34,Yes,90
Norway,0.2756,Direct,0.217344154,0.255375846,0.177827611,0.032131282,0.042053748,0.023682313,0.351266288,0.394979858,0.305081369,0.088904293,0.105268997,0.075111005,0.072271862,0.079303209,0.065117901,0.015100734,0.016292039,0.01306509,0.201990116,0.219680964,0.186741477,8.549,10.664,6.812,12.893,15.494,10.684,93921,90920,96411,2.1691,404.99,No,100
Oman,,,0.135615881,0.184174536,0.095831803,0.076305437,0.096457522,0.058259004,0.394850876,0.469165825,0.327790727,0.029365033,0.036489299,0.022525214,0.06210805,0.069164839,0.056537512,0.042114578,0.048204889,0.035774887,0.157849061,0.172737293,0.14464873,3.343,4.552,2.31,3.783,5.119,2.627,18321,16437,20060,0.1327,30.82,Yes,99
Pakistan,,,0.180752025,0.208987716,0.1500216,0.099555259,0.115908079,0.082867014,0.247369809,0.302275723,0.205841614,0.01541475,0.018975144,0.01209453,0.050527807,0.05519342,0.045768298,0.027575866,0.031991273,0.02274028,0.144428051,0.153500902,0.135906307,0.415,0.554,0.309,0.698,0.881,0.55,1528,1352,1739,0.0489,0.24,,
Palau,,,0.039657293,0.055242814,0.027465248,0.053857226,0.065592688,0.044037079,0.425276963,0.493643305,0.351035486,0.058080245,0.071940138,0.046122626,0.23231235,0.248449322,0.215628505,0.106558858,0.119816277,0.092863825,0.238734495,0.252756447,0.224685599,2.423,3.582,1.557,8.958,12.082,6.363,15860,15477,16148,0.0005,25.39,,
Panama,,,0.1644529,0.199855901,0.131735625,0.061740425,0.076808943,0.047289273,0.446142177,0.501864876,0.384717353,0.053314244,0.064750882,0.042781036,0.07701617,0.083844297,0.0700342,0.052352048,0.056563528,0.047290727,0.124170921,0.137435463,0.112908689,7.634,10.954,5.227,12.759,17.536,9.218,16336,15742,16908,0.1354,32.1,Yes,95
Papua New Guinea,,,0.014708176,0.021203634,0.010159492,0.120777513,0.143629287,0.098769373,0.380131538,0.454589532,0.32352037,0.014622765,0.018233554,0.011312481,0.08196589,0.089390313,0.075565844,0.051045571,0.061567325,0.03998386,0.401523085,0.426368676,0.377375468,0.201,0.313,0.127,0.559,0.791,0.386,3133,3024,3217,0.0358,4.17,Yes,99
Paraguay,,,0.118042254,0.152797795,0.088250932,0.082571199,0.100298942,0.06574848,0.435461832,0.497104411,0.373072385,0.042378408,0.051801465,0.033273846,0.059091532,0.064072739,0.05476358,0.062266133,0.069391168,0.054891615,0.246255626,0.266634895,0.226704834,4.864,6.88,3.342,6.931,9.426,4.967,5608,5331,5884,0.0513,7.18,Yes,78
Peru,,,0.121293889,0.155054106,0.093564776,0.072841296,0.089816819,0.05718825,0.443273903,0.509194334,0.383503173,0.095233099,0.112760931,0.077648478,0.035033643,0.037947209,0.032364138,0.018408285,0.021665908,0.015641089,0.073261619,0.081959153,0.065583437,4.973,7.287,3.205,11.093,15.072,7.872,7210,6961,7430,0.2678,8.24,Yes,62
Philippines,,,0.034955758,0.043022723,0.027834507,0.093346382,0.10887805,0.079147887,0.327363655,0.373345457,0.288560186,0.043643835,0.050902404,0.037161727,0.035846365,0.039170452,0.032631338,0.034647839,0.037106725,0.032432588,0.40883083,0.424934134,0.392879553,3.046,3.9,2.305,8.109,9.822,6.496,4082,4015,4157,0.0165,0.15,No,92
Poland,,,0.173181887,0.212296463,0.136899243,0.046567929,0.055885967,0.038193319,0.333410724,0.371236234,0.294556961,0.131594182,0.158762219,0.10565335,0.09489256,0.106262359,0.085086631,0.019530903,0.021119808,0.017444104,0.317986261,0.332875477,0.303923307,4.191,5.764,2.903,10.674,13.924,7.907,19878,19576,20179,1.7024,44.83,Yes,95
Portugal,,,0.138484967,0.179134637,0.103975267,0.024007526,0.031804349,0.01852415,0.364016338,0.426191702,0.305386811,0.099136271,0.122518743,0.077794859,0.135090003,0.147949153,0.123761721,0.031966105,0.034992299,0.026933526,0.3337439,0.349535951,0.316789877,11.288,14.267,8.974,13.747,17.097,11.136,26558,25875,27262,0.8695,84.7,No,100
Qatar,,,0.189818822,0.246648278,0.139409151,0.053191885,0.063204239,0.043218607,0.385979915,0.476330068,0.311473313,0.017704099,0.022451771,0.012938624,0.09879019,0.109710114,0.087823237,0.075426965,0.086741705,0.062410227,0.218612724,0.236436878,0.202706137,9.052,12.67,6.101,10.972,15.155,7.516,69579,64542,76914,0.2287,83.07,,
Republic of China (Taiwan),0.098,Direct,0.160666869,0.201421012,0.120572268,0.119430359,0.141348088,0.099496597,0.37725341,0.43787408,0.32490252,0.041450721,0.051135664,0.032540041,0.09901019,0.106951617,0.092690435,0.057851562,0.062403788,0.050724734,0.169155938,0.18289532,0.156502619,1.187,1.766,0.771,1.411,2.033,0.937,920,856,989,1.479,62.5,,
Republic of Korea,0.0947,Direct,0.140210581,0.175318422,0.105306287,0.033882968,0.042602744,0.027426104,0.232568657,0.270134361,0.197538628,0.035238626,0.043726742,0.027721129,0.173622326,0.182877758,0.164092827,0.032334654,0.037063262,0.02700653,0.424784102,0.447473448,0.401323065,7.09,9.508,5.198,18.124,22.992,13.754,38054,37371,39017,7.2547,139.93,Yes,
Republic of Moldova,,,0.139893263,0.178236372,0.102425463,0.046479671,0.05645522,0.037542229,0.383901042,0.44796617,0.318321539,0.086999053,0.105011386,0.070506496,0.07738887,0.084164207,0.069867057,0.011099221,0.011941237,0.010261922,0.406444316,0.426877156,0.385622483,5.165,7.39,3.49,6.812,9.422,4.718,5216,3302,6797,0.0051,1.43,No,
Romania,,,0.150291401,0.187379515,0.114840653,0.05695589,0.066298733,0.047648018,0.458321297,0.512759213,0.395844683,0.096269242,0.118798023,0.076812098,0.064332582,0.071289659,0.058758001,0.008283653,0.009308115,0.007349435,0.383727976,0.399611811,0.367822252,7.828,9.495,6.315,14.001,16.408,11.815,16559,15934,17078,0.3761,19.27,No,90
Russian Federation,,,0.160403074,0.198242395,0.125845605,0.057322927,0.067738175,0.048182081,0.355193569,0.405424421,0.306887983,0.112589896,0.135744093,0.093246807,0.062663133,0.06953192,0.056365772,0.016261495,0.017545256,0.014985072,0.455516178,0.469855519,0.441448521,10.572,14.129,7.779,15.177,19.578,11.782,11217,10988,11501,0.8921,6.08,,
Rwanda,0.032,Indirect - based on case mix,0.074787166,0.10410228,0.052253808,0.079828212,0.100640762,0.061227523,0.339170622,0.408439474,0.280623356,0.0109642,0.013581008,0.008244844,0.014430279,0.015653061,0.01332234,0.024151489,0.033054264,0.015644649,0.146110683,0.156601517,0.13550515,0.181,0.251,0.127,0.247,0.329,0.182,954,876,1011,0.0035,0.28,Yes,85
Saint Kitts and Nevis,,,0.204605429,0.24940079,0.162316194,0.046874089,0.057400161,0.037433472,0.398813594,0.460851878,0.338577359,0.054866598,0.069226288,0.042262616,0.131321617,0.144431131,0.118480802,0.057050697,0.062806327,0.050013072,0.067019336,0.074615283,0.059667582,5.49,8.155,3.538,7.969,11.249,5.422,19687,18531,21207,0.003,56.98,,
Saint Lucia,,,0.190425837,0.232744451,0.149308904,0.044225526,0.051404015,0.037679479,0.407569227,0.466239628,0.352463254,0.067822584,0.084735909,0.05436674,0.162478019,0.17405693,0.150748196,0.07039479,0.078986857,0.057021997,0.191522159,0.210587248,0.174062341,2.924,4.25,1.951,4.236,5.931,2.963,11173,10696,11679,0.0054,29.98,,
Saint Vincent and the Grenadines,,,0.171902353,0.20877375,0.134918672,0.057279232,0.070481197,0.04512994,0.449926167,0.50625143,0.394965984,0.062878828,0.07823182,0.04884659,0.154126864,0.165951047,0.142991198,0.084077414,0.089761834,0.078228951,0.202792213,0.220616362,0.185266444,1.366,2.08,0.855,1.904,2.76,1.277,8790,8057,9334,0.0026,23.29,,
Samoa,,,0.018407959,0.025098734,0.012874012,0.122549175,0.146148212,0.100334629,0.383780855,0.450113778,0.331334621,0.021994285,0.027297701,0.016892623,0.126789622,0.138681877,0.116297893,0.092463504,0.106315979,0.081113608,0.394345616,0.415751947,0.372353963,0.938,1.471,0.627,2.343,3.36,1.656,4094,3999,4223,0.001,5.16,,
San Marino,,,0.154802076,0.196409862,0.117646746,0.026387931,0.03483315,0.019232949,0.421570446,0.485062201,0.364635425,0.092032618,0.114724929,0.0729078,0.082758005,0.091547868,0.075621348,0.014637005,0.017009576,0.010947195,0.197835334,0.218041989,0.180749578,8.277,11.965,5.418,14.819,20.157,10.366,51900,51273,52503,0.0075,222.24,No,100
Sao Tome and Principe,,,0.154005404,0.190257042,0.120783715,0.079011652,0.09325748,0.064325062,0.311381295,0.375906098,0.253065387,0.015984869,0.019714787,0.0122469,0.040953616,0.04469137,0.037666448,0.016046894,0.018615921,0.013755699,0.047715587,0.052827239,0.042842805,0.048,0.072,0.029,0.279,0.391,0.189,2405,2351,2476,0.0001,0.61,,
Saudi Arabia,0.036,Direct,0.092970757,0.133465555,0.062641562,0.060061164,0.070265298,0.049948837,0.43683207,0.51072598,0.368413123,0.033387894,0.042188201,0.025537997,0.095066478,0.104277682,0.086695634,0.032407909,0.035856363,0.026587852,0.225657805,0.240463717,0.210919926,4.812,6.618,3.378,6.184,8.452,4.402,25672,25228,26150,1.2518,36.73,,
Senegal,,,0.135728016,0.168458102,0.106465019,0.101680113,0.128889402,0.077410742,0.229789718,0.276164689,0.190440746,0.01895424,0.023481704,0.014594647,0.043639757,0.046582465,0.040717002,0.027913749,0.032706931,0.023775285,0.076661417,0.082229769,0.071264163,0.134,0.197,0.085,0.202,0.283,0.134,1905,1834,1991,0.0044,0.27,No,50
Serbia,,,0.13511383,0.17085352,0.102094374,0.034575748,0.04239776,0.02775637,0.420780487,0.483332492,0.362076438,0.10795373,0.132068867,0.08571696,0.11107137,0.12394841,0.100869216,0.02603212,0.031194627,0.021816428,0.388294263,0.407803664,0.369089703,2.218,3.209,1.459,3.949,5.504,2.776,10292,10161,10457,0.11,15.79,No,85
Seychelles,0.0329,Indirect - based on case mix,0.10390284,0.13510089,0.076555349,0.067174563,0.082206586,0.053891653,0.330533702,0.391896983,0.276125865,0.036104297,0.044823944,0.027977386,0.130007597,0.140584711,0.120110872,0.030445551,0.033503213,0.027122165,0.243924818,0.259730885,0.226935077,6.055,8.622,4.204,11.944,16.53,8.797,15953,14263,17450,0.0013,13.61,,
Sierra Leone,,,0.196649723,0.225578025,0.171978588,0.094388455,0.111401949,0.077829003,0.277482449,0.328736742,0.236655973,0.014643421,0.018068564,0.011305101,0.029994253,0.032845789,0.027457581,0.01394053,0.016526693,0.011456416,0.191729048,0.205143253,0.179711221,0.07,0.106,0.046,0.125,0.176,0.089,559,551,567,0.0014,0.18,Yes,25
Singapore,,,0.145981506,0.186606815,0.109896841,0.034871054,0.043309394,0.026796996,0.181074001,0.218140805,0.1456831,0.029381507,0.036793698,0.022953262,0.126620294,0.13680801,0.116936202,0.007046685,0.007661355,0.006185339,0.206349937,0.224211804,0.18900541,7.491,10.685,5.064,8.629,12.209,5.924,78164,69293,84765,1.1604,204.66,Yes,100
Slovakia,,,0.148670251,0.186755978,0.113106008,0.048650417,0.058509984,0.039723835,0.41748626,0.479290768,0.357789343,0.105711073,0.128611649,0.083695297,0.070294148,0.076454084,0.063579285,0.012037272,0.014341743,0.009747619,0.332514792,0.353183805,0.312136286,6.911,8.944,5.378,9.142,11.369,7.437,23147,22311,23716,0.3082,56.55,Yes,100
Slovenia,,,0.2015656,0.243347276,0.162232837,0.045742974,0.054918812,0.037279921,0.384962704,0.437785711,0.324561503,0.11968807,0.145796439,0.094842302,0.080061414,0.088711265,0.072951888,0.018259528,0.020618467,0.015955871,0.297906728,0.315383995,0.280489478,8.234,11.166,6.036,16.678,21.183,13.027,31694,31038,32186,0.1215,58.73,,
Solomon Islands,,,0.013326147,0.019269468,0.009150132,0.121994796,0.146911129,0.100027609,0.387996623,0.458225761,0.330551058,0.016262231,0.020222453,0.012681389,0.0611823,0.066429755,0.056569429,0.080505246,0.089068121,0.072579816,0.521581903,0.542466337,0.499052075,0.602,0.879,0.393,1.175,1.626,0.827,2322,2145,2570,0.0021,3.26,Yes,
Somalia,,,0.031890277,0.045842305,0.021890219,0.107263097,0.134448732,0.083340716,0.324391794,0.385503687,0.270703276,0.009666714,0.012223684,0.007152348,0.014209403,0.015510331,0.012987407,0.012391847,0.01427627,0.010123512,0.205046819,0.226729981,0.183224041,0.09,0.134,0.056,0.109,0.159,0.071,146,138,158,0.0026,0.17,No,41
South Africa,,,0.056703841,0.073348695,0.042176539,0.069807027,0.087609556,0.054643456,0.266745054,0.319665537,0.226575377,0.05880985,0.071744455,0.045976227,0.053149231,0.058543242,0.048466228,0.044195507,0.046930123,0.041481827,0.225242694,0.237782961,0.213152594,1.415,1.829,1.065,2.514,3.098,2.01,6805,6128,7332,2.2861,38.86,Yes,85
South Sudan,,,0.062739715,0.086918248,0.044276209,0.118062009,0.144570034,0.091441308,0.313391495,0.376342699,0.259331207,0.009119952,0.011293487,0.00686787,0.015260636,0.016489513,0.014057873,0.016728399,0.020490442,0.013986492,0.113641017,0.124740035,0.103248103,0.007,0.01,0.004,0.05,0.07,0.034,494,145,1159,0.0011,0.09,No,44
Spain,,,0.038830296,0.05364355,0.027964303,0.026899986,0.036190875,0.019102062,0.444870264,0.49811696,0.385212774,0.076093076,0.094621261,0.059285132,0.121714017,0.129941636,0.113084846,0.020604995,0.022921261,0.016939977,0.307495552,0.324624194,0.290987852,7.327,8.815,6.041,12.058,14.12,10.256,32971,31921,33841,8.3063,178.03,Yes,100
Sri Lanka,,,0.093938419,0.123302836,0.068735405,0.074909208,0.085380924,0.060730747,0.337345162,0.396282807,0.284559041,0.037960057,0.046980114,0.029432615,0.128139516,0.138137634,0.11957955,0.076651701,0.087460454,0.063342487,0.301079083,0.31754576,0.285180846,1.548,2.21,1.034,2.028,2.843,1.397,3378,3277,3491,0.04,1.82,Yes,100
Sudan,,,0.061543626,0.081708993,0.043635305,0.092965426,0.116789635,0.071739975,0.369465671,0.43941148,0.312231303,0.032262088,0.039449185,0.025447703,0.047152963,0.051088647,0.043179461,0.013427565,0.016192167,0.011077208,0.107282448,0.115525523,0.099392981,1.597,2.279,1.062,1.769,2.491,1.2,949,683,1318,0.0463,1.07,,
Suriname,,,0.166761141,0.201550665,0.130103591,0.074957547,0.089925012,0.060854689,0.290101912,0.343400527,0.237371406,0.054353177,0.06774686,0.042405709,0.135568238,0.146824147,0.125975945,0.049354797,0.056145355,0.038895937,0.341553968,0.36552826,0.317047632,1.295,1.878,0.899,2.628,3.501,1.982,4895,4555,5324,0.0095,15.9,,
Sweden,0.077,Direct,0.157124399,0.189856469,0.121712997,0.040480692,0.051211977,0.030597897,0.364734802,0.424478642,0.308169489,0.081317458,0.107152816,0.059461783,0.083886041,0.093298667,0.075247154,0.021662824,0.023778023,0.018438394,0.123701591,0.134920537,0.112817695,8.855,10.838,7.11,14.64,17.241,12.324,63075,61499,65239,3.3758,327.04,Yes,100
Switzerland,,,0.153384058,0.19323658,0.117218673,0.017018913,0.023986139,0.012421444,0.543820435,0.590408125,0.496337632,0.076315025,0.093503619,0.059697962,0.115964457,0.125626679,0.106088859,0.017329202,0.019123536,0.014303127,0.292607598,0.312343511,0.272315753,11.105,13.54,8.945,17.783,20.842,15.147,96809,96514,97163,4.2189,493.73,No,100
Syrian Arab Republic,,,0.109120484,0.141124919,0.081164885,0.057060215,0.069489557,0.044055092,0.404202541,0.470723162,0.339543587,0.062640595,0.077602009,0.049319843,0.091702702,0.099500886,0.08395298,0.021042935,0.024070242,0.017879054,0.419436284,0.448189081,0.389938858,4.389,6.153,3.076,4.491,6.296,3.142,1038,952,1128,0.028,1.66,Yes,99
Tajikistan,,,0.064330985,0.087341635,0.045590073,0.044667479,0.051868009,0.03715764,0.355272569,0.41785705,0.29455741,0.056217959,0.069232474,0.043815174,0.031479153,0.034215857,0.028810792,0.014259004,0.018238157,0.011229494,0.398154241,0.412977075,0.38486064,5.705,7.995,3.948,7.062,9.79,4.9,8140,8065,8198,0.0306,3.29,No,80
Thailand,,,0.182084097,0.22348125,0.145803435,0.133387141,0.156679096,0.104892485,0.354645235,0.414377815,0.299239225,0.022826262,0.028203098,0.017937917,0.086399019,0.094465847,0.078308605,0.039336648,0.044975659,0.033418453,0.646348913,0.666212491,0.62716595,0.21,0.321,0.134,0.692,0.962,0.482,2560,2492,2623,0.1917,2.82,Yes,80
Timor-Leste,,,0.045167486,0.060466333,0.033233433,0.079468501,0.099511915,0.058810574,0.243608451,0.293666879,0.20711179,0.015509225,0.019379952,0.011763596,0.03959852,0.043097159,0.035742838,0.019182603,0.023700759,0.015152641,0.077149977,0.083349813,0.07057555,0.065,0.099,0.041,0.175,0.243,0.121,989,754,1186,0.0007,0.55,Yes,100
Togo,,,0.130114505,0.162736206,0.098758516,0.082562591,0.096478534,0.069789165,0.412082628,0.477389191,0.354832672,0.05859601,0.072138342,0.04685084,0.022196978,0.024003415,0.020602053,0.017970978,0.021366326,0.015074641,0.283124113,0.308432081,0.260438468,1.436,2.128,0.894,3.608,4.963,2.482,10238,9608,10839,0.0017,0.2,,
Tonga,,,0.019517672,0.026742628,0.013987951,0.044477472,0.055474559,0.033451077,0.301503709,0.3557818,0.255459896,0.063549017,0.079103148,0.050604598,0.116733617,0.125853509,0.108693599,0.130708601,0.144667486,0.117646102,0.288579206,0.311615026,0.266252363,4.42,6.273,2.985,9.725,13.268,6.914,16925,16624,17324,0.0017,16.62,,
Trinidad and Tobago,,,0.207068821,0.246142139,0.16640215,0.065352235,0.082027499,0.049753428,0.397035242,0.459074633,0.335804843,0.065109745,0.079261684,0.051582597,0.184846062,0.198645953,0.170729152,0.112644853,0.128619098,0.088575258,0.454097706,0.476574823,0.432264224,2.655,3.687,1.845,2.969,4.109,2.075,4121,3958,4282,0.0737,53.4,No,95
Tunisia,,,0.141784757,0.182779693,0.10683014,0.060476545,0.076020298,0.04714129,0.406567196,0.469847046,0.345856886,0.081425969,0.099103586,0.065271124,0.11780526,0.129433352,0.106586177,0.020031228,0.023851629,0.016487253,0.432499574,0.448766803,0.415950673,2.748,3.638,2.064,4.904,6.263,3.853,10196,10058,10325,0.0609,5.17,Yes,72
Turkey,,,0.157575509,0.196108118,0.12411647,0.042988696,0.053156645,0.033860536,0.142756914,0.180613639,0.11150046,0.046612758,0.059405495,0.035771689,0.078844727,0.085643146,0.072611706,0.035084611,0.039637781,0.030198298,0.395994162,0.416802665,0.374615525,4.774,6.525,3.401,10.577,13.579,8.125,36756,34797,38658,0.8299,10,,
Turkmenistan,,,0.101770916,0.135646697,0.075665266,0.096546841,0.11680188,0.078603606,0.369763517,0.434689613,0.31118925,0.044225799,0.054055739,0.034959661,0.037754547,0.04105208,0.034826738,0.020997154,0.024739578,0.018018991,0.215561007,0.233818149,0.197918505,2.967,4.353,1.895,3.887,5.523,2.57,9382,5300,13129,0.1348,22.57,,
Tuvalu,,,0.01964157,0.027270075,0.013813754,0.096455341,0.114139376,0.079535909,0.408687679,0.479387416,0.347704978,0.046425093,0.056720766,0.037392457,0.1052145,0.113722801,0.097693177,0.089996427,0.106122649,0.077562843,0.335136192,0.354658991,0.31350958,0.864,1.317,0.554,2.045,2.851,1.442,5924,5560,6455,0.0001,6.81,Yes,100
Uganda,,,0.057024096,0.080085166,0.040505622,0.124178274,0.154688637,0.095239292,0.208846751,0.263934138,0.167935864,0.008197237,0.010232578,0.006213878,0.013769182,0.014941932,0.012699456,0.018135844,0.02504114,0.013462784,0.1457067,0.155815211,0.136004445,0.15,0.218,0.098,0.281,0.381,0.203,1019,946,1118,0.0124,0.31,,
Ukraine,,,0.153757504,0.189857571,0.117238395,0.044347456,0.053273374,0.03606944,0.327432602,0.384507699,0.271523715,0.126736943,0.153223289,0.105045262,0.060225118,0.066897268,0.053478726,0.003300435,0.003699434,0.002952018,0.419622853,0.435543888,0.403196661,7.143,10.249,4.922,9.92,13.718,7.07,3064,2586,3614,0.0589,1.41,Yes,100
United Arab Emirates,0.0607,Direct,0.214541634,0.281207458,0.157224273,0.043335177,0.050293679,0.036851603,0.396750411,0.484235111,0.302840579,0.059187124,0.076966031,0.044794433,0.087199399,0.096496279,0.078170163,0.041272625,0.051480919,0.03215927,0.179145021,0.193289883,0.165427783,8.063,10.959,5.667,13.32,18.1,9.567,45511,44119,47254,0.6985,64.99,Yes,30
United Kingdom of Great Britain and Northern Ireland,0.0379,Indirect - based on case mix,0.08449999,0.10664814,0.066213634,0.0269646,0.034679172,0.020087768,0.360435894,0.398887193,0.325807259,0.085821884,0.102312085,0.071116315,0.116995554,0.126848948,0.107930238,0.009380657,0.0099533,0.008217525,0.217315534,0.229313628,0.204328604,6.418,7.762,5.263,11.038,12.72,9.482,49383,48529,50002,9.5769,143.22,Yes,100
United Republic of Tanzania,0.006,Indirect - based on case mix,0.071236073,0.097363881,0.050825863,0.082898243,0.104597556,0.06077452,0.294812998,0.359960644,0.23784703,0.00965989,0.011914836,0.007413534,0.015198244,0.01630736,0.014186157,0.019827464,0.023310611,0.016614812,0.17972079,0.191732685,0.167632662,0.451,0.621,0.315,0.592,0.785,0.441,1232,1166,1288,0.0001,0,No,
United States of America,0.0335,Direct - claims data,0.134105102,0.158704824,0.110487737,0.03912999,0.047886572,0.030997698,0.216966249,0.249043709,0.186804703,0.089652555,0.109480499,0.072540185,0.14635399,0.154764613,0.138149519,0.021322832,0.022532303,0.019349631,0.065435732,0.072481281,0.058148875,4.719,6.287,3.465,24.334,29.75,19.705,72982,72127,73780,133.5058,405.46,No,15
Uruguay,,,0.208820622,0.247327595,0.169981906,0.055222239,0.069091809,0.04353272,0.463123796,0.523939914,0.411964575,0.069370199,0.085834038,0.053938147,0.082614152,0.090281036,0.074880812,0.023984182,0.025672854,0.021574821,0.310462019,0.333084651,0.287633989,15.667,18.187,13.28,20.229,23.084,17.52,17850,16442,18967,0.1075,30.56,Yes,95
Uzbekistan,,,0.091650343,0.121230219,0.065792862,0.098623633,0.118104306,0.082003644,0.381788878,0.44971504,0.324115626,0.040783229,0.049824695,0.032114287,0.05358203,0.058394701,0.049665109,0.033467622,0.037233571,0.030323237,0.248243726,0.266469225,0.231055213,2.339,3.476,1.53,3.014,4.305,2.074,2155,2062,2252,0.2183,6.61,,
Vanuatu,,,0.014377656,0.020616863,0.010271294,0.121532528,0.145857623,0.098041701,0.388552738,0.457504573,0.331400325,0.017776189,0.021980923,0.01383259,0.081493192,0.087778887,0.075526883,0.062990448,0.07934316,0.051082904,0.381878432,0.403428916,0.359792627,0.372,0.563,0.231,0.865,1.231,0.596,3170,2941,3345,0.0001,0.51,,
Venezuela (Bolivarian Republic of),,,0.16579556,0.204041746,0.129199678,0.055533996,0.068972056,0.042792213,0.422914989,0.477683046,0.363597114,0.062028726,0.075087644,0.049078719,0.079939569,0.088146757,0.073330018,0.045404774,0.050147822,0.04058806,0.228366669,0.251798466,0.205370982,3.872,5.647,2.587,7.126,9.636,5.104,3466,2678,4203,0.4937,17.93,,
Viet Nam,,,0.080044114,0.105652979,0.057754751,0.079562533,0.095979145,0.064334666,0.300598319,0.359403205,0.240272997,0.031981363,0.039626289,0.024788774,0.046728106,0.050060478,0.043726331,0.044593936,0.050842505,0.039024201,0.470689311,0.488264441,0.453325854,1.958,2.915,1.225,4.333,5.988,3.021,4078,3139,4837,0.057,0.6,,
Yemen,,,0.067563323,0.093466459,0.048054814,0.107958372,0.132247501,0.085346281,0.333715138,0.395539503,0.278045862,0.030970746,0.037941679,0.024154244,0.032656336,0.035853261,0.029852957,0.008659527,0.012383604,0.006641676,0.315168091,0.33642691,0.294544208,0.233,0.348,0.15,0.332,0.477,0.226,682,516,812,0.0098,0.31,,
Zambia,,,0.069567691,0.097232704,0.048224128,0.117422038,0.147956842,0.090428237,0.253998733,0.308047676,0.212125809,0.008126541,0.010120839,0.00608733,0.025038854,0.027325044,0.022923453,0.016528096,0.019133517,0.013982487,0.26300905,0.27678489,0.249270171,0.202,0.276,0.14,0.353,0.453,0.266,1109,1073,1141,0.0008,0.04,No,86
Zimbabwe,,,0.030614165,0.040963535,0.020680084,0.09162067,0.118542741,0.068929811,0.222069688,0.285652494,0.174921689,0.045064224,0.057949785,0.033607959,0.024936949,0.0271675,0.023069644,0.020609043,0.02384976,0.017589336,0.343596244,0.36038009,0.326333707,0.121,0.183,0.078,0.211,0.299,0.146,2280,2116,2461,0.0587,3.94,,
