Country,Pop,Edent_prev,Edent_prev_sd,Perio_prev,Perio_prev_sd,Prophy,Prophy_sd,Consult_simple,Consult_perio,OPG,PA,RootDeb,OHI,Extraction,OFD,GTR,Single_implant,Implant_surgery,Full_fixed,Denture,Denture_repair,Maintenance_simp,Maintenance_perio,Consult_simple_sd,Consult_perio_sd,OPG_sd,PA_sd,RootDeb_sd,OHI_sd,Extraction_sd,OFD_sd,GTR_sd,Single_implant_sd,Implant_surgery_sd,Full_fixed_sd,Denture_sd,Denture_repair_sd,Maintenance_simp_sd,Maintenance_perio_sd
Malaysia,31812225.57,0.045276908,0.004944058,0.038830296,0.007406627,31.933755474921856,4.767109440782505,24.50181039184344,50.96475066143369,35.67738958703012,8.121767550790466,66.42395551781995,14.859305209598045,36.57918254534483,163.35099323689766,269.9747174894687,1088.8905469375666,1064.9272075553342,6611.249940226031,277.9484197618879,46.10696514015247,43.18093766791553,67.55726088119866,28.118060698724555,59.75240312382486,43.959652613938175,8.701669305545835,57.97750221464483,16.85647439882645,43.04636741844654,218.4947354245297,272.2451781958519,780.5086409970281,1485.5648132476908,6694.406051174455,414.2749409843228,44.501506899192904,21.73638724210794,46.31419151149019
Maldives,517207.7095,0.022343715,0.002437676,0.189818822,0.028414728,23.157314233446073,3.983008475543054,16.934570466945853,39.71880251346752,27.059687126576225,6.171179537145407,46.18202945280888,10.873487455997438,25.91410753425319,110.56402981835188,243.9599436297567,897.6257980641324,1060.0249649913746,4990.283759198113,190.5348351372761,30.832269432431257,30.296366888326403,54.62265049957881,28.02721365608294,59.65806249717633,43.8843482962547,8.682173808896867,57.66189505698221,16.814447352959437,42.92852403928247,217.92601744218825,272.13444260015183,778.418415845039,1485.5640927757142,6676.902628174898,413.4526615718321,44.267389706485666,21.39353242403548,46.15302756220085
Mali,24104148.77,0.008839413,0.00103038,0.135615881,0.024279328,6.177973982242787,2.6549505213614366,2.294611295326012,17.96183123115329,10.387450825581665,2.397474835850211,7.02099133484272,3.1623259549273985,5.280922347283225,8.439741846636768,193.6304667075273,527.5954908097873,1050.5408424185443,1854.2818688990628,21.42016153763157,1.2810825083584092,5.369234667183852,29.5987091726111,27.91005119811599,59.53662580054304,43.78740048363499,8.6570598084368,57.25382104825011,16.760292558597396,42.776631804004666,217.19309183326183,271.99209344382984,775.7244404411888,1485.5631670484972,6654.34508468021,412.393716862304,43.96474502848672,20.944765113546143,45.945119896762826
Malta,442219.1095,0.074753958,0.009117127,0.098493809,0.019721375,51.12430382196041,8.743942953871672,41.04832162991883,75.55511772524181,54.52084004234527,12.386919284970476,110.68490937141806,23.574686102422778,59.89941360413912,278.77485875424003,326.8585684440874,1507.1096529909248,1075.646441051479,10155.6512539298,469.0867839087298,79.50658332252587,71.35431360394215,95.84005330798908,28.81962085712354,60.48613628997252,44.54499048618521,8.852862257459645,60.39214561314524,17.182051475926627,43.95832542279032,222.89843255228763,273.11084285286944,796.6884573816196,1485.5704555565696,6829.93172899825,420.65897870027425,46.29405250927465,24.25440456441674,47.55745154336067
Marshall Islands,56273.10085,0.019012093,0.002557861,0.106261183,0.015545973,11.158997673181384,3.291407061653271,6.589359052857077,24.344410754088393,15.278383144951093,3.5045209425695605,18.509191449892263,5.424456140978739,11.333830335185604,38.398709055112334,208.3950166366334,636.1468066754649,1053.3230847509392,2774.252814725465,71.031287954954,9.950156806090934,12.681805962871904,36.93968018480636,27.96041002765156,59.58878976631723,43.82904714831272,8.667850343684645,57.42936537310501,16.78356300805459,42.841906205344,217.5080446237244,272.0532140872875,776.8821278943059,1485.563564469937,6664.038554530654,412.8486621950837,44.094927030837155,21.138591285025935,46.034491183388745
Mauritania,4396234.461,0.018647797,0.002134127,0.148670251,0.019042864,10.146834120750878,3.196305936794671,5.716649462062806,23.047445558890363,14.284526512613471,3.2795648312144117,16.174744123204285,4.964782413801071,10.103855689067064,32.31092940209774,205.394802176006,614.0887534910387,1052.7577221954464,2587.3111098798413,60.95011246366179,8.18856690371014,11.195862791489343,35.44796607962956,27.95220640687758,59.5802887870621,43.82226034948894,8.666092119960727,57.400783668654306,16.77977151593991,42.83127155202287,217.4567301763313,272.04325075556716,776.6935121896825,1485.563499679822,6662.459226800359,412.7745283782023,44.07373018252089,21.107113966365105,46.01993315974657
Mauritius,1271963.562,0.074773608,0.008615503,0.093259588,0.016802627,26.272966860706703,4.196014081658276,19.620954424226717,43.71113459080913,30.118987197426893,6.863641835040811,53.36795007713045,12.288460018805775,29.70022858992745,129.30349798488717,253.1952357366031,965.5251323083684,1061.7652700311542,5565.729706098913,221.56681690533776,36.25481423196389,34.870412984691775,59.214460745813646,28.05030991936951,59.68203212640877,43.90348222774981,8.68712835954574,57.74219920748712,16.825129041163354,42.95847811513136,218.07057000981507,272.162565474318,778.949708887001,1485.5642757220508,6681.3515394659225,413.6616142221013,44.326955190357936,21.48111040661073,46.19400448119797
Mexico,129275998.6,0.065855765,0.007313507,0.01964157,0.003814253,24.637333920306293,4.0769637472802245,18.210675867289176,41.61526876880366,28.51293781738024,6.500117950987373,49.59553707530712,11.545637884771224,27.71261794911953,119.46578656911902,248.34695841197112,929.8798274533224,1060.851657189818,5263.636225607669,205.27586998088117,33.40812560650225,32.469163114707705,56.803885180008905,28.03725530639722,59.66848262114572,43.89266631670196,8.684327763576322,57.69681480305904,16.819091223580305,42.94154682235397,217.98886225904337,272.14666719986496,778.6493989102936,1485.5641722974756,6678.836812098809,413.5435005342157,44.29329103184496,21.431644143924093,46.17084357415806
Micronesia,102577.7687,0.022303592,0.002933505,0.093132479,0.016269751,7.778600292432249,2.9125788767097935,3.67470636872167,20.012840289767375,11.95912673749918,2.7532184008188616,10.712665276149536,3.889249839962217,7.225993155964094,18.06690166666029,198.37497878797072,562.4778971103985,1051.4349016631645,2149.9097943751913,37.362441508345455,4.066844887120194,7.719091792398402,31.95769240046316,27.929147756677914,59.55640119251509,43.80318912724497,8.661150976890065,57.32041518268019,16.769115802103663,42.80138235690651,217.31251188601829,272.0152596342081,776.1634043541053,1485.5633176702624,6658.0205468046415,412.5661990665989,44.01412900028138,21.01843510015415,45.97901183818575
Monaco,37863.45034,0.093050258,0.012107239,0.171172656,0.01921101,NA,NA,NA,NA,NA,NA,NA,NA,NA,NA,NA,NA,NA,NA,NA,NA,NA,NA,NA,NA,NA,NA,NA,NA,NA,NA,NA,NA,NA,NA,NA,NA,NA,NA
Mongolia,3336292.909,0.042145228,0.004633353,0.165001323,0.017607385,19.354677733140605,3.781613929108184,13.65585396292632,34.84618367726964,23.32582860428253,5.326033198935799,37.41165376482074,9.14652140490831,21.29316808968474,87.69261436500824,232.6883215788241,814.7550426774558,1057.9009324827348,4287.9552189456135,152.66047600122658,24.21408401637155,24.71376936511935,49.01837193141205,28.006466574822472,59.636539511897674,43.86716685805004,8.67772426926908,57.58971989011997,16.804853847210232,42.9016198979612,217.7961875146509,272.1091974536606,777.9412261501627,1485.5639285657996,6672.906825908218,413.2650188248905,44.2138562786874,21.31461728928492,46.11621628475009
Montenegro,618060.3128,0.093956307,0.010665224,0.157124399,0.016366035,27.181372487913393,4.270116966615435,20.40420165861989,44.87514655189979,31.01096256572012,7.065537464397197,55.46309081094637,12.70101212013817,30.8041172719222,134.76721309368878,255.8878951317338,985.321991807844,1062.2726766904716,5733.507824796817,230.6145607439273,37.8358217443472,36.20403059555309,60.55325770611936,28.058622315036327,59.69066132301771,43.91037038674642,8.68891182004093,57.77108969849104,16.828973896990767,42.969259577082696,218.12260047417504,272.1726919155969,779.1409407920894,1485.56434160171,6682.952883890498,413.7368330154404,44.34838535330621,21.512560257413764,46.20875152539254
Morocco,37176612.16,0.06278805,0.00710729,0.125191106,0.020128878,13.272004734514624,3.453902403083726,8.411240035839958,27.051973784960374,17.353172418917218,3.974142527581269,23.38261696868052,6.384077566887047,13.901542940790186,51.10764464538481,214.65830711532809,682.1955129601704,1054.5033436815252,3164.5149827791793,92.07689362657548,13.62767699931042,15.783882110873522,40.05380381646657,27.974977836981555,59.60388877618231,43.841101313634965,8.67097295102704,57.48010575569151,16.790296486911558,42.86079217238696,217.59917495836973,272.07091305844057,777.2170910364624,1485.563679569649,6666.843309480675,412.980328191555,44.132558149520605,21.19439548613375,46.06034218240608
Mozambique,31072654.15,0.008836224,0.001108721,0.107100573,0.016119836,4.02485184108084,2.181918209338347,0.4381422116177834,15.202865576450916,8.273272029982618,1.9189375648870592,2.055044661107591,2.184486279392721,2.6644621543960825,-4.510470725180667,187.24826872391176,480.6725576649716,1049.338176472816,1456.61063993302,-0.02499137971842913,-2.4662547805169677,2.2082661308939997,26.425464433233586,27.879562430963407,59.505067670119175,43.76220358935075,8.650529815331328,57.14743342875574,16.746208623862806,42.73712152744754,217.00246405103937,271.9551360319027,775.0237167435746,1485.562926785595,6648.478000731723,412.11843410520487,43.88585563649579,20.826711770432823,45.89100568222223
Myanmar,56419669.8,0.020845255,0.002452072,0.19581535,0.016902749,9.3521203507427,3.111699658544317,5.03142983786573,22.029115964458548,13.50418666611728,3.102937527344265,14.34182153730126,4.603863430083608,9.138124621509728,27.53102766842166,203.03914360767203,596.7695775899288,1052.3138202125915,2440.5313264418064,53.03474250041771,6.805430997296934,10.02915460790414,34.2767267700805,27.945108311600016,59.57293444000716,43.81638890340282,8.664570964205646,57.37604893747424,16.77649117449502,42.822070419665586,217.41233328022483,272.0346321540763,776.5303221736893,1485.5634436362063,6661.092802276388,412.7103916977802,44.05538662868142,21.07984809252804,46.00733671672534
Namibia,2431170.481,0.054758707,0.007769088,0.051240936,0.010613197,14.4106774649393,3.526301513906321,9.393028611640055,28.511045193465087,18.47125006800571,4.227215648943315,26.00884422723901,6.901205393484833,15.285250727230244,57.95632899395294,218.0335149891334,707.0105772717138,1055.13937026359,3374.822319943867,103.41810384403011,15.609446031810926,17.45555163913413,41.73196558101133,27.981691933670987,59.61084905518855,43.84665790502719,8.672412285326576,57.50348509557347,16.793400123192196,42.86949695607895,217.64117876480628,272.0790729790069,777.3714809207631,1485.563732637654,6668.136075722708,413.0410201332131,44.14989759372517,21.220075207248367,46.0722561887382
Nauru,11024.43458,0.025355509,0.003000097,0.125244405,0.02121265,16.89864897548714,3.661595247819509,11.538212157979112,31.69907982292422,20.91422183960068,4.780174105935042,31.747085273093138,8.031116794284754,18.308617722505637,72.92053344769221,225.4082599951655,761.2308737536595,1056.5290724790264,3834.338605303381,128.19836525034094,19.93956193043995,21.108107856768484,45.39870717297067,27.994607499522925,59.62424060020197,43.85734860574556,8.675181358780918,57.54844779361581,16.799370911300773,42.88624280796025,217.721984892202,272.09477462054434,777.6684908216141,1485.5638347576778,6670.62307175206,413.1577860010387,44.18324515405253,21.269404071569284,46.095173931420454
Nepal,31129811.76,0.00962926,0.001276607,0.075622048,0.013347625,8.561131218329338,3.0173620105099417,4.349421677807451,21.01555904269767,12.72750408999777,2.9271380343427524,12.517489430926194,4.244635989241291,8.176919709628125,22.773528216382903,200.69452546017297,579.5315726161477,1051.8719986945234,2294.439465524035,45.15647002516815,5.428777525428323,8.86791451273864,33.11097678527892,27.937416278821935,59.564965797413095,43.8100269559333,8.662922659527979,57.34923956513061,16.772936565018945,42.812099783441816,217.3642239426677,272.0252945488729,776.3534852120922,1485.5633829191736,6659.61211673119,412.6408954809434,44.03550480279276,21.050268690869924,45.993685977062256
Netherlands,17210661.8,0.123598236,0.013789477,0.180777409,0.019252342,58.77502569314684,11.029773595634207,47.64494164992525,85.35859262931413,62.033183927471654,14.087313096888588,128.330483722062,27.049258793449823,69.19652166880634,324.791047369647,349.53653025871006,1673.841629783252,1079.9198923707563,11568.702520659235,545.2881741220898,92.82205428751227,82.58623150232668,107.115592426769,29.396818861429487,61.09653824556985,45.031492273692614,8.978076104522641,62.350998762888246,17.451227712030693,44.711073267646945,226.5365934318801,273.83693159971085,810.0488874030538,1485.5752019212666,6941.888923015699,425.955220048602,47.749879646239,26.18574571837752,48.578662800304066
New Zealand,5169513.536,0.104142747,0.012489806000000001,0.217344154,0.019015846,45.162257960962755,7.202841646305156,35.907715063762936,67.91547692280405,48.66662922135208,11.061838324101576,96.93408620813022,20.867025037224376,52.65437377790355,242.91541548959688,309.1861120864801,1377.1789472526314,1072.316230755085,9054.4902657216,409.70465098414354,69.13011821365623,62.60151736528545,87.05326397418543,28.5008839020996,60.151651629092974,44.27822852582186,8.78403247492943,59.29993683343443,17.033911069933687,43.543583709014314,220.89516134700528,272.71524562610404,789.3292804084601,1485.5678748766738,6768.281673266651,417.7511503841679,45.48294446359786,23.136743559337564,46.99289035709118
Nicaragua,6668976.124,0.045389556,0.004827758,0.153664719,0.017696887,11.627210768582698,3.3312236228464105,6.9930626419766355,24.94436921654561,15.73812770806494,3.608582580606332,19.589075038127817,5.637094956276616,11.902799880612736,41.21483313764277,209.7828750475641,646.3505621211206,1053.5846137810013,2860.729505251603,75.69470264789302,10.765044339870254,13.369183067286302,37.629726844717666,27.96391537969126,59.59242256843011,43.831947388619135,8.668601669423786,57.44157636305344,16.785183165202216,42.84645046774904,217.52997184182504,272.0574721322342,776.9627250289882,1485.5635921601147,6664.71341782627,412.8803416504997,44.10398309107813,21.15202986047861,46.04071162768551
Niger,25038186.78,0.011532016,0.001343964,0.161944043,0.017425627,4.252106964115899,2.2407818265323787,0.6340865577203316,15.49406553548832,8.496416808036264,1.9694456360784616,2.579184374666153,2.287694114900034,2.940621119874009,-3.143617403171575,187.92188921216604,485.62512247359706,1049.465113998673,1498.5835602511452,2.238475597639386,-2.070735371581967,2.541896202264146,26.76039021839059,27.883033230719462,59.508659308715224,43.76507131179489,8.65127306936416,57.15954856889188,16.747811740519005,42.74161898679208,217.0241627911379,271.95934142912324,775.1034794837362,1485.562954123553,6649.145839146421,412.14976601349105,43.89483909679307,20.84017801070971,45.897166204244456
Nigeria,231165679.3,0.009583698,8.36796e-4,0.159577825,0.019545744,9.733746136037883,3.1535138237116858,5.360475951136408,22.518123259701927,13.878910016781216,3.187754899444565,15.222000725870402,4.777178648451725,9.60187382398892,29.826361940444112,204.17034339928824,605.08633810593,1052.5269843091437,2511.0157602517556,56.835745316933455,7.469620226646104,10.589414091977805,34.83916212497645,27.948592764069172,59.57654456643181,43.81927110619067,8.665317684122506,57.38819175547946,16.778101468992126,42.826587207313246,217.43412742467956,272.0388627831127,776.6104312010501,1485.5634711462192,6661.763571251615,412.7418755815424,44.06439184486043,21.093236439218625,46.013520337306375
North Korea,26392264.57,0.041796182,0.00534692,0.014708176,0.003247729,NA,NA,NA,NA,NA,NA,NA,NA,NA,NA,NA,NA,NA,NA,NA,NA,NA,NA,NA,NA,NA,NA,NA,NA,NA,NA,NA,NA,NA,NA,NA,NA,NA,NA
North Macedonia,2176435.004,0.101901857,0.011859272,0.138484967,0.020324835,25.77937353097922,4.158224592771637,19.195367441005615,43.078654427201975,29.63432145022696,6.7539393706715884,52.229529684214306,12.064294778868978,29.10041714680624,126.33472142465337,251.73214625668504,954.7682660959244,1061.4895644047278,5474.565409243816,216.65061441378873,35.39575442543115,34.1457755128254,58.48700901095558,28.046126024766764,59.677689271156225,43.900015560392866,8.686230748262549,57.72765546933997,16.82319390090311,42.95305164553741,218.0443825496276,272.15746950519764,778.8534594309408,1485.5642425700953,6680.545565929165,413.62375745594824,44.31616718665848,21.465266788182497,46.18658169440138
Norway,5418070.187,0.088904293,0.008182352,0.139690632,0.019418503,71.38316304879413,15.389798635343457,58.51595391459615,101.51439599457454,74.41327892520583,16.889506027218136,157.40980837639103,32.775240011723625,84.51784918053863,400.624208790852,386.9090635070723,1948.6104294299007,1086.962399224789,13897.364411845376,670.8655523979431,114.76551135055774,101.09606181827633,125.69730907548912,30.818959570713115,62.625243831277906,46.248201170198875,9.289553666663275,67.08497989399709,18.119147475588555,46.574463105842966,235.55445715409303,275.6787122892954,843.1410374709724,1485.5872979010874,7219.36407139181,439.16391192407406,51.27346980370251,30.560752310390843,51.08899003482278
Oman,4703760.373,0.029365033,0.003562133,0.032773023,0.006790793,38.59559720739497,5.8053869199411245,30.245796290487988,59.50109524940838,42.21873912832031,9.60238005358407,81.78878325326444,17.884778327732175,44.6746098186549,203.41944309677132,289.7214806012032,1234.0718853568935,1068.6483016977932,7841.659835830087,344.30053789438364,57.70136912654711,52.961094449326055,77.37540070150988,28.262803627974137,59.903033928229,44.07986781901858,8.732770508256852,58.478913757406474,16.92349829335413,43.234242292503126,219.40158685241133,272.4222554505214,783.8412935619934,1485.5659659625824,6722.315777103555,415.58715903780853,44.87354115089503,22.273962376026976,46.57088499211176
Pakistan,235553608.3,0.01541475,0.001780197,0.2015656,0.020890838,9.582919826510446,3.137258686376987,5.230430202549016,22.32485758291726,13.730811690483163,3.1542333406017615,14.87413592257349,4.7086809321583,9.418590661657197,28.919198927040252,203.7232701236297,601.7993843827121,1052.4427375018115,2483.158871539525,55.33351132382151,7.207119069358942,10.36798809400648,34.616876178388495,27.94723271882052,59.575135440823104,43.818146109758786,8.665026222320588,57.383452318095394,16.777472936228293,42.82482421252284,217.4256207098552,272.03721143662864,776.5791629837714,1485.5634604081522,6661.501755991843,412.72958666710093,44.06087703040596,21.088011536476415,46.01110676474084
Palau,18096.84549,0.058080245,0.006929947,0.052640833,0.010674317,20.15280079404001,3.8208650388731735,14.344013152425308,35.868881865705475,24.109516078102075,5.50341822700924,39.25243951669909,9.508988716904575,22.2630421056296,92.49302168957324,235.05408582998743,832.1485171636307,1058.3467387876783,4435.364681895414,160.60980259103843,25.603153521553303,25.885482681034127,50.194635811643266,28.010426858136267,59.640647271641825,43.87044605457298,8.678573536324773,57.60349982038455,16.80668496696123,42.906755228694855,217.8209685046725,272.1140150822667,778.0323092770589,1485.5639599014355,6673.669516346319,413.3008326467851,44.224076888733585,21.329698945067697,46.123243127296206
Panama,4292001.105,0.053314244,0.005718319,0.050393499,0.008716808,32.78872675764749,4.877660809271948,25.23898536371101,52.060292971691986,36.516897073497745,8.311787251282977,68.39585563273826,15.247590121870012,37.61813815522308,168.49332104191538,272.5089889515215,1107.5229131991584,1065.4047674794335,6769.158994353677,286.4639561299731,47.59497443949783,44.43610906412283,68.8173069665377,28.132152611438094,59.767050932656986,43.97134384130149,8.704695118940297,58.02639560993468,16.862996285325227,43.06465213397064,218.58298523891727,272.2623832207542,780.8329739262736,1485.5649252139292,6697.122095668119,414.4025823408667,44.53777982376611,21.789184884880054,46.339187168256935
Papua New Guinea,10461571.55,0.014622765,0.001805394,0.139893263,0.019171554,7.821323339894037,2.9186218304595695,3.711543116279245,20.067584708747567,12.001077056666093,2.7627137146929552,10.811201430406069,3.908652497186922,7.277909928759097,18.323864583797647,198.5016167255739,563.4089593392744,1051.4587654065615,2157.8005342754063,37.78796418000347,4.1412009423514835,7.781812901535412,32.020657098571334,27.929616736376495,59.55688693076208,43.80357693429753,8.661251460062816,57.32205022317231,16.769332503779566,42.80199022215356,217.31544484549528,272.015828731807,776.17418523024,1485.5633213705785,6658.110816130358,412.57043551919935,44.01534151608005,21.020241696945288,45.97984414510304
Paraguay,7168840.816,0.042378408,0.004711528,0.039814345,0.008242287,19.918503816761586,3.809252063836608,14.141997165311375,35.5686586220009,23.87945681125171,5.45134508449758,38.71205851706192,9.402582825728771,21.97832592411657,91.08381428666551,234.3595921608328,827.0424894141156,1058.2158679047068,4392.091165211841,158.27619856098687,25.19537832717793,25.5415145618241,49.849331828934886,28.009250953243065,59.63942754629935,43.869472358180246,8.6783213643234145,57.59940836308929,16.806141256560274,42.90523041187497,217.8136103517164,272.1125845484055,778.0052642396703,1485.5639505966574,6673.443052759551,413.29019844325813,44.22104223558316,21.325221723684745,46.12115669407156
Peru,36270781.48,0.095233099,0.008763916,0.08950839,0.016685966,19.80361881265931,3.803588589641568,14.042940797713731,35.42144738186779,23.7666497229022,5.425811578856315,38.44708850301717,9.350407840860267,21.838718405227254,90.39282458571172,234.0190546560104,824.5388035972378,1058.151696774111,4370.872461498885,157.1319409112308,24.995430144223143,25.37285349224686,49.68001573305183,28.008678762641942,59.63883404234199,43.86899856839232,8.678198659618582,57.59741743340215,16.805876691155458,42.90448844568444,217.81002992584772,272.11188847537215,777.9921043036632,1485.563946069131,6673.3328571463935,413.2850239450151,44.219565556298534,21.323042853711932,46.12014144158248
Philippines,113249535.8,0.043643835,0.003629284,0.132049479,0.014579053,13.521087735066343,3.4704948426519096,8.626004856172912,27.371143529469876,17.597750275436983,4.0295019041111155,23.957100354656134,6.497198525417183,14.20422700278992,52.60578436700327,215.39662891950417,687.6237721187945,1054.6424735695591,3210.519406332456,94.5577668356826,14.061186087414782,16.14955738429009,40.420899257110065,27.976504414041116,59.60547125212856,43.84236465466952,8.671300201588485,57.48542183378564,16.791002142374595,42.86277134162781,217.60872514612385,272.07276822044116,777.2521939403042,1485.5636916345466,6667.1372391399755,412.9941271581767,44.13650083340997,21.200236447886635,46.06305107693956
Poland,38238455.52,0.131594182,0.013584018,0.069634029,0.012333033,40.28401268072066,6.131322269122237,31.70158510374695,61.66459550455867,43.876616367899544,9.977634999604554,85.68293354012177,18.651571630834592,46.7263614543644,213.5746214171771,294.72621378533614,1270.8674785380492,1069.591397193023,8153.501994454848,361.11720022917774,60.63992153904197,55.43983361852492,79.86376651048482,28.313926629190252,59.95633051067859,44.12239655102919,8.743767018597389,58.65559806345639,16.9471896557139,43.30063430426186,219.72209987088303,272.4849885444669,785.0190751351569,1485.5663745140498,6732.179926978486,416.0512493470407,45.004661450925305,22.46140488233769,46.66152479900552
Portugal,10607848.7,0.099136271,0.011691236,0.158021673,0.019920881,38.550691674342296,5.797052167828034,30.207077756037023,59.44355423906348,42.174645798002416,9.59239967633219,81.68521342866784,17.864384495431402,44.620040903391555,203.14935335705547,289.5883734276607,1233.0932602779997,1068.6232188869556,7833.36600141399,343.85327760908,57.62321462928561,52.89516926358243,77.30921948317386,28.26153175239443,59.90170860066896,44.07881021520719,8.732497005980054,58.47451534655151,16.922909005643714,43.2325907743122,219.3936143148111,272.4206959918882,783.8119964415351,1485.5659558077502,6722.0704124415215,415.5756171496736,44.87027718451439,22.269283267285154,46.56862982973653
Qatar,2977061.658,0.017704099,0.002373836,0.019108625,0.004165935,87.6115545199894,21.83331955991852,72.5084285952614,122.30911722480177,90.34814879587928,20.496310313089516,194.83886319209373,40.145358384144245,104.2384862346248,498.2318248349808,435.012608282703,2302.2753300378395,1096.027065554317,16894.669700345898,832.5007564809728,143.0097318413,124.9207366262553,149.61451139302173,33.58746214495101,65.69425586444086,48.68414829264607,9.906735197273209,76.00166951653482,19.43637313807252,50.23308641583093,253.30329606031117,279.4747121026419,908.184273511901,1485.6124837639195,7765.370733949285,465.4657518762705,57.926532013353466,38.09065809948286,55.955755782941296
Republic of Ireland,4941374.274,0.084711491,0.010153224,0.133072025,0.016549596,87.6518074798725,21.85027856999608,72.54313557919052,122.36069652524854,90.38767370374124,20.505256643259273,194.93170235268664,40.16363925194962,104.28740137286364,498.47393111272766,435.13192448613125,2303.1525617142815,1096.049549584898,16902.104227036332,832.9016770156542,143.07978890618912,124.97983143432522,149.67383570665518,33.59565993568281,65.70351320336503,48.691483539001005,9.90858196415014,76.0275909185683,19.44030345656689,50.24397428538365,253.35619161580084,279.4863571310225,908.3779610104172,1485.6125615561184,7766.997751453462,465.5446897293534,57.94589832965551,38.11161147551954,55.9701324480182
Republic of Korea,51570479.89,0.0352,0.00425,0.1402,0.01755,33.46378095,2.385773376,14.74602308,24.10849733,11.10288114,3.477731252,35.9763095,1.57e-5,4.239639338,87.8908782,118.4412078,1113.473926,531.993769,11629.60314,75.01653609,58.89153732,11.28033057,52.61487138,1.051325748,1.965849918,1.123683463,0.351725468,2.56530561,3.46e-6,0.303109485,6.268242402,8.447206909,90.92919121,43.44382461,949.7073319,6.126832348,4.199713948,0.805957159,3.981310954
Republic of Moldova,3593444.205,0.086999053,0.009006166,0.070469526,0.015358277,20.16999029134572,3.821720653556671,14.358834313613736,35.89090812783961,24.126394670363972,5.507238639689342,39.29208525965837,9.516795321159249,22.283930672319023,92.59640999247348,235.1050382459914,832.5231274179441,1058.3563402973368,4438.539498775603,160.78101043440506,25.633070470062297,25.91071834189109,50.21996947983381,28.01051363546136,59.64073728379051,43.87051791044034,8.678592145792013,57.60380174971978,16.806725090935924,42.90686775478722,217.82151151086808,272.1141206523263,778.0343051060695,1485.5639605881086,6673.686228573058,413.301617417555,44.224300831433425,21.33002931725091,46.12339709789267
Romania,18938555.15,0.096269242,0.01126439,0.056703841,0.008322427,37.8747230071982,5.673716050268353,29.62424276116244,58.57738213454039,41.510903321324264,9.442163795585932,80.12616376307763,17.557393559099715,43.79860812193911,199.08365835348263,287.5846943135227,1218.36189322268,1068.2456441638074,7708.517863230493,337.1206119803575,56.44674509972448,51.90278910664104,76.3129852352452,28.24291781548518,59.882315862590545,44.06333469507715,8.728494720398388,58.41012925149769,16.914285449286652,43.20842204261911,219.2769438975832,272.39788027697153,783.3832577878121,1485.5658072437586,6718.4797321231235,415.406724035472,44.822498570358945,22.200715711221665,46.53562457760349
Russian Federation,144853838.8,0.112589896,0.011577099,0.151701683,0.014771319,38.53670729717703,5.794460158328876,30.19502011965592,59.42563495080585,42.16091435513289,9.589291610348916,81.65295995361387,17.858033495379704,44.60304717810504,203.0652426354608,289.5469214997649,1232.7884991210483,1068.615407656061,7830.783154696973,343.71399284625596,57.598875936644234,52.874638994828075,77.28860948134219,28.26113657495507,59.90129682163396,44.07848161749048,8.732412028359683,58.47314871353708,16.922725912534386,43.23207764250083,219.39113722573572,272.42021147357843,783.8028937404794,1485.5659526526915,6721.994176966826,415.572031073828,44.86926303710526,22.26782928992258,46.5679291391139
Rwanda,13270032.61,0.011,0.00135,0.0748,0.01295,1.889878258,1.619018119,1.611736942,2.74269852,0.805868471,0.402934236,4.953825879,1.611736942,3.280584835,5.127355308,5.127355308,31.57384432,10.254710620000001,426.3826742,64.6177465,9.231106643,3.5016152,3.023310983,1.380740427,2.349610925,0.690370214,0.345185107,4.24383625,1.380740427,2.81040658,4.392495186,4.392495186,27.0486344,8.784990371,365.2728807,55.3566358,7.908090829,2.999758547,2.590005595
Saint Kitts and Nevis,58645.29054,0.054866598,0.007179845,0.030614165,0.005174685,29.641202161991835,4.503219638547391,22.525120696984487,48.027120821012886,33.426301499959806,7.612241321444729,61.1364257111916,13.8181429156412,33.793286488321385,149.56215508085782,263.17922323886523,1038.9289940014717,1063.646659765909,6187.8264492897215,255.11452872195372,42.116959022041,39.815272176208616,64.1785242081032,28.08570204270119,59.71878218467411,43.93281695998942,8.694723017818507,57.86516698634802,16.84150129205664,43.00438629952858,218.2921236616347,272.205699548206,779.7639943522319,1485.5645563566904,6688.1702962552,413.9819369037988,44.418171770672544,21.61476300039556,46.25679140643881
Saint Lucia,177512.3969,0.067822584,0.008456662,0.045753308,0.008357115,23.199295990127,3.985517614013,16.97076805735094,39.77259705795363,27.100909562628516,6.180510097120741,46.27885589890855,10.892553456270466,25.96512349525383,110.81653415276134,244.0843842630657,898.5407053628786,1060.0484146731817,4998.037586282187,190.95297453334192,30.905335330206125,30.357999718823876,54.684522692517056,28.02747882875328,59.658337639715235,43.88456793450925,8.682230685930378,57.6628173034854,16.814569980050543,42.92886792636719,217.9276769463924,272.1347653693431,778.4245152967715,1485.5640948753014,6676.953703005796,413.4550602199489,44.26807376554409,21.39453954798198,46.15349804096655
Saint Vincent and the Grenadines,114075.2638,0.062878828,0.007676496,0.154802076,0.020803893,20.639831842848334,3.8453286037315504,14.76394199326232,36.49295325986739,24.58773823582567,5.611662206538094,40.37572470828149,9.730173699232164,22.854879107138196,95.422328620456085,236.4977236609491,842.7623717637925,1058.6187789314847,4525.316957254817,165.46064459276312,26.450792201751263,26.60048615995825,50.91241613817435,28.01291553563485,59.64322877705373,43.87250684284304,8.679107242262196,57.6121585622309,16.80783568939797,42.90998237353183,217.8365414508953,272.1170428281123,778.0895478629103,1485.5639795952968,6674.148808423777,413.3233393761312,44.230499142445346,21.339172029077695,46.1276588186621
Samoa,213639.8551,0.021994285,0.002651708,0.153757504,0.018050033,10.591158829825272,3.239672109699627,6.099755961111262,23.616793943004943,14.720814756706703,3.3783172102072783,17.199531695123255,5.166572326712782,10.64379622090421,34.98337390648574,206.71185159373888,623.7719099733905,1053.0059079282637,2669.375731175426,65.37559820313558,8.961878607144037,11.848169689658324,36.102806331694815,27.955917730610075,59.58413447721352,43.82533058548352,8.6668875218667,57.413714775121186,16.781486757896772,42.83608261704708,217.4799445024871,272.0477578568024,776.7788408824943,1485.5635289885604,6663.173704723687,412.8080655228461,44.08332014340913,21.121358993672303,46.02651926094768
San Marino,32740.07406,0.092032618,0.011346156,0.116549513,0.018841742,56.32210243356166,10.263260429800496,45.52997747345209,82.21546809520667,59.62462649196637,13.542144209307285,122.67307773055104,25.93526454369963,66.21574508292808,310.03764484467894,342.2656738674234,1620.3851388956682,1078.5497670000725,11115.659477466055,520.8569942132989,88.55293707318054,78.985129132306,103.50050451291064,29.189710561577144,60.87682946870774,44.85642622298106,8.933064122571189,61.650841163365484,17.354510383010275,44.440728497997874,225.2296407641145,273.57496486523144,805.2500367630015,1485.573488021285,6901.670930112345,424.0503895505034,47.229360496712886,25.50521842752467,48.21240093089562
Sao Tome and Principe,216618.0231,0.015984869,0.001864959,0.01826097,0.003856102,10.0231574970822,3.183752797850462,5.610012767455963,22.88896892142135,14.163086818007717,3.2520773641353697,15.88949717590625,4.90861471794795,9.95356465056372,31.567061445861075,205.0282049063441,611.3934721444589,1052.6886403441545,2564.468636622773,59.718290052767344,7.973317608384175,11.014294868045726,35.26569300373763,27.951141338954837,59.5791852073965,43.82137929513917,8.665863863205944,57.39707250587144,16.779279289067755,42.82989090081052,217.45006828910476,272.0419574137951,776.6690251009072,1485.56349126958,6662.254190789133,412.76490427766976,44.070977925399205,21.103024531949483,46.018043081622515
Saudi Arabia,37704187.98,0.033387894,0.004400154,0.212194665,0.017908566,54.99222268427115,9.860465722661052,44.383326016756214,80.51138801399183,58.318800169856615,13.246574806267658,119.60585186760348,25.33130011563212,64.59968375560014,302.03892284046725,338.3236978447382,1591.403105144008,1077.8069382232889,10870.037130193174,507.6113570801304,86.23838748076997,77.0327512508135,101.5405442125798,29.08630583143248,60.76741976903609,44.76922834727488,8.910625215314646,61.3001483266794,17.30627655721324,44.30585350105008,224.57773917780167,273.44477044566503,802.8561124733296,1485.5726368424107,6881.610023596542,423.1012021088692,46.9687101050867,25.160406914170583,48.02946546073317
Senegal,15859552.13,0.01895424,0.002263732,0.180752025,0.014117846,8.080279694292653,2.954430021365703,3.9348209586181775,20.399405962263245,12.255349688482386,2.820267471056078,11.408456654428983,4.0262574359509316,7.59259202692075,19.881388781879227,199.26920472780188,569.0523882337977,1051.6034102378562,2205.6285184540884,40.36717625201388,4.5918938150305415,8.161983107803696,32.402303765806074,27.932415508842425,59.55978580193764,43.80589134944138,8.661851133402145,57.33180740308915,16.770625751355503,42.80561786716608,217.3329483333469,272.01922516082544,776.2385238879322,1485.5633434545784,6658.649530599507,412.5957183541868,44.022577284909545,21.03102049143184,45.98481115552906
Serbia,8919508.965,0.10795373,0.012057568,0.051669785,0.011165485,26.823184189680713,4.240172676731761,20.095363860195608,44.4161715621173,30.65925279019082,6.985929137748946,54.63696768761091,12.538341028411276,30.36884915314375,132.61284641184903,254.82616779586533,977.516003819556,1062.072604033093,5667.352181307601,227.04699591239392,37.21242359115104,35.67817935881383,60.02536422931918,28.05524612986075,59.687156307226395,43.90757255759221,8.688187425312114,57.75935616871752,16.82741222847893,42.96488049027995,218.10146727738743,272.168578616331,779.0632683505961,1485.5643148414954,6682.302466554704,413.706280907864,44.3396817035637,21.499790925116816,46.20276186663136
Seychelles,105431.4959,0.036104297,0.004359823,0.171698575,0.01330368,32.05514094694681,4.7823981791626995,24.606471605305316,51.12029146513187,35.79657956986613,8.148745803164967,66.70391816811195,14.91443237972479,36.72668939109056,164.08108078548662,270.3345234196514,1091.53589727775,1064.995009641765,6633.669248873675,279.1574222424044,46.31822686885374,43.359141983638416,67.7361572861802,28.119990712784336,59.754409051273946,43.96125367009166,8.702083690445303,57.98419959274634,16.857367585751767,43.048871591986014,218.50682152235095,272.2475341333696,780.5530596649147,1485.564828579158,6694.778022554021,414.29242115897034,44.506475474853175,21.743624365700644,46.31761494816407
Sierra Leone,8867262.191,0.014643421,0.001712572,0.069567691,0.013832507,6.259650266134346,2.669728069491902,2.3650343767750877,18.066489512145615,10.467649837149896,2.415627612810085,7.20936897611088,3.1994192110007855,5.380174842726834,8.930993698192662,193.87256826061457,529.3754598767034,1050.5864642080992,1869.3670828642155,22.23365946433541,1.423233563513337,5.489142478546086,29.719082668027816,27.911099134953208,59.5377108083529,43.78826676389267,8.657284291685778,57.25747627408735,16.76077670408948,42.77798993992123,217.19964467510653,271.9933643447713,775.7485275423965,1485.5631753112991,6654.546765637235,412.4031807531497,43.96745557006745,20.948813214507258,45.94697978740375
Singapore,5727285.715,0.029381507,0.003706096,0.071236073,0.013063904,96.43467685258884,25.65283858146607,80.11591797968016,133.61488154606906,99.01168803034722,22.457273326612583,215.18845421709943,44.152376339129304,114.96028780774029,551.2995573012173,461.1657523537221,2494.5573986796453,1100.9553826997092,18524.257652764172,920.379285995778,158.36567226343334,137.87383926358748,162.61791978846747,35.53809343007392,67.92304141339713,50.44818043786807,10.349039393264356,82.10399071158679,20.376000417330825,52.83178538319042,265.93964389467516,282.31137639624745,954.4314701453887,1485.631529163369,8154.022119596544,484.4079685503879,62.48901627769112,42.91631372393671,59.371715538741775
Slovakia,5429455.08,0.105711073,0.011450288,0.135728016,0.016365043,38.32399980707255,5.755244747081071,30.01161906139592,59.15307602417687,41.952054088152735,9.542016790271552,81.16237280448316,17.76143246233505,44.34456640270092,201.7858878047199,288.9164225194738,1228.1529704871791,1068.496595977959,7791.497111707103,341.59542067389674,57.22867552206792,52.56236610013266,76.97512381738633,28.25517869249056,59.89508900042337,44.07352778249203,8.731130909251696,58.452543150642256,16.91996558420706,43.2243415554636,219.3537922645795,272.4129073624249,783.6656597173616,1485.5659050908755,6720.844839212125,415.5179680209052,44.853972210189745,22.245899387481813,46.55736510469428
Slovenia,2069651.475,0.11968807,0.013054184,0.057024096,0.011530535,43.71623628236781,6.866061906121738,34.66092349102165,66.0625750038049,47.246761619594864,10.74045606036481,93.59899136716024,20.210314792142633,50.89717752425593,234.218143856342,304.8998728318818,1345.6658355468328,1071.5085287690322,8787.417066739927,395.3022371932859,66.6134328602667,60.47863313988568,84.922135137179,28.439021386258496,60.086949652408045,44.226612415309035,8.770700140646841,59.08704007515751,17.005201548339546,43.463167390432474,220.50684258895063,272.63890938084535,787.9025443138034,1485.567377326959,6756.330999732452,417.18819724842353,45.32489570131133,22.914993776558067,46.883262549250695
Solomon Islands,683564.3095,0.016262231,0.001980111,0.226836442,0.019234251,5.763239048087999,2.5768118762778736,1.9370177485072388,17.430398565414777,9.98021716854861,2.3052988650729977,6.064449424203004,2.9739742280588244,4.776939119824483,5.945268609106098,192.40112610956697,518.5571834996118,1050.3091845983602,1777.6823356875002,17.28939073132851,0.5592694472011797,4.760368104204726,28.987477964272617,27.904606124768787,59.53098844415836,43.78289954447742,8.655893436839536,57.23482696964614,16.757777009107755,42.76957506491643,217.1590440856071,271.9854905229159,775.5992865307894,1485.5631241200217,6653.297175174465,412.34454476794986,43.95066001904189,20.923721048180216,45.935455828605264
Somalia,21606520.74,0.009666714,0.001278485,0.064330985,0.011505325,3.907814283965839,2.150601006408589,0.337229865651437,15.052896099932369,8.158351321672166,1.892925648465178,1.7851100130231703,2.1313337133181633,2.5222388669150955,-5.214407215614763,186.9013507080933,478.1219613179497,1049.272802994172,1434.9943701063637,-1.190688513857694,-2.6699493102379996,2.0364449283099715,26.252975931385592,27.87775334287367,59.50319568841128,43.760708910827326,8.650142419726794,57.141118223007645,16.745373048201284,42.73477734698999,216.99115420790943,271.95294423068304,774.982142620806,1485.5629125375551,6648.12990907773,412.10210354838733,43.881172893698874,20.819689961757543,45.887794603954845
South Africa,56854390.88,0.05880985,0.006467303,0.10390284,0.015599025,18.34681897329251,3.732748020714225,12.786856058611995,33.554734553203126,22.336198904092974,5.10203383947831,35.08713498328915,8.688802697792699,20.06842459985557,81.63072640571322,229.70086721109345,792.790803722462,1057.3379744482595,4101.808588435981,142.62217635679997,22.459986262000648,23.234145999589018,47.53300217621665,28.001592573171752,59.63148441694798,43.86313138387418,8.676679109697716,57.57275879646307,16.80260033224273,42.89529989444637,217.7656899833231,272.1032691176426,777.8291313249135,1485.5638900064728,6671.968195575239,413.22094471345656,44.20127630537928,21.296044256645587,46.10756810015805
South Sudan,9672522.382,0.009119952,0.001086767,0.031890277,0.006976014,NA,NA,NA,NA,NA,NA,NA,NA,NA,NA,NA,NA,NA,NA,NA,NA,NA,NA,NA,NA,NA,NA,NA,NA,NA,NA,NA,NA,NA,NA,NA,NA,NA,NA
Spain,45549328.18,0.0761,0.00925,0.0388,0.0074,31.54842241,8.624369909,0.0143879,48.76866862,35.12438947,0.08363179,65.29491772,0.001406513,28.21776684,159.6584917,293.9507836,1122.019705,697.621439,8223.148593,395.7473702,66.32099487,47.6040492,60.97033695,5.607655327,7.926676874,16.66133326,1.478119456,11.0550977,2.56069e-4,10.66407803,34.09880469,58.81877928,185.1671928,119.4527112,1526.734513,39.49687799,10.09141526,8.643450241,9.595881073
Sri Lanka,22270054.6,0.037960057,0.004510029,0.131365986,0.018324983,18.91321253296885,3.7601734176836095,13.275212995103823,34.28049940802383,22.892348149386308,5.227916353599107,36.3934613453328,8.946030136975484,20.756702414694743,85.03736872148943,231.37974820227976,805.1342033960191,1057.654343981172,4206.4187350918455,148.2634710453151,23.44574906002222,24.065660472022955,48.36774598814472,28.004320346818595,59.634313485284565,43.86538982817601,8.677264034631472,57.58225145879488,16.803861518661837,42.89883691368554,217.78275804060087,272.10658684664867,777.8918656685364,1485.5639115856789,6672.493503619159,413.2456107731833,44.20831695844326,21.30644039821796,46.11240813958309
Sudan,43419045.81,0.032262088,0.003593549,0.055898002,0.011924705,6.82855448705087,2.767484268523602,2.855556060395267,18.79547147574052,11.026264333557158,2.5420681282421977,8.52148591064283,3.4577868661172357,6.071503596974967,12.352736688535646,195.55889125279015,541.7735743234127,1050.9042361169925,1974.4409364885869,27.89996040455833,2.41336596709756,6.3243428176727665,30.55752666139031,27.918176909308656,59.5450395092698,43.79411803102424,8.658800521735452,57.282161185094026,16.764046736647646,42.787163007631264,217.2439038903091,272.00194911455674,775.9112161258697,1485.5632311264585,6655.908958763619,412.467103569766,43.985760880986135,20.976137640692944,45.95954136185698
Suriname,579247.1179,0.054353177,0.006696841,0.02558424,0.005389955,22.641029511543557,3.952813548848453,16.489418468236817,39.05724607477524,26.55274040457141,6.056433848948697,44.991273782975654,10.63901692815445,25.286721657145105,107.45877314554136,242.4295932385246,886.3744189498718,1059.7365846707874,4894.928472133643,185.39262578536443,29.933717068366175,29.538416500606964,53.86175647202772,28.024035474461133,59.65476492723388,43.88171593574385,8.681492131835203,57.650841160559395,16.812977647655003,42.92440247835024,217.90612797722983,272.13057431314195,778.3453126826319,1485.5640676130165,6676.290486738715,413.4239136688222,44.25919071480643,21.38145876290822,46.14738869271221
Sweden,10373513.22,0.0813,0.011925,0.1277,0.01705,71.66678444,10.50586382,126.7685604,237.3348767,105.0934127,11.61820897,226.6916882,59.46366436,179.2937291,801.4838026,259.4912754,2892.330178,1019.802001,13529.99123,1158.518311,222.9484409,152.018811,162.7682001,8.491397995,44.31334173,28.2950161,2.243379245,70.17678364,1.141054375,35.45173213,82.97738294,3.250098805,348.2541251,246.2193309,1426.275788,250.9570432,27.45424836,6.659134412,4.905308916
Switzerland,8922811.61,0.0763,0.0086,0.1534,0.0199,52.2664791,5.939542934,41.38804924,222.3200953,196.1868558,24.00756935,274.5865744,45.76442907,65.39561859,152.5480969,697.4699053,1652.270945,837.0139022,16305.14085,662.7089456,30.50961938,102.4672355,137.2932872,4.703322276,25.26437162,22.29460015,2.728211109,31.20391455,5.200652426,7.431533384,17.33550809,79.26021648,187.7634458,95.11794355,1852.910045,75.30999414,3.467101617,12.87374617,15.60195728
Syrian Arab Republic,14030436.26,0.062640595,0.007480707,0.034944235,0.006749221,8.620475302780143,3.0248232054710176,4.400589447613781,21.09160131065799,12.785774822805536,2.9403274190404405,12.654360235025257,4.2715870846645,8.249034259787862,23.13046036334558,200.870430806591,580.8248566588833,1051.905146423621,2305.4000304377746,45.74753866055027,5.532061169344901,8.955036734083077,33.198437361804814,27.938016097014536,59.565587144861205,43.810523025447985,8.663051187889392,57.351330322401765,16.77321374235025,42.81287726998976,217.36797537463133,272.0260226065187,776.3672745061385,1485.5633876532354,6659.727576513932,412.64631446993087,44.03705529660355,21.052576468659588,45.994750460696245
Taiwan,23636689.39,0.0466,0.0059,0.160668689,0.020225,21.42858929,1.26e-5,8.214303571,62.65752296,21.42858929,2.857160714,35.71428571,36.78155614,24.19626384,138.6896587,757.6144084,1636.634177,6434.588842,976.9874285,96.13505841,29.64289286,29.64289286,188.075824,1.26e-5,20.75666164,1.26e-5,1.26e-5,5.682108063,8.548456319,4.924493655,25.25381361,154.6473935,412.3930494,3938.461577,253.1686943,28.23462197,2.06e-5,2.53e-5,47.91574237
Tajikistan,10159942.15,0.041450721,0.004842472,0.074787166,0.014657557,7.833258784888063,2.920303086254995,3.721834118451445,20.08287853819764,12.012796626234396,2.7653663999103806,10.838729261844207,3.914072975401884,7.2924138048348,18.39565175594964,198.5369952912011,563.6690681723042,1051.4654321687333,2160.0049531461673,37.906841524739406,4.161973632033314,7.799335161592788,32.03824740955062,27.92974738619356,59.55702224997452,43.803684971335706,8.6612794530692,57.32250571440067,16.769392873352974,42.80215956341726,217.31626192015224,272.0159872742687,776.1771886056781,1485.5633224014348,6658.135963690706,412.57161572820854,44.015679300164216,21.02074496202538,45.98007601154789
Thailand,66683246.23,0.056217959,0.006507257,0.12772254,0.018644616,24.178979075623182,4.046593020110469,17.815472277927135,41.02794246251956,28.062873199603295,6.3982473360723136,48.53839049136269,11.337476190626548,27.15562808662936,116.70895612346423,246.98832143100623,919.8909126014872,1060.5956346668866,5178.980306232233,200.71064372328811,32.610395571507226,31.796258770452788,56.12836748788487,28.033984164661323,59.66508797876384,43.88995650603026,8.683626070878287,57.6854403857895,16.81757840658176,42.93730447609244,217.96838961363775,272.142684525644,778.574152910569,1485.5641463895467,6678.206722838035,413.5139076895294,44.28485412869653,21.41923491814293,46.16503993095979
Timor-Leste,1397733.358,0.022826262,0.002688418,0.045167486,0.007649424,11.294517555161509,3.3031842651487993,6.7062072642586426,24.518063094921555,15.411451889815629,3.53464060612428,18.821753609873113,5.486002448496819,11.498513225100249,39.21380971559002,208.79671921586868,639.1001878331706,1053.3987818718367,2799.2826804196084,72.38106952881148,10.186018347533285,12.880760808392049,37.13940770808677,27.961442519483715,59.58985977391309,43.8299013883073,8.668071641601358,57.43296219739993,16.7840402160468,42.84324469626558,217.51450316975547,272.05446823421744,776.9058673782871,1485.5635726256426,6664.23733197447,412.8579931317577,44.09759454381916,21.14255029297452,46.03632340450608
Togo,8370929.821,0.015509225,0.001935363,0.134426292,0.015144324,5.852090587219018,2.594001213400911,2.013627492229261,17.544251068319063,10.06746165709665,2.3250463620885125,6.269376026725337,3.0143261238169283,4.884910939336594,6.479676897926577,192.6644962654175,520.4935227117519,1050.3588142586082,1794.0927845358358,18.174354388141,0.7139084615861027,4.890809807545583,29.11842626197622,27.905790095513876,59.5322141765495,43.78387818837268,8.65614704540235,57.23895724207593,16.758323977781362,42.77110945639171,217.16644727925672,271.98692615878724,775.626499499566,1485.5631334536292,6653.525028107573,412.3552363765159,43.95372279814351,20.92829829744284,45.93755718546878
Tonga,106299.513,0.025884933,0.003282078,0.143492194,0.019295673,11.532397573831965,3.323356227181208,6.911312628163042,24.8228775728859,15.645029391878928,3.587510089362139,19.370398512492113,5.594035576681259,11.787583495493092,40.64456775271087,209.5018335920934,644.28430070776,1053.5316541284333,2843.217967490733,74.75036074496936,10.600029539560282,13.229989140614563,37.48999233281303,27.96321944710791,59.59170131402468,43.83137157780745,8.668452503188234,57.439152147567555,16.78486150473454,42.845548268856575,217.5256184942824,272.05662672713225,776.9467235953258,1485.5635866623888,6664.57943302635,412.87405206970334,44.10218521020737,21.149362387777963,46.039476661012806
Trinidad and Tobago,1393135.542,0.063549017,0.007777066,0.115099041,0.015887497,32.398280160991604,4.826344629283293,24.90233375362651,51.55998287335837,36.13351245277288,8.225009429788965,67.49533218315443,15.070268935073996,37.14366995944897,166.14493293704567,271.35164286592413,1099.013920977464,1065.1866763565722,6697.045399416624,282.57509780128316,46.91543329178873,43.86289987011739,68.24187160912805,28.125572075032707,59.76021034146664,43.96588401694317,8.703282089388289,58.00356581700047,16.85995065065806,43.05611349997008,218.5417739302785,272.25434800887365,780.6815158966996,1485.5648729217885,6695.853745197035,414.34297426557737,44.52084277989565,21.764542483067856,46.327515002483075
Tunisia,11842577.92,0.065109745,0.00707597,0.153533305,0.014912285,17.138564056405365,3.673592909624276,11.745072197140512,32.00650198706643,21.149797595905905,4.833495887310415,32.30042382982815,8.140074145284984,18.600160987467405,74.3635316119297,226.11940662099,766.4593366852996,1056.663081457045,3878.6497585130874,130.58792573978587,20.35711498593138,21.46032383544709,45.75229104722791,27.99577600981116,59.62545233019912,43.85831594053646,8.67543190465064,57.552514995098534,16.799911137761157,42.887757914373914,217.7292960265148,272.09619550824186,777.6953633693065,1485.5638439991094,6670.848088664628,413.168351191854,44.18626172593134,21.273862482075828,46.09724732837743
Turkey,83612044.79,0.081425969,0.008838809,0.118203021,0.013485224,33.099217094039176,4.919467368233301,25.506696934402612,52.45814879131556,36.82177159635387,8.38079457576162,69.11196849217833,15.38859920072796,37.99544401721499,170.3608025846009,273.42933190883355,1114.289420782772,1065.5781975635505,6826.505055357133,289.55644801233603,48.13535809593459,44.891935589424605,69.27490377804547,28.137563973513636,59.77267675748181,43.97583405898904,8.705857169082803,58.04516646917778,16.86550091889378,43.07167392334834,218.61687587016797,272.26899203454605,780.9575267007094,1485.5649682244068,6698.165138616411,414.45160377794065,44.55170577907057,21.80943248280859,46.34878536469536
Turkmenistan,5158372.88,0.044225799,0.00491497,0.047069579,0.007927723,20.849780146760715,3.856033745929523,14.9449640207354,36.76197662304951,24.793889221790643,5.658323789955445,40.85994808861763,9.82552164882222,23.110006937208475,96.68508799335936,237.120043972592,847.33776952689,1058.736049415426,4564.093391921508,167.55173519838456,26.81619047291596,26.90870833195093,51.22183534770032,28.014009495323645,59.64436357875772,43.873412740548574,8.679341850512719,57.615964557808184,16.808341525298076,42.911400958706906,217.84338700970477,272.11837382306436,778.1147087743469,1485.5639882527737,6674.3594956817215,413.33323301002974,44.23332208823579,21.34333509308759,46.12959983528966
Tuvalu,12367.08824,0.046425093,0.005147836,0.045787534,0.008938609,9.565528756382337,3.135361923746533,5.215435240856774,22.30257302958668,13.713735171230155,3.150368127811862,14.834025273389056,4.70078278367607,9.397457144969028,28.814598240109937,203.67172021357925,601.4203812572797,1052.4330233999483,2479.94682513553,55.16029580986445,7.176851299436077,10.342456506904922,34.59124543466933,27.947074472895103,59.57497148651856,43.818015214248426,8.66499231002559,57.382900857871206,16.77739980474456,42.82461908289578,217.42463092970428,272.0370193013743,776.5755248365974,1485.5634591587752,6661.471293048342,412.7281568248689,44.06046806259851,21.08740353357459,46.010825936707455
Uganda,43315053,0.008197237,0.001017671,0.137244415,0.016116567,6.013356121671973,2.6245667300004207,2.1526741692645133,17.750893349468434,10.225810394905547,2.360888067155873,6.641317789384742,3.08756481049882,5.080879780729456,7.449627887584082,193.14251307140185,524.0079781841271,1050.4488920868923,1823.8777475204083,19.78056333491977,0.9945782569093956,5.127561485793928,29.35609740894124,27.907914710986446,59.534413799703415,43.78563439754729,8.656602150026378,57.2463686382194,16.759305517237095,42.773862921145984,217.17973233977537,271.9895025167953,775.6753332126234,1485.5631502036238,6653.933911015587,412.374422729506,43.9592186941517,20.936510071414663,45.94132801733923
Ukraine,43077810.63,0.126736943,0.013243173,0.150520424,0.020314157,22.105148450508267,3.92267397546329,16.027370076583615,38.37057929719802,26.02655178083057,5.937332820908423,43.75532124610297,10.39564672967368,24.635522434622455,104.2356519296344,240.8411561676246,874.6959773418347,1059.4372584548023,4795.953836163141,180.05523638245216,29.001058839634226,28.751697001167862,53.071981602616646,28.020886882478457,59.65149824748849,43.879108221812885,8.680816824803777,57.639889324678045,16.811521663335284,42.92031936082565,217.88642412211215,272.1267424191731,778.2728915331809,1485.5640426874024,6675.684057598494,413.3954346594507,44.25106747682992,21.369492135155596,46.14180227361912
United Arab Emirates,9631150.806,0.059187124,0.008889453,0.138445029,0.016053249,58.02718340902945,10.792932045900429,47.000135647788994,84.40032317605376,61.29886780610192,13.921103108652964,126.60566522138602,26.70962647883444,68.28774852977067,320.29305983593133,347.3198062621881,1657.5439229185731,1079.502171317831,11430.57967360271,537.8396453859064,91.52049446241176,81.48833469238235,106.01343173249512,29.331391737645117,61.02704826454328,44.97612752879914,8.963846536628608,62.130132322277454,17.420658163172007,44.62563991528181,226.12353574721152,273.7540012586675,808.5323086468827,1485.5746591777745,6929.178277057325,425.3529369792828,47.58566197618034,25.972171285445473,48.46297750391973
United Kingdom of Great Britain and Northern Ireland,67848390.1,0.0858,0.00825,0.0645,0.02105,0.095862048,25.83933881,12.73515077,0.461814306,0.012994985,0.003096461,0.038941156,0.291779258,0.522231078,810.8114865,965.0578957,3574.742072,2626.520011,18685.35121,399.8533105,0.001351351,50.26461959,64.40304008,19.69437868,31.45805371,30.83192733,5.708250586,60.60147486,10.49977477,41.91458482,6.75676e-4,168.9189189,338.0829941,284.8720731,1282.480669,121.9512605,0.001351351,22.33325883,29.61130822
United Republic of Tanzania,58447852.23,0.0097,0.001125,0.0712,0.01165,17.70272359,15.16554314,1.770272359,1.770272359,5.900907862,2.360363145,17.70272359,1.770272359,5.900907862,35.40544717,35.40544717,295.0453931,247.8381302,944.1452579,82.61271007,4.130635504,19.47299595,19.47299595,1.516554314,1.516554314,5.055181047,2.022072419,15.16554314,1.516554314,5.055181047,30.33108628,30.33108628,252.7590524,212.317604,808.8289676,70.77253466,3.538626733,16.68209746,16.68209746
United States of America,332643423.7,0.1341,0.01205,0.0897,0.00925,76.40150736,14.10464162,71.43425418,107.2572807,101.5575257,24.99641789,200.8907574,47.88746787,133.140852,583.3590633,681.9899505,3293.965833,2073.65454,24402.44856,1893.793227,166.7532055,119.7257566,156.256514,13.28878312,23.47395322,17.30178936,4.631431399,43.22961629,10.85595928,35.60421117,155.3715362,210.0857955,360.2719138,230.9960718,2592.919133,255.9405313,41.46172651,22.53505028,33.12471657
Uruguay,3405618.289,0.069370199,0.00823192,0.01457578,0.003167265,31.63075677830784,4.72953104389405,24.240558277105418,50.57649447224856,35.379871203270525,8.05442526369438,65.72512132684162,14.721698456353383,36.21098047587958,161.52857106440652,269.07658094923295,1082.287304458943,1064.7579620643091,6555.287548797285,274.93054480792046,45.57962008499011,42.73610951431302,67.1107051555909,28.113342595559224,59.74749973934293,43.95573889689793,8.700656338870584,57.96112851390504,16.85429097719504,43.04024583811229,218.46519048553773,272.2394194772406,780.4000575272598,1485.564775772889,6693.496752193402,414.23221097916417,44.489359842878855,21.718687344317168,46.305822518438305
Uzbekistan,34232868.96,0.040783229,0.004520733,0.097117149,0.01367453299999999,13.931219629236242,3.4968585344305154,8.979629561066902,27.89667795609656,18.00046414729608,4.120654836691659,24.903025844301872,6.683459783269043,14.702616645631934,55.072572065872976,216.61232537162223,696.5617655018848,1054.8715602771572,3286.268780357608,98.64269124318018,14.774987924755298,16.75166628857194,41.02534656213997,27.978944863315075,59.60800115576874,43.84438435151108,8.671823369318904,57.49391991769586,16.792130250786222,42.865935357993514,217.6239926833996,272.0757341431988,777.3083115809503,1485.5637109233587,6667.607133657547,413.0161873636928,44.14280348640767,21.209571371559132,46.06738160399738
Vanuatu,312981.8864,0.017776189,0.002102367,0.169582864,0.015980782,6.668643956416893,2.740890483874149,2.7176776973400476,18.590565468129505,10.869246091723046,2.506527576470919,8.152669319834622,3.3851635539509677,5.877181347517501,11.390935532626964,195.08489089458465,538.2886484129667,1050.814915150996,1944.906236145248,26.307247331304808,2.135054447805315,6.089580401601639,30.321852502268293,27.916226436700555,59.54301979160855,43.792505485687606,8.65838267156989,57.275359025896016,16.763145571439008,42.7846350842987,217.23170684366016,271.9995831582795,775.8663821639446,1485.5632157436658,6655.533562872806,412.4494872757841,43.98071665354598,20.96861051709209,45.95607970429243
Venezuela,26628840.09,0.062028726,0.006529459,0.091638885,0.014419814,NA,NA,NA,NA,NA,NA,NA,NA,NA,NA,NA,NA,NA,NA,NA,NA,NA,NA,NA,NA,NA,NA,NA,NA,NA,NA,NA,NA,NA,NA,NA,NA,NA,NA
Viet Nam,100267854.3,0.031981363,0.003822463,0.204605429,0.022397681,16.754925326077114,3.654349083225155,11.41429047855992,31.51491534618127,20.773097708182476,4.748231132683918,31.415601998140772,7.96584474862648,18.133965667116495,72.05609023944358,224.9822401387316,758.0987081121152,1056.4487929930478,3807.793543506968,126.76687393802072,19.689422386365223,20.89710917489125,45.186889038878014,27.99390358848244,59.62351066611818,43.856765892090934,8.675030431409096,57.54599765310259,16.79904548117494,42.8853301119713,217.71758069091652,272.09391870230013,777.6523028818917,1485.563829190822,6670.487522348345,413.1514216085349,44.18142793137773,21.266717962113965,46.09392491306522
Yemen,33643472.51,0.030970746,0.003485467,0.117617644,0.014377626,NA,NA,NA,NA,NA,NA,NA,NA,NA,NA,NA,NA,NA,NA,NA,NA,NA,NA,NA,NA,NA,NA,NA,NA,NA,NA,NA,NA,NA,NA,NA,NA,NA,NA
Zambia,19515270.82,0.008126541,9.97149e-4,0.185274722,0.014652385,7.18180069758937,2.823927229676406,3.1601326825314877,19.248113777771536,11.373121408531636,2.6205780624152517,9.33621063558878,3.618213510427536,6.500766122538629,14.477378588411252,196.60596945124388,549.4718595269694,1051.1015482804553,2039.6838003219568,31.41830191322184,3.028162810991647,6.84293864450925,31.07813655056799,27.922378556903148,59.549390569039005,43.797591907183,8.659700672271516,57.296813056034345,16.765988048100045,42.792608674258936,217.27017895832785,272.0070462758337,776.0077978960666,1485.5632642672435,6656.717642116924,412.5050536688942,43.99662623146278,20.992344952595666,45.966998293058715
Zimbabwe,15595373.72,0.045064224,0.00644278,0.260842053,0.019300988,6.73803257614185,2.7525122759754894,2.777506085529421,18.679478593394684,10.937379685110008,2.5219493865411837,8.312706773693264,3.4166763715940185,5.961501952409781,11.808281747374576,195.29056984815085,539.8008327438604,1050.853673439887,1957.7219780647429,26.99835980108905,2.2558198039121464,6.191448864859746,30.42411659045238,27.917076515786786,59.543900041004136,43.79320827858145,8.658564783085005,57.27832366789897,16.763538326616825,42.785736831747535,217.23702269075184,272.00061430080297,775.8859221889265,1485.5632224478525,6655.697171929646,412.45716496800833,43.982915118906305,20.97189134864177,45.95758840901157
