Country,Level,selected_Mean_total_billions_mean,selected_Mean_total_billions_sd,selected_SD_total_billions_mean,selected_SD_total_billions_sd,selected_Mean_perio_billions_mean,selected_Mean_perio_billions_sd,selected_SD_perio_billions_mean,selected_SD_perio_billions_sd,selected_Mean_replace_billions_mean,selected_Mean_replace_billions_sd,selected_SD_replace_billions_mean,selected_SD_replace_billions_sd,Dent_exp_usd_mean,Dent_exp_usd_sd,Dent_exppc_usd_mean,Dent_exppc_usd_sd,GDP_per_capita_PPP_2021_mean,GDP_per_capita_PPP_2021_sd,Superregion,Region,selected_Mean_total_billions,selected_SD_total_billions,selected_Mean_perio_billions,selected_SD_perio_billions,selected_Mean_replace_billions,selected_SD_replace_billions,selected_model,Dent_exp_usd,Dent_exppc_usd,GDP_per_capita_PPP_2021,level
Armenia,3,NA,NA,NA,NA,NA,NA,NA,NA,NA,NA,NA,NA,NA,NA,NA,NA,NA,NA,NA,NA,0.0252609671533856,0.01823116757054401,0.00532318240572945,0.00633053780364048,0.00722080687363398,0.00978226835808003,mid,0.113,38.05,15921.70528,Country
Azerbaijan,3,NA,NA,NA,NA,NA,NA,NA,NA,NA,NA,NA,NA,NA,NA,NA,NA,NA,NA,NA,NA,0.00596535070124772,0.01275715722355997,0.0013506638154334,0.00495533426114457,4.409434847778252e-4,0.001612002442061,low,0.1268,12.61,20111.3757,Country
Georgia,3,NA,NA,NA,NA,NA,NA,NA,NA,NA,NA,NA,NA,NA,NA,NA,NA,NA,NA,NA,NA,0.00190538220267664,0.00414748382385352,4.835205770955611e-4,0.00196040918144001,1.4303050251623616e-4,5.121746133814012e-4,low,0.0116,3.13,18915.6534,Country
Kazakhstan,3,NA,NA,NA,NA,NA,NA,NA,NA,NA,NA,NA,NA,NA,NA,NA,NA,NA,NA,NA,NA,0.01434671625268281,0.02638433199350146,0.00314980632845174,0.01097196935731596,8.682568153720483e-4,0.00267193045422118,low,0.061,3.27,32945.85157,Country
Kyrgyzstan,3,NA,NA,NA,NA,NA,NA,NA,NA,NA,NA,NA,NA,NA,NA,NA,NA,NA,NA,NA,NA,0.00133162670221867,0.00499402977749351,2.894590697489269e-4,0.00182820254808784,1.034352187070344e-4,5.605846583728025e-4,low,0.0039,0.6,5736.478834,Country
Mongolia,3,NA,NA,NA,NA,NA,NA,NA,NA,NA,NA,NA,NA,NA,NA,NA,NA,NA,NA,NA,NA,0.00152015290300712,0.00337421031178707,3.074079106314213e-4,0.00117907399669288,9.021123824944436e-5,3.317631191819552e-4,low,0.0352,10.65,14792.25091,Country
Tajikistan,3,NA,NA,NA,NA,NA,NA,NA,NA,NA,NA,NA,NA,NA,NA,NA,NA,NA,NA,NA,NA,0.00123191161620625,0.00678268015728682,3.0503255816377437e-4,0.00207099438731191,9.243757562940984e-5,5.415328705701755e-4,low,0.0306,3.29,3985.912476,Country
Turkmenistan,3,NA,NA,NA,NA,NA,NA,NA,NA,NA,NA,NA,NA,NA,NA,NA,NA,NA,NA,NA,NA,0.04304761805691541,0.03074855270497327,0.00814251792797476,0.00999678436782021,0.01061468325949213,0.01492880265289156,mid,0.1348,22.57,16434.13991,Country
Uzbekistan,3,NA,NA,NA,NA,NA,NA,NA,NA,NA,NA,NA,NA,NA,NA,NA,NA,NA,NA,NA,NA,0.01042449554111673,0.02795836843603022,0.00223132645448705,0.01093769575358645,7.295880015247224e-4,0.00309363886299627,low,0.2183,6.61,9247.643827,Country
Albania,3,NA,NA,NA,NA,NA,NA,NA,NA,NA,NA,NA,NA,NA,NA,NA,NA,NA,NA,NA,NA,0.00123999427599853,0.00263530328805142,3.0975168418061487e-4,0.00137875519857382,9.28347230548749e-5,3.461403841961489e-4,low,0.0363,12.66,16126.77749,Country
Bosnia and Herzegovina,3,NA,NA,NA,NA,NA,NA,NA,NA,NA,NA,NA,NA,NA,NA,NA,NA,NA,NA,NA,NA,0.03188276956393088,0.02307333956218999,0.00705417708165091,0.0084940419776543,0.00961184977756053,0.01338782680248847,mid,0.0727,20.75,18285.67112,Country
Bulgaria,3,NA,NA,NA,NA,NA,NA,NA,NA,NA,NA,NA,NA,NA,NA,NA,NA,NA,NA,NA,NA,0.00479873776562472,0.00923136755566986,0.00107896521682156,0.00363067008144626,3.026871771511826e-4,9.79879791419449e-4,low,0.1094,15.72,30971.91319,Country
Croatia,3,NA,NA,NA,NA,NA,NA,NA,NA,NA,NA,NA,NA,NA,NA,NA,NA,NA,NA,NA,NA,0.07357809593152738,0.04985206896689358,0.01848228793731064,0.0176545545898945,0.02239702044722661,0.02629400271569139,mid,0.1494,36.8,36930.47013,Country
Czechia,3,NA,NA,NA,NA,NA,NA,NA,NA,NA,NA,NA,NA,NA,NA,NA,NA,NA,NA,NA,NA,0.9738839627316,0.29113518206833194,0.4028653701556129,0.17062989178068066,0.21648614025492796,0.14718917358682188,high,0.8438,79.32,47796.03374,Country
Hungary,3,NA,NA,NA,NA,NA,NA,NA,NA,NA,NA,NA,NA,NA,NA,NA,NA,NA,NA,NA,NA,0.10932203229552982,0.06651504945528917,0.01698484168988607,0.01646759109111258,0.0205510944676096,0.02457293631868552,mid,0.3639,37.29,38887.19095,Country
Montenegro,3,NA,NA,NA,NA,NA,NA,NA,NA,NA,NA,NA,NA,NA,NA,NA,NA,NA,NA,NA,NA,3.9621980831549706e-4,8.065020862661514e-4,9.970546664404362e-5,3.7919770803163794e-4,2.9293422926141007e-5,9.911786455530036e-5,low,0.0057,9.18,23842.06192,Country
North Macedonia,3,NA,NA,NA,NA,NA,NA,NA,NA,NA,NA,NA,NA,NA,NA,NA,NA,NA,NA,NA,NA,0.00131251482171233,0.00262009753552141,3.1750088648638383e-4,0.00116556715872057,9.155031945906684e-5,3.19721555109415e-4,low,0.0319,15.34,22142.97287,Country
Poland,3,NA,NA,NA,NA,NA,NA,NA,NA,NA,NA,NA,NA,NA,NA,NA,NA,NA,NA,NA,NA,0.6738982522884889,0.4389991828213596,0.16511764389058384,0.1552844691927767,0.19236001150915483,0.21749498740895493,mid,1.7024,44.83,41059.58478,Country
Romania,3,NA,NA,NA,NA,NA,NA,NA,NA,NA,NA,NA,NA,NA,NA,NA,NA,NA,NA,NA,NA,0.29233955812373796,0.18687681661959843,0.06491980561309794,0.061750302894907,0.07922665725604558,0.09230746411050772,mid,0.3761,19.27,37730.37084,Country
Serbia,3,NA,NA,NA,NA,NA,NA,NA,NA,NA,NA,NA,NA,NA,NA,NA,NA,NA,NA,NA,NA,0.09486175269621908,0.0664597594069659,0.02097654722158358,0.0242157023723159,0.02685980752363035,0.03529526468101066,mid,0.11,15.79,23404.99711,Country
Slovakia,3,NA,NA,NA,NA,NA,NA,NA,NA,NA,NA,NA,NA,NA,NA,NA,NA,NA,NA,NA,NA,0.08583668318096828,0.05539985221008371,0.01949486732742227,0.01949487938490449,0.02314627186503997,0.02653571642064819,mid,0.3082,56.55,38346.09358,Country
Slovenia,3,NA,NA,NA,NA,NA,NA,NA,NA,NA,NA,NA,NA,NA,NA,NA,NA,NA,NA,NA,NA,0.04331497194155077,0.02860171544048681,0.01101257772036915,0.01041855551609426,0.01305592994663861,0.01457332787670224,mid,0.1215,58.73,45914.05724,Country
Belarus,3,NA,NA,NA,NA,NA,NA,NA,NA,NA,NA,NA,NA,NA,NA,NA,NA,NA,NA,NA,NA,0.00703755794846248,0.01339396629069048,0.00172472788754731,0.00561931005896664,5.722591831196143e-4,0.00198657480521119,low,0.1371,14.47,27611.18011,Country
Estonia,3,NA,NA,NA,NA,NA,NA,NA,NA,NA,NA,NA,NA,NA,NA,NA,NA,NA,NA,NA,NA,0.02456656338361882,0.01591333055361932,0.00573090426120201,0.00522380508616399,0.00705888289347081,0.00809782116992834,mid,0.149,113,44251.5375,Country
Latvia,3,NA,NA,NA,NA,NA,NA,NA,NA,NA,NA,NA,NA,NA,NA,NA,NA,NA,NA,NA,NA,0.03120335711953795,0.02065803745763904,0.00759194631770264,0.00753563721437117,0.00915618328985971,0.01061099576806468,mid,0.112,58.08,36912.01306,Country
Lithuania,3,NA,NA,NA,NA,NA,NA,NA,NA,NA,NA,NA,NA,NA,NA,NA,NA,NA,NA,NA,NA,0.05554959967934776,0.03641386211167573,0.01341598921938908,0.0129577751894367,0.01594143194446387,0.01839467896287661,mid,0.199,71.47,45873.52732,Country
Republic of Moldova,3,NA,NA,NA,NA,NA,NA,NA,NA,NA,NA,NA,NA,NA,NA,NA,NA,NA,NA,NA,NA,0.00180489339046384,0.00408259484609556,4.83149583392344e-4,0.00195652572003311,1.3670148728942951e-4,5.435228760917512e-4,low,0.0051,1.43,15682.07033,Country
Russian Federation,3,NA,NA,NA,NA,NA,NA,NA,NA,NA,NA,NA,NA,NA,NA,NA,NA,NA,NA,NA,NA,0.13414504798080543,0.24198741313460148,0.03349015579194556,0.10133743275956296,0.01080531783860772,0.03596328118112981,low,0.8921,6.08,38638.42969,Country
Ukraine,3,NA,NA,NA,NA,NA,NA,NA,NA,NA,NA,NA,NA,NA,NA,NA,NA,NA,NA,NA,NA,0.02248851451163144,0.04537938391087012,0.00632253758709564,0.02439126511037694,0.00186115934975447,0.00647578565334399,low,0.0589,1.41,17846.4082,Country
Australia,3,NA,NA,NA,NA,NA,NA,NA,NA,NA,NA,NA,NA,NA,NA,NA,NA,NA,NA,NA,NA,3.916628230094751,0.8897752646387186,1.5676966547492424,0.35040648658530116,0.7889634100475224,0.4149763583947757,high,7.3703,288.25,58182.33695,Country
New Zealand,3,NA,NA,NA,NA,NA,NA,NA,NA,NA,NA,NA,NA,NA,NA,NA,NA,NA,NA,NA,NA,0.0935363651021238,0.05941365717411728,0.0216862063047971,0.02015189895969211,0.02596455354779181,0.02905843142180549,mid,0.5353,106.27,47996.67988,Country
Brunei Darussalam,3,NA,NA,NA,NA,NA,NA,NA,NA,NA,NA,NA,NA,NA,NA,NA,NA,NA,NA,NA,NA,6.802514304326898e-4,0.00123312251308739,1.1823401667779304e-4,3.438763938261168e-4,3.672240408131174e-5,1.1103748721151432e-4,low,0.0091,20.35,78248.79711,Country
Japan,3,NA,NA,NA,NA,NA,NA,NA,NA,NA,NA,NA,NA,NA,NA,NA,NA,NA,NA,NA,NA,7.201105127816259,1.5629089589018896,2.714657780339705,0.6070537544176325,1.987414304729928,0.9968189529180916,high,28.7336,227.7,44355.34872,Country
Republic of Korea,3,NA,NA,NA,NA,NA,NA,NA,NA,NA,NA,NA,NA,NA,NA,NA,NA,NA,NA,NA,NA,2.338439432134394,0.5456287999101271,1.0108182967518564,0.21389707133205316,0.8003929072366232,0.4169591848066867,high,7.2547,139.93,48419.64325,Country
Singapore,3,NA,NA,NA,NA,NA,NA,NA,NA,NA,NA,NA,NA,NA,NA,NA,NA,NA,NA,NA,NA,0.24740627917535865,0.14639996220057655,0.05199091091086291,0.04510287158208365,0.05718036204379503,0.05874592235264544,mid,1.1604,204.66,132617.354,Country
Canada,3,NA,NA,NA,NA,NA,NA,NA,NA,NA,NA,NA,NA,NA,NA,NA,NA,NA,NA,NA,NA,5.5828111852549425,1.3981774625442294,2.2552868345929022,0.5366045216375407,1.297303131856673,0.652152060507576,high,12.8291,342.52,56995.11768,Country
United States of America,3,NA,NA,NA,NA,NA,NA,NA,NA,NA,NA,NA,NA,NA,NA,NA,NA,NA,NA,NA,NA,58.09408630841041,14.234961474589442,20.055294779181903,4.704564598002179,15.18943810743706,7.781318733485572,high,133.5058,405.46,71307.40173,Country
Argentina,3,NA,NA,NA,NA,NA,NA,NA,NA,NA,NA,NA,NA,NA,NA,NA,NA,NA,NA,NA,NA,0.6053730306885249,0.4096223208246561,0.13213297628134207,0.13632700061919684,0.16855936538961766,0.2142257283422847,mid,1.106,24.55,26300.27426,Country
Chile,3,NA,NA,NA,NA,NA,NA,NA,NA,NA,NA,NA,NA,NA,NA,NA,NA,NA,NA,NA,NA,0.02272311985064137,0.03848910615033827,0.00619274906866203,0.0172897847078501,0.00115806718160506,0.00342943965948893,low,0.4696,24.58,29089.85046,Country
Uruguay,3,NA,NA,NA,NA,NA,NA,NA,NA,NA,NA,NA,NA,NA,NA,NA,NA,NA,NA,NA,NA,0.05784361327563389,0.0404659420671758,0.01478728872694796,0.01491766685179736,0.0180064491512644,0.02221411348544597,mid,0.1075,30.56,29431.88501,Country
Andorra,3,NA,NA,NA,NA,NA,NA,NA,NA,NA,NA,NA,NA,NA,NA,NA,NA,NA,NA,NA,NA,0.0018369415160631,0.00112524791590454,4.2777593693718146e-4,3.823986266157905e-4,4.836062894801013e-4,5.143063738484411e-4,mid,0.0146,189.89,59332.20291,Country
Austria,3,NA,NA,NA,NA,NA,NA,NA,NA,NA,NA,NA,NA,NA,NA,NA,NA,NA,NA,NA,NA,0.9025790228268143,0.2522064131765559,0.3464771602791179,0.13924584304261511,0.18587119668168248,0.11847595299598522,high,2.1157,236.39,62968.94223,Country
Belgium,3,NA,NA,NA,NA,NA,NA,NA,NA,NA,NA,NA,NA,NA,NA,NA,NA,NA,NA,NA,NA,1.5376954121139406,0.43736266557937026,0.6686046191622775,0.25099050879816354,0.35781274153572806,0.2232579807589274,high,2.1221,185.2,60669.21377,Country
Cyprus,3,NA,NA,NA,NA,NA,NA,NA,NA,NA,NA,NA,NA,NA,NA,NA,NA,NA,NA,NA,NA,0.00136617273111346,0.00245802587582692,2.816094726468514e-4,8.479327041561075e-4,8.760513819787324e-5,2.7622715087085523e-4,low,0.0126,14.41,48781.27734,Country
Denmark,3,NA,NA,NA,NA,NA,NA,NA,NA,NA,NA,NA,NA,NA,NA,NA,NA,NA,NA,NA,NA,1.0543373549103954,0.2993782263507992,0.48835921448822145,0.17073498404407855,0.2610072929348626,0.15612269435577472,high,1.8676,321.67,69715.18097,Country
Finland,3,NA,NA,NA,NA,NA,NA,NA,NA,NA,NA,NA,NA,NA,NA,NA,NA,NA,NA,NA,NA,0.13551346934599978,0.08636960457180591,0.03373616528887323,0.03035296604613577,0.03874877952169677,0.04168156181144517,mid,0.5937,107.59,56790.37662,Country
France,3,NA,NA,NA,NA,NA,NA,NA,NA,NA,NA,NA,NA,NA,NA,NA,NA,NA,NA,NA,NA,4.613631506874356,1.1171990088511221,1.5641828359428005,0.3609115624688894,1.0573833188693265,0.5590545657196695,high,12.666,195.39,52517.33549,Country
Germany,3,NA,NA,NA,NA,NA,NA,NA,NA,NA,NA,NA,NA,NA,NA,NA,NA,NA,NA,NA,NA,11.818866311517816,2.529169834080459,6.022833242395646,1.629444577225906,1.8931285791147108,1.0016696829167782,high,30.8773,372.15,62530.76532,Country
Greece,3,NA,NA,NA,NA,NA,NA,NA,NA,NA,NA,NA,NA,NA,NA,NA,NA,NA,NA,NA,NA,0.14311218197790618,0.09422080989067644,0.0315814963060272,0.03168624730565083,0.03860772853620957,0.04583992820772981,mid,0.8265,77.14,33531.15511,Country
Iceland,3,NA,NA,NA,NA,NA,NA,NA,NA,NA,NA,NA,NA,NA,NA,NA,NA,NA,NA,NA,NA,0.03347540049856484,0.00914116744837202,0.0122425954957271,0.00470996796780599,0.00661905414861188,0.00428643587101221,high,0.1455,407.54,61610.21327,Country
Israel,3,NA,NA,NA,NA,NA,NA,NA,NA,NA,NA,NA,NA,NA,NA,NA,NA,NA,NA,NA,NA,0.6864244400858847,0.2007345922276136,0.23079370803201393,0.10161416785285604,0.1262480095123407,0.08658066833288318,high,1.8272,201.81,46162.08227,Country
Italy,3,NA,NA,NA,NA,NA,NA,NA,NA,NA,NA,NA,NA,NA,NA,NA,NA,NA,NA,NA,NA,4.11245720945313,1.3055397644785764,0.9756806657288744,0.4099200572708357,1.576311163315437,0.8039433300098805,high,19.123,316.82,49825.39341,Country
Luxembourg,3,NA,NA,NA,NA,NA,NA,NA,NA,NA,NA,NA,NA,NA,NA,NA,NA,NA,NA,NA,NA,0.11565692157819894,0.02988492522427562,0.04312895322491617,0.0139554427187333,0.02301417051561791,0.01339548551471477,high,0.212,345.35,136772.4438,Country
Malta,3,NA,NA,NA,NA,NA,NA,NA,NA,NA,NA,NA,NA,NA,NA,NA,NA,NA,NA,NA,NA,0.00894391501082998,0.00542630118797103,0.00190649186665554,0.00173773685687424,0.0021892155844864,0.00236102174556221,mid,0.0444,91.64,56802.01025,Country
Monaco,3,NA,NA,NA,NA,NA,NA,NA,NA,NA,NA,NA,NA,NA,NA,NA,NA,NA,NA,NA,NA,0,0,0,0,0,0,high,NA,NA,NA,Country
Netherlands,3,NA,NA,NA,NA,NA,NA,NA,NA,NA,NA,NA,NA,NA,NA,NA,NA,NA,NA,NA,NA,0.3752715137091276,0.22555035946613727,0.07835565847864881,0.07096010521962452,0.0895230207947036,0.09368303174769028,mid,3.6785,213.48,68573.56488,Country
Norway,3,NA,NA,NA,NA,NA,NA,NA,NA,NA,NA,NA,NA,NA,NA,NA,NA,NA,NA,NA,NA,0.9797951224358572,0.26409359228651186,0.42436245675159817,0.13975069121928216,0.22624513713209143,0.1326510155471364,high,2.1691,404.99,88984.13867,Country
Portugal,3,NA,NA,NA,NA,NA,NA,NA,NA,NA,NA,NA,NA,NA,NA,NA,NA,NA,NA,NA,NA,0.15770999010983022,0.0980767993611796,0.03390428001163561,0.03284051513470259,0.04099011726766147,0.04636832776031267,mid,0.8695,84.7,38657.66772,Country
San Marino,3,NA,NA,NA,NA,NA,NA,NA,NA,NA,NA,NA,NA,NA,NA,NA,NA,NA,NA,NA,NA,0.00377350334470515,0.00104239414361753,0.00150405442277698,5.705928254586404e-4,8.096721329704013e-4,5.069919009503202e-4,high,0.0075,222.24,64745.13168,Country
Spain,3,NA,NA,NA,NA,NA,NA,NA,NA,NA,NA,NA,NA,NA,NA,NA,NA,NA,NA,NA,NA,1.3544733281017345,0.3564038993990505,0.2901389432112161,0.07905030916606948,0.1921760047320175,0.10368032492486558,high,8.3063,178.03,44251.66582,Country
Sweden,3,NA,NA,NA,NA,NA,NA,NA,NA,NA,NA,NA,NA,NA,NA,NA,NA,NA,NA,NA,NA,2.126505981444702,0.49558886927828794,0.7576881845791688,0.15719997601532645,0.4361259417863392,0.22041858750018,high,3.3758,327.04,62731.70062,Country
Switzerland,3,NA,NA,NA,NA,NA,NA,NA,NA,NA,NA,NA,NA,NA,NA,NA,NA,NA,NA,NA,NA,1.393068818697557,0.3253102216137608,0.5969716428466152,0.1434816589597785,0.21877265857433756,0.11567508109968068,high,4.2189,493.73,81001.41112,Country
Ecuador,3,NA,NA,NA,NA,NA,NA,NA,NA,NA,NA,NA,NA,NA,NA,NA,NA,NA,NA,NA,NA,0.00753843025676681,0.01614608263108157,0.00183534540659793,0.00733629542708573,5.692553576142829e-4,0.00253556319291772,low,0.1257,7.28,13507.44456,Country
Peru,3,NA,NA,NA,NA,NA,NA,NA,NA,NA,NA,NA,NA,NA,NA,NA,NA,NA,NA,NA,NA,0.01776519980268011,0.04138715484529561,0.004337120041184,0.016679916422029432,0.0012721623324613,0.00496599901206348,low,0.2678,8.24,15280.55121,Country
Antigua and Barbuda,3,NA,NA,NA,NA,NA,NA,NA,NA,NA,NA,NA,NA,NA,NA,NA,NA,NA,NA,NA,NA,0.00136399687354265,9.380969866211078e-4,3.352310939078885e-4,3.50976153326187e-4,4.266428674277289e-4,5.097121453768118e-4,mid,0.0048,51.88,25745.49581,Country
Bahamas,3,NA,NA,NA,NA,NA,NA,NA,NA,NA,NA,NA,NA,NA,NA,NA,NA,NA,NA,NA,NA,0.03286731476976042,0.01126214952211406,0.01419482055158284,0.00751613716434845,0.00791953590215956,0.0057910391483204,high,0.0329,75.3,31064.68222,Country
Barbados,3,NA,NA,NA,NA,NA,NA,NA,NA,NA,NA,NA,NA,NA,NA,NA,NA,NA,NA,NA,NA,0.00331904933188425,0.00254976017812453,8.499035172594508e-4,0.00102903655930785,0.00115177672342929,0.00151439203238516,mid,0.0152,52.8,15683.88471,Country
Belize,3,NA,NA,NA,NA,NA,NA,NA,NA,NA,NA,NA,NA,NA,NA,NA,NA,NA,NA,NA,NA,0.00332082597529147,0.00258350827603523,7.07657043444184e-4,9.797141742161008e-4,0.00101455354576227,0.00152873680541181,mid,0.0057,14.08,11677.46101,Country
Cuba,3,NA,NA,NA,NA,NA,NA,NA,NA,NA,NA,NA,NA,NA,NA,NA,NA,NA,NA,NA,NA,0,0,0,0,0,0,high,0.3044,26.85,NA,Country
Dominica,3,NA,NA,NA,NA,NA,NA,NA,NA,NA,NA,NA,NA,NA,NA,NA,NA,NA,NA,NA,NA,7.166406369241943e-4,5.654908770166101e-4,1.663775810872698e-4,2.0366542345249603e-4,2.3671670746262848e-4,3.303549074748428e-4,mid,0.0019,26.92,15808.97435,Country
Dominican Republic,3,NA,NA,NA,NA,NA,NA,NA,NA,NA,NA,NA,NA,NA,NA,NA,NA,NA,NA,NA,NA,0.00716137024713862,0.01431764674816687,0.00174690860319109,0.0063182763583932,6.146279832057066e-4,0.00223539340891928,low,0.0823,7.94,22053.45899,Country
Grenada,3,NA,NA,NA,NA,NA,NA,NA,NA,NA,NA,NA,NA,NA,NA,NA,NA,NA,NA,NA,NA,0.00111390712931717,8.528446187553127e-4,2.656111712020665e-4,3.3190142056687024e-4,3.650742059899309e-4,4.969437760388335e-4,mid,0.0035,32.04,15298.12311,Country
Guyana,3,NA,NA,NA,NA,NA,NA,NA,NA,NA,NA,NA,NA,NA,NA,NA,NA,NA,NA,NA,NA,5.025878752700351e-4,0.00102230051905889,1.241952818886019e-4,4.719365541870678e-4,3.919856841625499e-5,1.4556108644102662e-4,low,0.0113,14.38,22865.9271,Country
Haiti,3,NA,NA,NA,NA,NA,NA,NA,NA,NA,NA,NA,NA,NA,NA,NA,NA,NA,NA,NA,NA,0.00180165762689903,0.00846237188484836,5.698148759784098e-4,0.00379467462051604,1.817122356991512e-4,0.00115461302326657,low,0.0263,2.34,3134.950149,Country
Jamaica,3,NA,NA,NA,NA,NA,NA,NA,NA,NA,NA,NA,NA,NA,NA,NA,NA,NA,NA,NA,NA,0.02064176867817491,0.01776642806078874,0.00477847620748601,0.00706457999846827,0.00708341740385932,0.01063011363133529,mid,0.0449,15.62,9577.164211,Country
Saint Kitts and Nevis,3,NA,NA,NA,NA,NA,NA,NA,NA,NA,NA,NA,NA,NA,NA,NA,NA,NA,NA,NA,NA,0.00382110909010031,0.0013919445081122,0.00171550260201321,9.104943780455588e-4,9.472857872560796e-4,7.379178529405406e-4,high,0.003,56.98,26896.61771,Country
Saint Lucia,3,NA,NA,NA,NA,NA,NA,NA,NA,NA,NA,NA,NA,NA,NA,NA,NA,NA,NA,NA,NA,0.00222694255981754,0.00163365194622467,5.474557623480849e-4,6.109993089446777e-4,7.295515422181395e-4,9.258199681867112e-4,mid,0.0054,29.98,19101.1653,Country
Saint Vincent and the Grenadines,3,NA,NA,NA,NA,NA,NA,NA,NA,NA,NA,NA,NA,NA,NA,NA,NA,NA,NA,NA,NA,0.00117753326352235,8.976812631930392e-4,2.7969358436299665e-4,3.452648582466934e-4,3.741749874087307e-4,5.219384379387564e-4,mid,0.0026,23.29,16200.89946,Country
Suriname,3,NA,NA,NA,NA,NA,NA,NA,NA,NA,NA,NA,NA,NA,NA,NA,NA,NA,NA,NA,NA,0.00661788456640456,0.00488954537935132,0.00154813181397302,0.00180545772441607,0.00203616130228804,0.00267124140094437,mid,0.0095,15.9,18458.235,Country
Trinidad and Tobago,3,NA,NA,NA,NA,NA,NA,NA,NA,NA,NA,NA,NA,NA,NA,NA,NA,NA,NA,NA,NA,0.02443520773117566,0.01702818330451153,0.00608514901188179,0.00591828834838013,0.0077448524385238,0.00907850066085819,mid,0.0737,53.4,30424.66489,Country
Colombia,3,NA,NA,NA,NA,NA,NA,NA,NA,NA,NA,NA,NA,NA,NA,NA,NA,NA,NA,NA,NA,0.03133720886187385,0.06690929751378412,0.00918103338429574,0.03427300262803452,0.00252684572487117,0.00899470106302844,low,0.7051,14,17383.09017,Country
Costa Rica,3,NA,NA,NA,NA,NA,NA,NA,NA,NA,NA,NA,NA,NA,NA,NA,NA,NA,NA,NA,NA,0.06640546825606672,0.04691335085071393,0.01597279390216009,0.01781156451276172,0.02030005655022722,0.02479138481166589,mid,0.1617,31.84,23852.9253,Country
El Salvador,3,NA,NA,NA,NA,NA,NA,NA,NA,NA,NA,NA,NA,NA,NA,NA,NA,NA,NA,NA,NA,0.00218466356939558,0.00554019133156144,5.614612825231575e-4,0.00300675683530119,1.8955820198258725e-4,7.22823477577669e-4,low,0.0628,9.37,10809.7134,Country
Guatemala,3,NA,NA,NA,NA,NA,NA,NA,NA,NA,NA,NA,NA,NA,NA,NA,NA,NA,NA,NA,NA,0.00711496855214553,0.01746057549414474,0.00152347620033991,0.0065976315534304,5.468662931780786e-4,0.00242657304505973,low,0.1624,9.22,11825.14092,Country
Honduras,3,NA,NA,NA,NA,NA,NA,NA,NA,NA,NA,NA,NA,NA,NA,NA,NA,NA,NA,NA,NA,0.0027630514373881,0.00887617206315965,7.028687484128766e-4,0.00394626240379619,2.0912719581499565e-4,0.00101361359978334,low,0.052,5.42,6202.980788,Country
Mexico,3,NA,NA,NA,NA,NA,NA,NA,NA,NA,NA,NA,NA,NA,NA,NA,NA,NA,NA,NA,NA,1.6146961120740266,1.1353992440987215,0.3719759317385621,0.41772160361699173,0.4942780253397034,0.6380555319444969,mid,2.103,16.7,20782.58774,Country
Nicaragua,3,NA,NA,NA,NA,NA,NA,NA,NA,NA,NA,NA,NA,NA,NA,NA,NA,NA,NA,NA,NA,0.00218349943288005,0.00627696213825669,6.247281622542664e-4,0.00287041583015136,1.7761774599147975e-4,9.1706862873675e-4,low,0.0314,4.81,7119.169234,Country
Panama,3,NA,NA,NA,NA,NA,NA,NA,NA,NA,NA,NA,NA,NA,NA,NA,NA,NA,NA,NA,NA,0.06599847020725311,0.04374578346342184,0.0148859338858478,0.01460189277323167,0.01893660435560418,0.02290405501757551,mid,0.1354,32.1,30932.76278,Country
Brazil,3,NA,NA,NA,NA,NA,NA,NA,NA,NA,NA,NA,NA,NA,NA,NA,NA,NA,NA,NA,NA,1.9684686581230475,1.0902918758954523,0.36723817552329113,0.299774004949123,0.2332827506674801,0.22020109531462184,mid,3.7128,17.68,18075.706,Country
Paraguay,3,NA,NA,NA,NA,NA,NA,NA,NA,NA,NA,NA,NA,NA,NA,NA,NA,NA,NA,NA,NA,0.00347927191441598,0.00736839264769924,8.711555982596486e-4,0.00348140358552689,2.5618183542674636e-4,9.861044126088577e-4,low,0.0513,7.18,15406.16706,Country
Afghanistan,3,NA,NA,NA,NA,NA,NA,NA,NA,NA,NA,NA,NA,NA,NA,NA,NA,NA,NA,NA,NA,0.00334441037523924,0.02798898363314754,9.314229303921814e-4,0.00705097574915056,2.528126674377301e-4,0.00165977059758375,low,0.0167,0.46,2144.16657,Country
Algeria,3,NA,NA,NA,NA,NA,NA,NA,NA,NA,NA,NA,NA,NA,NA,NA,NA,NA,NA,NA,NA,0.02054852473174711,0.04713768256222474,0.00493984670784302,0.01972519475852705,0.00144912437618111,0.0054725888613039,low,0.3237,7.46,14496.86547,Country
Bahrain,3,NA,NA,NA,NA,NA,NA,NA,NA,NA,NA,NA,NA,NA,NA,NA,NA,NA,NA,NA,NA,0.00222058754603044,0.00395761718589622,5.810528298163844e-4,0.0018431685473605,1.683602332817391e-4,4.879667874680995e-4,low,0.0625,41.36,54954.67579,Country
Egypt,3,NA,NA,NA,NA,NA,NA,NA,NA,NA,NA,NA,NA,NA,NA,NA,NA,NA,NA,NA,NA,0.04760539137743194,0.10370273599460744,0.00846165011054259,0.03977716584028799,0.00297804011224419,0.01175746591355629,low,0.3293,3.32,15579.01609,Country
Iraq,3,NA,NA,NA,NA,NA,NA,NA,NA,NA,NA,NA,NA,NA,NA,NA,NA,NA,NA,NA,NA,0.02087681063837943,0.05274129055169269,0.00455587708590167,0.01858662684165851,0.00135061317670095,0.00578369425485448,low,1e-4,0.01,12731.75358,Country
Jordan,3,NA,NA,NA,NA,NA,NA,NA,NA,NA,NA,NA,NA,NA,NA,NA,NA,NA,NA,NA,NA,0.00389415191775621,0.01007359121338323,9.87869426439244e-4,0.00477515891994279,2.765202909907411e-4,0.00126379214214609,low,0.0747,7.42,9182.496161,Country
Kuwait,3,NA,NA,NA,NA,NA,NA,NA,NA,NA,NA,NA,NA,NA,NA,NA,NA,NA,NA,NA,NA,0.10661319972515344,0.06920453858561232,0.02555230033275605,0.02351918718891145,0.03020860414900763,0.03376885983533063,mid,0.2182,46.41,50651.95758,Country
Lebanon,3,NA,NA,NA,NA,NA,NA,NA,NA,NA,NA,NA,NA,NA,NA,NA,NA,NA,NA,NA,NA,0.0691359413376203,0.05471708254384995,0.01503669616724081,0.02158779712056311,0.02165437514502835,0.02978624258159361,mid,0.1049,17.29,11599.77551,Country
Libya,3,NA,NA,NA,NA,NA,NA,NA,NA,NA,NA,NA,NA,NA,NA,NA,NA,NA,NA,NA,NA,0.00320322232124561,0.00771099387427103,8.434394464626662e-4,0.004250370905094,2.552267647500333e-4,0.00125263461056168,low,0.0615,9.34,12641.50977,Country
Morocco,3,NA,NA,NA,NA,NA,NA,NA,NA,NA,NA,NA,NA,NA,NA,NA,NA,NA,NA,NA,NA,0.01278631216440161,0.03512423662295564,0.00401311485168728,0.02119306174826672,0.00125779466414019,0.00541180379328481,low,0.0821,2.31,8623.265625,Country
Oman,3,NA,NA,NA,NA,NA,NA,NA,NA,NA,NA,NA,NA,NA,NA,NA,NA,NA,NA,NA,NA,0.08966961153176473,0.05638081143425633,0.01936590544251277,0.01881610810397124,0.02285787743943015,0.02682785881406303,mid,0.1327,30.82,38719.45877,Country
Qatar,3,NA,NA,NA,NA,NA,NA,NA,NA,NA,NA,NA,NA,NA,NA,NA,NA,NA,NA,NA,NA,0.12684604752916262,0.07676442317614651,0.03035768091883053,0.02559999026567963,0.03349854325570758,0.03398582407626052,mid,0.2287,83.07,116832.5703,Country
Saudi Arabia,3,NA,NA,NA,NA,NA,NA,NA,NA,NA,NA,NA,NA,NA,NA,NA,NA,NA,NA,NA,NA,0.04519834482494216,0.08152582331495643,0.00781364808502176,0.02419790611331909,0.00255997636752173,0.00785817380172041,low,1.2518,36.73,62690.49666,Country
Sudan,3,NA,NA,NA,NA,NA,NA,NA,NA,NA,NA,NA,NA,NA,NA,NA,NA,NA,NA,NA,NA,0.00586045219521505,0.02848716177507714,0.00136676409946596,0.00953289004698049,4.215052070124632e-4,0.00243020878912874,low,0.0463,1.07,3248.975586,Country
Syrian Arab Republic,3,NA,NA,NA,NA,NA,NA,NA,NA,NA,NA,NA,NA,NA,NA,NA,NA,NA,NA,NA,NA,0.00368626017644029,0.01300353049613959,9.728902628213742e-4,0.00545460096880213,3.556663405827956e-4,0.00168754647759725,low,0.028,1.66,4592.838601,Country
Tunisia,3,NA,NA,NA,NA,NA,NA,NA,NA,NA,NA,NA,NA,NA,NA,NA,NA,NA,NA,NA,NA,0.0052869672348009,0.01242648405512933,0.00143445935478872,0.00632214698353436,4.147875038998215e-4,0.00162756591840722,low,0.0609,5.17,12444.3264,Country
United Arab Emirates,3,NA,NA,NA,NA,NA,NA,NA,NA,NA,NA,NA,NA,NA,NA,NA,NA,NA,NA,NA,NA,0.2987312122398861,0.19427112555486648,0.07626821014401612,0.06824808471162501,0.0883088022612798,0.09337760966514116,mid,0.6985,64.99,67401.12129,Country
Yemen,3,NA,NA,NA,NA,NA,NA,NA,NA,NA,NA,NA,NA,NA,NA,NA,NA,NA,NA,NA,NA,0,0,0,0,0,0,high,0.0098,0.31,NA,Country
Bangladesh,3,NA,NA,NA,NA,NA,NA,NA,NA,NA,NA,NA,NA,NA,NA,NA,NA,NA,NA,NA,NA,0.06290881772338983,0.17926289473478116,0.02050469929074552,0.10213377067221242,0.00650012150422363,0.02930589034228909,low,0.0125,0.08,7441.06914,Country
Bhutan,3,NA,NA,NA,NA,NA,NA,NA,NA,NA,NA,NA,NA,NA,NA,NA,NA,NA,NA,NA,NA,5.691262755059531e-4,0.00136634310059867,1.7340861610708736e-4,7.870769968736928e-4,5.587357302126186e-5,2.242317278038457e-4,low,0,0.06,13458.81267,Country
India,3,NA,NA,NA,NA,NA,NA,NA,NA,NA,NA,NA,NA,NA,NA,NA,NA,NA,NA,NA,NA,0.517089119829848,1.4638155758256646,0.1797304596962497,0.9125760086443576,0.0512906273526182,0.2742951608144197,low,0.0645,0.05,8050.018575,Country
Nepal,3,NA,NA,NA,NA,NA,NA,NA,NA,NA,NA,NA,NA,NA,NA,NA,NA,NA,NA,NA,NA,0.00681774419710725,0.02376876236857307,0.00218998229213053,0.01190558069892139,4.948574731066604e-4,0.00290152249619449,low,0.0891,3.13,4546.2297,Country
Pakistan,3,NA,NA,NA,NA,NA,NA,NA,NA,NA,NA,NA,NA,NA,NA,NA,NA,NA,NA,NA,NA,0.07402223219986097,0.2580543710665425,0.02771758777930239,0.16743758396980793,0.0075315325952383,0.03753860450089422,low,0.0489,0.24,5367.273647,Country
China,3,NA,NA,NA,NA,NA,NA,NA,NA,NA,NA,NA,NA,NA,NA,NA,NA,NA,NA,NA,NA,24.061192824800756,6.151027154040899,8.673117877470728,2.1846714692077382,7.331433528809466,3.7165381915607543,high,61.5486,43.96,20843.29783,Country
Fiji,3,NA,NA,NA,NA,NA,NA,NA,NA,NA,NA,NA,NA,NA,NA,NA,NA,NA,NA,NA,NA,2.358286032222252e-4,7.978774966492854e-4,1.844471184632104e-5,8.056482451064326e-5,5.590828845586595e-6,2.220700750599727e-5,low,0.0069,7.7,10685.19703,Country
Kiribati,3,NA,NA,NA,NA,NA,NA,NA,NA,NA,NA,NA,NA,NA,NA,NA,NA,NA,NA,NA,NA,1.2075764043391362e-5,8.564494614717102e-5,8.848285602937197e-7,5.673260207264188e-6,2.7476229787643756e-7,1.6591358388589436e-6,low,3e-4,2.61,3020.493999,Country
Marshall Islands,3,NA,NA,NA,NA,NA,NA,NA,NA,NA,NA,NA,NA,NA,NA,NA,NA,NA,NA,NA,NA,9.789163116754716e-6,4.2180132967902455e-5,7.208027906530472e-7,4.272394561989326e-6,2.0190447027317217e-7,9.865786264848382e-7,low,3e-4,5.84,6705.875292,Country
Micronesia (Federated States of),3,NA,NA,NA,NA,NA,NA,NA,NA,NA,NA,NA,NA,NA,NA,NA,NA,NA,NA,NA,NA,NA,NA,NA,NA,NA,NA,NA,NA,NA,NA,Country
Nauru,3,NA,NA,NA,NA,NA,NA,NA,NA,NA,NA,NA,NA,NA,NA,NA,NA,NA,NA,NA,NA,4.6362635247430594e-5,4.2049150680319896e-5,2.8548372571268204e-6,3.820124834025382e-6,3.971984907619326e-6,5.865364133391e-6,mid,2e-4,14.8,12196.64515,Country
Palau,3,NA,NA,NA,NA,NA,NA,NA,NA,NA,NA,NA,NA,NA,NA,NA,NA,NA,NA,NA,NA,9.63168450640365e-5,7.268679777928586e-5,1.0720538688555264e-5,1.3705034802525916e-5,1.3805527093494954e-5,1.919102372978213e-5,mid,5e-4,25.39,15663.17159,Country
Papua New Guinea,3,NA,NA,NA,NA,NA,NA,NA,NA,NA,NA,NA,NA,NA,NA,NA,NA,NA,NA,NA,NA,0.00118185363852731,0.00671191420220951,7.438284688059443e-5,4.395803502567241e-4,2.5852778594280312e-5,1.4216901513763717e-4,low,0.0358,4.17,3976.903801,Country
Samoa,3,NA,NA,NA,NA,NA,NA,NA,NA,NA,NA,NA,NA,NA,NA,NA,NA,NA,NA,NA,NA,3.792961415468692e-5,1.607069375627945e-4,2.453491181111415e-6,1.266674324891162e-5,7.77658486096753e-7,3.880395691861672e-6,low,0.001,5.16,6214.016928,Country
Solomon Islands,3,NA,NA,NA,NA,NA,NA,NA,NA,NA,NA,NA,NA,NA,NA,NA,NA,NA,NA,NA,NA,5.408678570431689e-5,4.887222158785669e-4,3.60731242587844e-6,2.63758472491112e-5,1.361763723179172e-6,8.019233804296977e-6,low,0.0021,3.26,2518.421624,Country
Tonga,3,NA,NA,NA,NA,NA,NA,NA,NA,NA,NA,NA,NA,NA,NA,NA,NA,NA,NA,NA,NA,3.0591148311547386e-4,3.745822849008352e-4,2.185120613600429e-5,3.494052872396983e-5,3.200902854119977e-5,5.520904114793088e-5,mid,0.0017,16.62,7034.92497,Country
Tuvalu,3,NA,NA,NA,NA,NA,NA,NA,NA,NA,NA,NA,NA,NA,NA,NA,NA,NA,NA,NA,NA,2.158437796735391e-5,2.6989004532466716e-5,1.652065405255833e-6,2.9883210844449033e-6,2.5257646788169455e-6,4.4047748438876465e-06,mid,1e-4,6.81,5352.978625,Country
Vanuatu,3,NA,NA,NA,NA,NA,NA,NA,NA,NA,NA,NA,NA,NA,NA,NA,NA,NA,NA,NA,NA,2.6965881758380717e-5,2.1710868612667e-4,2.7590596159673956e-6,1.657927481978175e-5,5.809328219767444e-7,3.5206143071606742e-6,low,1e-4,0.51,3135.836649,Country
Cambodia,3,NA,NA,NA,NA,NA,NA,NA,NA,NA,NA,NA,NA,NA,NA,NA,NA,NA,NA,NA,NA,0.00450846580488375,0.01355024874455002,0.00104170798662224,0.0056352893691287,3.118703539558609e-4,0.00144278202562425,low,1e-4,0.01,6225.532655,Country
Indonesia,3,NA,NA,NA,NA,NA,NA,NA,NA,NA,NA,NA,NA,NA,NA,NA,NA,NA,NA,NA,NA,0.11927336344469688,0.2759504156674597,0.03627440333272649,0.1556219778861375,0.01012993770352088,0.0427761990065675,low,0.2666,1,12757.07464,Country
Lao People's Democratic Republic,3,NA,NA,NA,NA,NA,NA,NA,NA,NA,NA,NA,NA,NA,NA,NA,NA,NA,NA,NA,NA,0.0018286512022517,0.00627157022503054,2.624385820601012e-4,0.00122658345549614,6.888755753808153e-5,3.6320258367140577e-4,low,0.0045,0.63,8080.435532,Country
Malaysia,3,NA,NA,NA,NA,NA,NA,NA,NA,NA,NA,NA,NA,NA,NA,NA,NA,NA,NA,NA,NA,0.02283278086429605,0.04805706000861529,0.00359771550068704,0.01235687339985705,0.00111103077248003,0.00359955076204579,low,0.2268,6.91,29822.84918,Country
Maldives,3,NA,NA,NA,NA,NA,NA,NA,NA,NA,NA,NA,NA,NA,NA,NA,NA,NA,NA,NA,NA,2.6093926240634277e-4,5.956911275197129e-4,4.4375255006321304e-5,1.8947490650688217e-4,1.3544521965837427e-5,5.109312371095397e-5,low,6e-4,1.7,19052.62249,Country
Mauritius,3,NA,NA,NA,NA,NA,NA,NA,NA,NA,NA,NA,NA,NA,NA,NA,NA,NA,NA,NA,NA,7.168612939791251e-4,0.00138409866598376,1.5753769882496845e-4,5.986502158075234e-4,4.7086911019264926e-5,1.6430018926140015e-4,low,0.0168,13.26,22737.57294,Country
Myanmar,3,NA,NA,NA,NA,NA,NA,NA,NA,NA,NA,NA,NA,NA,NA,NA,NA,NA,NA,NA,NA,0.01022128193878709,0.03944387672659603,0.00233924473674431,0.01269748657188149,6.079622821723458e-4,0.00346161663520873,low,4e-4,0.01,5178.447182,Country
Philippines,3,NA,NA,NA,NA,NA,NA,NA,NA,NA,NA,NA,NA,NA,NA,NA,NA,NA,NA,NA,NA,0.02622147854697147,0.07862332454385727,0.00317046733353813,0.01635320386302946,8.678040500860515e-4,0.0037345658551938,low,0.0165,0.15,8857.789951,Country
Seychelles,3,NA,NA,NA,NA,NA,NA,NA,NA,NA,NA,NA,NA,NA,NA,NA,NA,NA,NA,NA,NA,7.191283052803656e-5,1.4337556452726974e-4,1.33011466594094e-5,4.592536055802747e-5,4.3772163715457946e-6,1.4407692168641206e-5,low,0.0013,13.61,29979.82727,Country
Sri Lanka,3,NA,NA,NA,NA,NA,NA,NA,NA,NA,NA,NA,NA,NA,NA,NA,NA,NA,NA,NA,NA,0.00910815609027487,0.02246298122268742,0.00172267581115925,0.00681099926728187,5.40249559942008e-4,0.0020926318629343,low,0.04,1.82,14316.13522,Country
Thailand,3,NA,NA,NA,NA,NA,NA,NA,NA,NA,NA,NA,NA,NA,NA,NA,NA,NA,NA,NA,NA,0.04946150071718094,0.10103323330466224,0.01428050570621512,0.05555051402259112,0.0042226403409875,0.01623309183262653,low,0.1917,2.82,20242.77,Country
Timor-Leste,3,NA,NA,NA,NA,NA,NA,NA,NA,NA,NA,NA,NA,NA,NA,NA,NA,NA,NA,NA,NA,3.076811941054516e-4,0.00118751861223756,4.139118441452224e-5,2.2542064694591087e-4,1.2953385078314828e-5,6.546630424708486e-5,low,7e-4,0.55,6824.792339,Country
Viet Nam,3,NA,NA,NA,NA,NA,NA,NA,NA,NA,NA,NA,NA,NA,NA,NA,NA,NA,NA,NA,NA,0.03641972135891219,0.09393185727237845,0.0067565999548942,0.03406635775409709,0.00207266281499703,0.01014416229859884,low,0.057,0.6,12048.90199,Country
Angola,3,NA,NA,NA,NA,NA,NA,NA,NA,NA,NA,NA,NA,NA,NA,NA,NA,NA,NA,NA,NA,0.0088467459171274,0.02885160092056176,0.0018185418537174,0.00779666127217708,5.041204707375228e-4,0.00240021068585806,low,0.0702,2.33,7408.126591,Country
Central African Republic,3,NA,NA,NA,NA,NA,NA,NA,NA,NA,NA,NA,NA,NA,NA,NA,NA,NA,NA,NA,NA,3.656028873639074e-4,0.0031798838542784,9.124891876295896e-5,7.336268915420535e-4,2.540316767271523e-5,2.283010247436981e-4,low,0.0011,0.22,1128.55238,Country
Congo,3,NA,NA,NA,NA,NA,NA,NA,NA,NA,NA,NA,NA,NA,NA,NA,NA,NA,NA,NA,NA,0.0012688950106101,0.0039915094748684,3.0461208533995814e-4,0.00142424783240125,9.899078560410404e-5,4.333844874699603e-4,low,0.0047,1.03,6263.211613,Country
Democratic Republic of the Congo,3,NA,NA,NA,NA,NA,NA,NA,NA,NA,NA,NA,NA,NA,NA,NA,NA,NA,NA,NA,NA,0.00714145951378771,0.05748068774465434,0.00207831739804191,0.01513175567385311,6.642427627830281e-4,0.00452512692372091,low,0.0229,0.23,1313.618218,Country
Equatorial Guinea,3,NA,NA,NA,NA,NA,NA,NA,NA,NA,NA,NA,NA,NA,NA,NA,NA,NA,NA,NA,NA,8.029214927962505e-4,0.00187938474361322,1.5694236825341347e-4,7.069120098195664e-4,4.739681424739098e-5,1.8602377856724928e-4,low,0.0057,4.19,16821.44865,Country
Gabon,3,NA,NA,NA,NA,NA,NA,NA,NA,NA,NA,NA,NA,NA,NA,NA,NA,NA,NA,NA,NA,9.65838307831398e-4,0.00205384517398525,2.0389464636363583e-4,7.825672352011287e-4,6.644950556311696e-5,2.4538172403935324e-4,low,0.0077,3.69,18523.5798,Country
Burundi,3,NA,NA,NA,NA,NA,NA,NA,NA,NA,NA,NA,NA,NA,NA,NA,NA,NA,NA,NA,NA,5.662629283609088e-4,0.00871250328716445,2.1070739776585544e-4,0.00242520034135496,5.940991116490882e-5,5.793319379710654e-4,low,0.0013,0.12,836.6655713,Country
Comoros,3,NA,NA,NA,NA,NA,NA,NA,NA,NA,NA,NA,NA,NA,NA,NA,NA,NA,NA,NA,NA,1.1373565714421277e-4,5.764964184279698e-4,4.094583392141187e-5,2.881579840117949e-4,9.748485207323842e-6,6.643599762502183e-5,low,3e-4,0.3,3449.043575,Country
Djibouti,3,NA,NA,NA,NA,NA,NA,NA,NA,NA,NA,NA,NA,NA,NA,NA,NA,NA,NA,NA,NA,3.1137100877418766e-4,0.00105932645979828,7.631440095299036e-5,3.816409978688371e-4,2.5180204600752494e-5,1.2698466746667358e-4,low,8e-4,0.76,5960.108074,Country
Eritrea,3,NA,NA,NA,NA,NA,NA,NA,NA,NA,NA,NA,NA,NA,NA,NA,NA,NA,NA,NA,NA,0,0,0,0,0,0,high,0.0024,0.39,NA,Country
Ethiopia,3,NA,NA,NA,NA,NA,NA,NA,NA,NA,NA,NA,NA,NA,NA,NA,NA,NA,NA,NA,NA,0.01857487732360063,0.09127991512378576,0.00824778084394804,0.05443386305436475,0.00205797258758638,0.01203514739460683,low,1e-4,0.01,2588.413102,Country
Kenya,3,NA,NA,NA,NA,NA,NA,NA,NA,NA,NA,NA,NA,NA,NA,NA,NA,NA,NA,NA,NA,0.01420599239601102,0.04913414037723253,0.00445722034146143,0.02683896543361792,0.0011936461258035,0.00627332997327752,low,1e-4,0.01,5338.852434,Country
Madagascar,3,NA,NA,NA,NA,NA,NA,NA,NA,NA,NA,NA,NA,NA,NA,NA,NA,NA,NA,NA,NA,0.00181682817245802,0.01890621436774666,3.0249234591844993e-4,0.00252624147005757,9.431575754345056e-5,9.357815942669256e-4,low,0.0042,0.15,1577.432461,Country
Malawi,3,NA,NA,NA,NA,NA,NA,NA,NA,NA,NA,NA,NA,NA,NA,NA,NA,NA,NA,NA,NA,0.00163884457225905,0.01471523982992581,4.4783255384930366e-4,0.00338441547283402,1.183946759794762e-4,9.15827729478366e-4,low,0.0025,0.12,1687.593582,Country
Mozambique,3,NA,NA,NA,NA,NA,NA,NA,NA,NA,NA,NA,NA,NA,NA,NA,NA,NA,NA,NA,NA,0.00244990756079993,0.02571390380656113,6.541174332902638e-4,0.00538187113166248,2.0347228581672552e-4,0.00161629910713269,low,0.0049,0.16,1457.235409,Country
Rwanda,3,NA,NA,NA,NA,NA,NA,NA,NA,NA,NA,NA,NA,NA,NA,NA,NA,NA,NA,NA,NA,7.132880019851787e-4,0.0016672671779912,7.89352496535568e-5,2.934688527615671e-4,5.6444702445664566e-5,1.947194299768856e-4,low,0.0035,0.28,2733.435668,Country
Somalia,3,NA,NA,NA,NA,NA,NA,NA,NA,NA,NA,NA,NA,NA,NA,NA,NA,NA,NA,NA,NA,0.00156397710549257,0.01149737799214366,2.890879939450607e-4,0.0020298202701889,8.930850634766774e-5,5.552395266628456e-4,low,0.0026,0.17,1392.46426,Country
South Sudan,3,NA,NA,NA,NA,NA,NA,NA,NA,NA,NA,NA,NA,NA,NA,NA,NA,NA,NA,NA,NA,0,0,0,0,0,0,high,0.0011,0.09,NA,Country
Uganda,3,NA,NA,NA,NA,NA,NA,NA,NA,NA,NA,NA,NA,NA,NA,NA,NA,NA,NA,NA,NA,0.00593875577775425,0.03536585242832207,0.00133492599079856,0.00910602886117503,4.176610304245975e-4,0.00240784996269435,low,0.0124,0.31,2684.920359,Country
United Republic of Tanzania,3,NA,NA,NA,NA,NA,NA,NA,NA,NA,NA,NA,NA,NA,NA,NA,NA,NA,NA,NA,NA,0.01477659341995399,0.04246642543377518,0.00171045868160143,0.00649111788599181,4.171154112234686e-4,0.00131418716380293,low,1e-4,0.01,3493.083008,Country
Zambia,3,NA,NA,NA,NA,NA,NA,NA,NA,NA,NA,NA,NA,NA,NA,NA,NA,NA,NA,NA,NA,0.00335716776567555,0.01436692578489904,6.750753425205407e-4,0.0046514308493218,2.341161585294821e-4,0.00143007406339596,low,8e-4,0.04,3503.034914,Country
Botswana,3,NA,NA,NA,NA,NA,NA,NA,NA,NA,NA,NA,NA,NA,NA,NA,NA,NA,NA,NA,NA,0.02207215355453459,0.0139866685295275,0.00189709959507854,0.0015592643644691,0.00151901982969361,0.00152483668404292,mid,0.0574,24.15,17960.62544,Country
Eswatini,3,NA,NA,NA,NA,NA,NA,NA,NA,NA,NA,NA,NA,NA,NA,NA,NA,NA,NA,NA,NA,3.5222942785842216e-4,0.00102836141547432,4.195061008910964e-5,1.973938922379465e-4,1.244452313931584e-5,5.362493569952352e-5,low,0.0138,12.18,9946.040554,Country
Lesotho,3,NA,NA,NA,NA,NA,NA,NA,NA,NA,NA,NA,NA,NA,NA,NA,NA,NA,NA,NA,NA,2.0036652575539045e-4,0.00140800016887113,3.599282422404005e-5,2.701865294614517e-4,9.189311287123973e-6,6.13559905715239e-5,low,0.0093,4.56,2544.782496,Country
Namibia,3,NA,NA,NA,NA,NA,NA,NA,NA,NA,NA,NA,NA,NA,NA,NA,NA,NA,NA,NA,NA,6.969130145175656e-4,0.00219373100945798,9.68012710171606e-5,4.097133011100928e-4,2.759513723754175e-5,1.2041707541714536e-4,low,0.0028,1.13,9709.099306,Country
South Africa,3,NA,NA,NA,NA,NA,NA,NA,NA,NA,NA,NA,NA,NA,NA,NA,NA,NA,NA,NA,NA,0.33185853624127243,0.25229468298109975,0.04614444299147808,0.05980950952780366,0.06373706761228926,0.0933261314555422,mid,2.2861,38.86,13711.29357,Country
Zimbabwe,3,NA,NA,NA,NA,NA,NA,NA,NA,NA,NA,NA,NA,NA,NA,NA,NA,NA,NA,NA,NA,0.00180997964558777,0.01024402554594324,2.962415901225681e-4,0.00160176664768431,6.685360626610792e-5,4.766732450393176e-4,low,0.0587,3.94,3184.784602,Country
Benin,3,NA,NA,NA,NA,NA,NA,NA,NA,NA,NA,NA,NA,NA,NA,NA,NA,NA,NA,NA,NA,0.00264027682665435,0.01124267293646194,0.00100174013440693,0.00572514951479742,2.41641826647796e-4,0.00147940391406982,low,0.0033,0.28,3464.288629,Country
Burkina Faso,3,NA,NA,NA,NA,NA,NA,NA,NA,NA,NA,NA,NA,NA,NA,NA,NA,NA,NA,NA,NA,0.00468120246799104,0.02094691497901238,0.00192760664025004,0.01170743888123027,5.22708436497211e-4,0.00339712892259818,low,0.0046,0.23,2486.430931,Country
Cabo Verde,3,NA,NA,NA,NA,NA,NA,NA,NA,NA,NA,NA,NA,NA,NA,NA,NA,NA,NA,NA,NA,2.6114753266191066e-4,8.34571324476751e-4,1.0504189252665467e-4,5.984428741770675e-4,2.773107485796732e-5,1.1812379278832785e-4,low,0.0034,6.12,7685.419214,Country
Cameroon,3,NA,NA,NA,NA,NA,NA,NA,NA,NA,NA,NA,NA,NA,NA,NA,NA,NA,NA,NA,NA,0.00835095804158746,0.02873716632375187,0.00293519599313758,0.01652864104498705,9.715694413780702e-4,0.00527842989489261,low,0.0066,0.26,4793.556282,Country
Chad,3,NA,NA,NA,NA,NA,NA,NA,NA,NA,NA,NA,NA,NA,NA,NA,NA,NA,NA,NA,NA,0.00244170236650082,0.0139601535153572,9.962940750684406e-4,0.00658423635752819,2.2785502034893015e-4,0.00167367529871465,low,0.0034,0.26,2435.072747,Country
Gambia,3,NA,NA,NA,NA,NA,NA,NA,NA,NA,NA,NA,NA,NA,NA,NA,NA,NA,NA,NA,NA,5.409000784640648e-4,0.00219251215439493,2.264667464178136e-4,0.00132170544714439,6.359084828527764e-5,3.661510634568977e-4,low,0,0.02,3503.034914,Country
Ghana,3,NA,NA,NA,NA,NA,NA,NA,NA,NA,NA,NA,NA,NA,NA,NA,NA,NA,NA,NA,NA,0.01108490697181529,0.03339429843722665,0.00388807883888302,0.02043026052320454,0.00140966509890702,0.00687437642425612,low,8e-4,0.03,6607.502974,Country
Guinea,3,NA,NA,NA,NA,NA,NA,NA,NA,NA,NA,NA,NA,NA,NA,NA,NA,NA,NA,NA,NA,0.00324833083446907,0.01237132471962683,0.00132990725149163,0.00722998365497063,2.9833440809519683e-4,0.00162984496161707,low,0.0032,0.23,3738.805126,Country
Guinea-Bissau,3,NA,NA,NA,NA,NA,NA,NA,NA,NA,NA,NA,NA,NA,NA,NA,NA,NA,NA,NA,NA,3.421177739422512e-4,0.00155629244352943,1.1400358304592946e-4,7.041956606198313e-4,2.55059616441762e-5,1.9326789299422848e-4,low,5e-4,0.25,2483.850629,Country
Liberia,3,NA,NA,NA,NA,NA,NA,NA,NA,NA,NA,NA,NA,NA,NA,NA,NA,NA,NA,NA,NA,7.397658457715473e-4,0.00498495168597732,4.1712443344462064e-4,0.00283291667776057,1.138893956944446e-4,8.724119173322117e-4,low,7e-4,0.16,1539.208923,Country
Mali,3,NA,NA,NA,NA,NA,NA,NA,NA,NA,NA,NA,NA,NA,NA,NA,NA,NA,NA,NA,NA,0.00410008205887625,0.0195185741214752,0.00144934616104434,0.01185315237524264,5.791994851206287e-4,0.00318035328682661,low,0.0013,0.07,2796.227938,Country
Mauritania,3,NA,NA,NA,NA,NA,NA,NA,NA,NA,NA,NA,NA,NA,NA,NA,NA,NA,NA,NA,NA,0.00118353509291834,0.00362028510291036,3.8314728205211086e-4,0.0019055346925886,1.1003537544126418e-4,6.383901098692572e-4,low,0.0017,0.43,5836.565808,Country
Niger,3,NA,NA,NA,NA,NA,NA,NA,NA,NA,NA,NA,NA,NA,NA,NA,NA,NA,NA,NA,NA,0.00145678382730555,0.0182976906808245,4.1369882708032767e-4,0.00306314141442796,1.3609275215944e-4,9.415718797922632e-4,low,1e-4,0.01,1585.59922,Country
Nigeria,3,NA,NA,NA,NA,NA,NA,NA,NA,NA,NA,NA,NA,NA,NA,NA,NA,NA,NA,NA,NA,0.04005124473292458,0.19092486543697945,0.00536476599062028,0.02536952313458001,0.00134338277017829,0.00729775594173391,low,0.1375,0.68,5491.700341,Country
Sao Tome and Principe,3,NA,NA,NA,NA,NA,NA,NA,NA,NA,NA,NA,NA,NA,NA,NA,NA,NA,NA,NA,NA,6.628600930978907e-5,2.1963221720101047e-4,2.2610432225880648e-5,1.1595666225830054e-4,6.700883539253265e-6,3.379741402879984e-5,low,1e-4,0.61,5732.694561,Country
Senegal,3,NA,NA,NA,NA,NA,NA,NA,NA,NA,NA,NA,NA,NA,NA,NA,NA,NA,NA,NA,NA,0.0032190988705575,0.01308462474060192,0.00116056062811626,0.00700605715981059,3.253351967764711e-4,0.00176985596645012,low,0.0044,0.27,4173.677414,Country
Sierra Leone,3,NA,NA,NA,NA,NA,NA,NA,NA,NA,NA,NA,NA,NA,NA,NA,NA,NA,NA,NA,NA,0.00174459973214533,0.00923108781268246,9.17681328166804e-4,0.00622326322588176,2.2634781975055233e-4,0.00137651186947607,low,0.0014,0.18,2851.952081,Country
Togo,3,NA,NA,NA,NA,NA,NA,NA,NA,NA,NA,NA,NA,NA,NA,NA,NA,NA,NA,NA,NA,0.00137139046618753,0.00680966836063268,5.588908504788728e-4,0.00381289394429921,1.2949315767287972e-4,9.50474184500728e-4,low,0.0017,0.2,2577.201963,Country
Bolivia,3,NA,NA,NA,NA,NA,NA,NA,NA,NA,NA,NA,NA,NA,NA,NA,NA,NA,NA,NA,NA,0.00405931387465126,0.01075330708001861,9.711192098836356e-4,0.00474012256714609,2.697163382868923e-4,0.00117195917764587,low,0.0482,4.17,9454.198147,NA
CÃ´te d'Ivoire,3,NA,NA,NA,NA,NA,NA,NA,NA,NA,NA,NA,NA,NA,NA,NA,NA,NA,NA,NA,NA,0.00787146045470604,0.02436512637223212,0.00261564691128146,0.01362109135444578,6.483117722357357e-4,0.00359638570448069,low,0.0066,0.25,6045.204805,NA
Global,0,300.09670766629813,163.68907261442462,61.39818836098351,22.98076488018598,108.45475844471555,58.99273390156363,23.256113775224428,8.078083441740546,77.57704720558955,42.51052636781317,31.216789500182884,12.646806596093558,393.4362,156.53650034289126,9501.91,1482.7020543251433,4529461.7648953,479786.8515253971,NA,NA,NA,NA,NA,NA,NA,NA,NA,NA,NA,NA,NA
Global,3,NA,NA,NA,NA,NA,NA,NA,NA,NA,NA,NA,NA,NA,NA,NA,NA,NA,NA,NA,NA,150.04835383314906,16.249854683633163,54.227379222357776,5.712067580645505,38.788523602794776,8.942642704452513,NA,NA,NA,NA,NA
Iran,3,NA,NA,NA,NA,NA,NA,NA,NA,NA,NA,NA,NA,NA,NA,NA,NA,NA,NA,NA,NA,0.7286842854017073,0.5779517631610357,0.16252593088559553,0.2186348284918948,0.2306176718031677,0.328713028391043,mid,3.5071,42.12,12731.75358,NA
North Korea,3,NA,NA,NA,NA,NA,NA,NA,NA,NA,NA,NA,NA,NA,NA,NA,NA,NA,NA,NA,NA,0,0,0,0,0,0,high,0.0895,3.5,NA,NA
Republic of Ireland,3,NA,NA,NA,NA,NA,NA,NA,NA,NA,NA,NA,NA,NA,NA,NA,NA,NA,NA,NA,NA,0.13277758018992905,0.07549031731703758,0.01978724991564988,0.01686803709773259,0.02176217033070217,0.02207444850803845,mid,0.5148,104,116903.6124,NA
Taiwan,3,NA,NA,NA,NA,NA,NA,NA,NA,NA,NA,NA,NA,NA,NA,NA,NA,NA,NA,NA,NA,2.792243443502771,0.7061150950747709,1.7121378678042962,0.49959426772563753,0.6532388196857956,0.4599913894801048,high,6.3776,269.82,64700,NA
Turkey,3,NA,NA,NA,NA,NA,NA,NA,NA,NA,NA,NA,NA,NA,NA,NA,NA,NA,NA,NA,NA,0.07264390200629002,0.13318933167555125,0.01845531664914503,0.06180296886063876,0.00599175968865372,0.01903013998963505,low,0.8299,10,31338.26652,NA
United Kingdom of Great Britain and Northern Ireland,3,NA,NA,NA,NA,NA,NA,NA,NA,NA,NA,NA,NA,NA,NA,NA,NA,NA,NA,NA,NA,3.5221259017950373,1.1190702640842825,0.9627166230489383,0.4020878511416855,1.5917781765934749,0.8170689775873191,high,9.5769,143.22,51004.42717,NA
Venezuela,3,NA,NA,NA,NA,NA,NA,NA,NA,NA,NA,NA,NA,NA,NA,NA,NA,NA,NA,NA,NA,0,0,0,0,0,0,high,0.49370000000000003,17.93,NA,NA
NA,1,2.768495300568529,1.2452987529869701,1.7354128073209296,0.6277624634057833,0.8190563695876406,0.4437888996991821,0.7002169317430645,0.26524811446294,0.6700464776468937,0.30539206198025476,0.715502917965194,0.28865588419824756,6.5197,2.2452236614644874,788.9499999999999,208.03155505836128,786344.373077,161176.86736400766,"Central Europe, Eastern Europe, and Central Asia",NA,NA,NA,NA,NA,NA,NA,NA,NA,NA,NA,NA
NA,1,109.717127461518,60.59139381087084,27.463358793922232,14.78773576601132,40.43382446484729,21.445489072812922,10.41704777255871,5.112147443998839,27.10657239514447,15.66590118220051,14.360453165107481,8.032923854881005,288.1552,143.30966941354654,6802.03,1414.0414676027008,1929898.56232,367390.7891300713,High-income,NA,NA,NA,NA,NA,NA,NA,NA,NA,NA,NA,NA
NA,1,3.901022798843163,2.5484428262487246,2.572476687046215,1.5779719204670954,0.8236249525753355,0.5235354251378223,0.8657521535822795,0.5164148381147302,0.8034103338014622,0.547442079487442,0.9667867918059747,0.6761014724213874,8.1988,4.356892840086843,663.54,159.25111742151137,475169.943182,99034.2320798504,Latin America and Caribbean,NA,NA,NA,NA,NA,NA,NA,NA,NA,NA,NA,NA
NA,1,0.8655074478672171,0.3673761179286738,0.8752181125742126,0.2834239131371232,0.20348282819653912,0.09052165342375212,0.3204804348136746,0.10145158761338476,0.208268629955197,0.10414504159992524,0.2644396069200017,0.11371870187667027,3.7304,1.5568154482789538,359.2,133.53655454593695,498535.269753,174547.42999078805,North Africa and Middle East,NA,NA,NA,NA,NA,NA,NA,NA,NA,NA,NA,NA
NA,1,0.661407040225712,0.526179411982516,1.92626794709616,1.4973476900316327,0.23031613767453524,0.1830206862650243,1.194840020982173,0.9334902171595666,0.06587301249820805,0.05224894279124512,0.3442654098816013,0.27841387608289364,0.215,0.12102280776779227,3.56,3.1411781229341322,38863.403732,18729.329362718803,South Asia,NA,NA,NA,NA,NA,NA,NA,NA,NA,NA,NA,NA
NA,1,24.34445432414195,24.061596401190982,6.84268286758244,6.159637887197675,8.742960573401069,8.673210003086211,2.4866913926313563,2.1913273718726396,7.351531489214041,7.331442224085866,3.8009483739173806,3.716839771550739,62.4206,61.549948733853554,179.9,60.818819455823046,293472.514877,70656.13708489508,"Southeast Asia, East Asia, and Oceania",NA,NA,NA,NA,NA,NA,NA,NA,NA,NA,NA,NA
NA,1,0.5299335727593951,0.33683770909907873,1.085981257043232,0.35207447753293714,0.0949041416505732,0.04795710358695016,0.3416683210284812,0.09812872876631658,0.0785146383221891,0.06385412199623067,0.1701042012944678,0.09541258411023167,2.7521999999999998,2.293059550033535,109.72,48.55074458749319,215000.23533229998,43585.31191862416,Sub-Saharan Africa,NA,NA,NA,NA,NA,NA,NA,NA,NA,NA,NA,NA
NA,1,157.30875972037416,150.11750213949668,18.896789888398093,16.314621348418196,57.10658897678257,54.26319241711574,6.929416747884686,5.752486283946993,41.292830229007095,38.827358093236725,10.59428903329078,8.997720173579895,21.444300000000002,12.078841648519118,595.01,326.12280125744047,292177.462622,147391.0005548059,NA,NA,NA,NA,NA,NA,NA,NA,NA,NA,NA,NA,NA
NA,2,0.02530363005944692,0.019298452133922107,0.057533237476377175,0.04442513444569628,0.00617246544778193,0.004709469504430411,0.024016211849115163,0.01822198788385521,0.001841417690075583,0.0013937175690597937,0.0075015622049812,0.005575861089831289,0.39349999999999996,0.295833280751169,15.52,10.995271711058349,28787.99577,20394.76167605069,NA,Andean Latin America,NA,NA,NA,NA,NA,NA,NA,NA,NA,NA,NA
NA,2,4.0101645951968745,3.9177449820491965,0.9491889218128359,0.8917566956416448,1.5893828610540395,1.5678466420080313,0.37055838554499326,0.3509854767262265,0.8149279635953142,0.7893905373354504,0.4440347898165812,0.41599251250868097,7.905600000000001,7.389713673749478,394.52,307.2155194647562,106179.01683000001,75424.56902406889,NA,Australasia,NA,NA,NA,NA,NA,NA,NA,NA,NA,NA,NA
NA,2,0.11108779635522316,0.04741949084873315,0.08616160407292246,0.0324733060358217,0.033914928701606915,0.016489358075633603,0.037651403044815665,0.014242346198461972,0.030865282201106632,0.013480790627955982,0.038272278285838596,0.01579119553943137,0.6274,0.3304840994662224,499.7,148.76654260955317,283991.70402,78879.79874807484,NA,Caribbean,NA,NA,NA,NA,NA,NA,NA,NA,NA,NA,NA
NA,2,0.10503422112945696,0.05339035350604201,0.13537798199902984,0.05493568390438368,0.021582917047716085,0.01057669053694117,0.05023100165704031,0.020431563967377935,0.02030339296990283,0.012897286212760142,0.03403469803175637,0.018407883939482957,0.7352,0.31736310434579507,100.78,48.01049885181365,138091.011907,52195.82795959173,NA,Central Asia,NA,NA,NA,NA,NA,NA,NA,NA,NA,NA,NA
NA,2,2.3866655454252044,1.2347882890366733,1.222206237016708,0.5729298042754253,0.7287140418916499,0.44204239423148634,0.4909641789471127,0.242461382046526,0.6042111486904252,0.30428541499836775,0.5993955595167914,0.28482854816255815,4.2313,2.0119219443109615,422.22999999999996,139.5402891640977,421438.19496,122510.30649460189,NA,Central Europe,NA,NA,NA,NA,NA,NA,NA,NA,NA,NA,NA
NA,2,1.7926834423910296,1.617732622204814,1.3311215769537639,1.1393755332432605,0.41542822730439594,0.3727339894183634,0.5008291301536988,0.4198485745399461,0.537164701407373,0.49506388359564174,0.6998257515879243,0.6390174130234939,3.4138,2.2356794537679145,123.46,52.38705374422196,128908.37033199999,51046.34206686028,NA,Central Latin America,NA,NA,NA,NA,NA,NA,NA,NA,NA,NA,NA
NA,2,0.019391463129516767,0.011514627388194032,0.09743691191196137,0.06457738393203699,0.004653557270479276,0.0027917407655806657,0.02657577091499419,0.0171299965889542,0.0014066035066078782,8.440748712519299e-4,0.008018428624399231,0.005154856498570515,0.1123,0.07461588302767716,11.690000000000001,6.145185107057395,51458.537252,26892.220545840377,NA,Central Sub-Saharan Africa,NA,NA,NA,NA,NA,NA,NA,NA,NA,NA,NA
NA,2,24.061192824800756,24.061192824800756,6.151027154040899,6.151027154040899,8.673117877470728,8.673117877470728,2.1846714692077382,2.1846714692077382,7.331433528809466,7.331433528809466,3.7165381915607543,3.7165381915607543,61.5486,61.5486,43.96,43.96,20843.29783,20843.29783,NA,East Asia,NA,NA,NA,NA,NA,NA,NA,NA,NA,NA,NA
NA,2,0.2767955340138677,0.15236907691945872,0.3778285883051917,0.2506376277979387,0.06875941064827458,0.03788459865950468,0.1590217511389115,0.10560109675604899,0.04553193598656562,0.022546790196589374,0.08207266041664638,0.043082101187754504,1.5532,0.9447116173732596,265.94,146.63092306877155,226815.16621,90800.89712930335,NA,Eastern Europe,NA,NA,NA,NA,NA,NA,NA,NA,NA,NA,NA
NA,2,0.0660276016902695,0.028759302234260074,0.3154615884877737,0.12431514713785864,0.018525894409626893,0.009691117116886553,0.11823222260521143,0.0623472771766966,0.004976785842673398,0.0024785102345304,0.028451208548358062,0.014099595891050776,0.0371,0.015189799208679487,2.92,1.0535653752852738,36702.2824173,11483.64638201795,NA,Eastern Sub-Saharan Africa,NA,NA,NA,NA,NA,NA,NA,NA,NA,NA,NA
NA,2,9.787631090556445,7.575316783431572,2.256170843525681,1.6618753475007133,3.7775852220191024,2.897209616545521,0.8663975737255954,0.6452136120331754,2.8450242964144277,2.143295131276099,1.4726350975646354,1.0821063175186456,37.1578,29.658001483916614,592.64,337.2351301391953,303641.14308,167398.01565028582,NA,High-income Asia Pacific,NA,NA,NA,NA,NA,NA,NA,NA,NA,NA,NA
NA,2,63.67689749366535,58.36172242779719,15.63313893713367,14.303462112363295,22.310581613774804,20.18170377808001,5.24116911963972,4.735068370088995,16.486741239293732,15.244737630919932,8.433470793993148,7.808599332922504,146.3349,134.12078302951412,747.98,530.7709129181817,128302.51941000001,91286.30226293896,NA,High-income North America,NA,NA,NA,NA,NA,NA,NA,NA,NA,NA,NA
NA,2,0.8655074478672171,0.3673761179286738,0.8752181125742126,0.2834239131371232,0.20348282819653912,0.09052165342375212,0.3204804348136746,0.10145158761338476,0.208268629955197,0.10414504159992524,0.2644396069200017,0.11371870187667027,3.7304,1.5568154482789538,359.2,133.53655454593695,498535.269753,174547.42999078805,NA,North Africa and Middle East,NA,NA,NA,NA,NA,NA,NA,NA,NA,NA,NA
NA,2,0.0020287047919213606,0.001250280028254,0.009020461855434809,0.006793777968092277,1.403317007877617e-4,8.064891251912162e-5,6.411667042993915e-4,4.4981686330796897e-4,8.695293446040018e-5,4.4043876553535416e-5,2.671121847672892e-4,1.5579090017533737e-4,0.048999999999999995,0.03657922907880919,92.87,36.625162115682166,76504.465658,26666.62556183536,NA,Oceania,NA,NA,NA,NA,NA,NA,NA,NA,NA,NA,NA
NA,2,0.661407040225712,0.526179411982516,1.92626794709616,1.4973476900316327,0.23031613767453524,0.1830206862650243,1.194840020982173,0.9334902171595666,0.06587301249820805,0.05224894279124512,0.3442654098816013,0.27841387608289364,0.215,0.12102280776779227,3.56,3.1411781229341322,38863.403732,18729.329362718803,NA,South Asia,NA,NA,NA,NA,NA,NA,NA,NA,NA,NA,NA
NA,2,0.2812327945492739,0.13935443431484215,0.6826352516861053,0.3255114379457054,0.0697023642295521,0.03997542530262682,0.30137875671931874,0.17066347005947294,0.02001100747011475,0.011291404590938112,0.08414307017185922,0.047346951125313536,0.8230000000000001,0.40581909762848767,43.07,20.61661223382736,196124.751389,62022.07449347588,NA,Southeast Asia,NA,NA,NA,NA,NA,NA,NA,NA,NA,NA,NA
NA,2,0.6859397638148002,0.6085546237253788,0.4885773690421702,0.41341184003051185,0.15311301407695208,0.1331019814649175,0.1685344521788443,0.13822635254310778,0.18772388172248713,0.1695223672297695,0.23986928148721962,0.21540169585707702,1.6831,1.2063649572165134,79.69,46.26869892270584,84822.00973,49032.2310442656,NA,Southern Latin America,NA,NA,NA,NA,NA,NA,NA,NA,NA,NA,NA
NA,2,0.3569901784095262,0.3325976457600333,0.2811554696503739,0.25290517286898795,0.0485125288820095,0.046184508125239235,0.06384783426276656,0.05985360658980272,0.06537217001991295,0.06375520903630073,0.09556303938631262,0.09333991802661946,2.4280999999999997,2.287635991586074,84.82,47.74168618723055,57056.625968,26840.13301955423,NA,Southern Sub-Saharan Africa,NA,NA,NA,NA,NA,NA,NA,NA,NA,NA,NA
NA,2,1.9719479300374634,1.9684717329303476,1.0976602685431516,1.0903167740862447,0.36810933112155075,0.3672392087914252,0.3032554085346499,0.2997942197811061,0.23353893250290686,0.2332828913317873,0.2211871997272307,0.22020330328964582,3.7641,3.7131543908111335,24.86,19.082316421231464,33481.87306,23750.39222579419,NA,Tropical Latin America,NA,NA,NA,NA,NA,NA,NA,NA,NA,NA,NA
NA,2,31.556494518284527,13.860803380793714,8.136282722407874,3.218715840397912,12.603161753922395,6.460507053895996,3.7703882414695586,1.7761140405963818,6.77215501411851,2.787982270694581,3.770443202245898,1.470795829727358,95.0738,40.16984777616167,4987.2,1227.8215705875182,1306953.87327,300878.18468522734,NA,Western Europe,NA,NA,NA,NA,NA,NA,NA,NA,NA,NA,NA
NA,2,0.08752432953008267,0.043344713600490116,0.3919272869931229,0.2009251525886813,0.023212161088457535,0.008072386648554628,0.13301249324550904,0.04319922954175265,0.00675907895299487,0.002401404021849489,0.03807152473539788,0.012878266947233175,0.17470000000000002,0.1380051086010949,10.290000000000001,6.247631551236036,69782.789695,18006.13824291714,NA,Western Sub-Saharan Africa,NA,NA,NA,NA,NA,NA,NA,NA,NA,NA,NA
NA,2,157.30875972037416,150.11750213949668,18.896789888398093,16.314621348418196,57.10658897678257,54.26319241711574,6.929416747884686,5.752486283946993,41.292830229007095,38.827358093236725,10.59428903329078,8.997720173579895,21.444300000000002,12.078841648519118,595.01,326.12280125744047,292177.462622,147391.0005548059,NA,NA,NA,NA,NA,NA,NA,NA,NA,NA,NA,NA,NA
