Country,Severity,Mean_total_billions,SD_total_billions
Afghanistan,Health,0.0013599799099963835,0.024779626374881205
Afghanistan,Stage_III_IVT1_2,0.002297277539341984,0.01577917057942256
Afghanistan,Stage_IVT3,3.3873768606906113e-4,0.004335151370235598
Afghanistan,Stage_IVT4,5.744096544426233e-4,0.005636152127911963
Afghanistan,Stage_I_II,0.0012561206000474229,0.03588603342989511
Albania,Health,2.5045001848301074e-4,0.0010725304339325803
Albania,Stage_III_IVT1_2,5.522515677362858e-4,0.002433702072507819
Albania,Stage_IVT3,1.0715869065790693e-4,7.127180733590992e-4
Albania,Stage_IVT4,1.1823550585323397e-4,6.611623962008819e-4
Albania,Stage_I_II,3.983703732918831e-4,0.001590167349121504
Algeria,Health,0.004732762822471184,0.02039715404939438
Algeria,Stage_III_IVT1_2,0.00890427865057608,0.03823317272728646
Algeria,Stage_IVT3,0.0016184067328761365,0.010477709983602299
Algeria,Stage_IVT4,0.0023162691756690714,0.01239942817717631
Algeria,Stage_I_II,0.008480591028792507,0.03299091466521754
Andorra,Health,1.8215310768459717e-5,7.56681799588784e-5
Andorra,Stage_III_IVT1_2,3.8750871515780475e-5,1.3138939919732777e-4
Andorra,Stage_IVT3,8.909641851640382e-6,5.031842671544045e-5
Andorra,Stage_IVT4,9.914331071470657e-6,5.256978947760283e-5
Andorra,Stage_I_II,2.8430505972558082e-5,8.966594759150823e-5
Angola,Health,0.002838173958543939,0.017551252170253186
Angola,Stage_III_IVT1_2,0.004128103093574349,0.019711487084643278
Angola,Stage_IVT3,6.33688068198048e-4,0.00585702609885069
Angola,Stage_IVT4,0.0010029632940603895,0.0076570655676850945
Angola,Stage_I_II,0.004696923666460776,0.026653823534782652
Antigua and Barbuda,Health,1.1474977255250089e-5,5.058885245010259e-5
Antigua and Barbuda,Stage_III_IVT1_2,3.420493824104159e-5,1.2869083962692996e-4
Antigua and Barbuda,Stage_IVT3,7.045798115875152e-6,4.10799938591303e-5
Antigua and Barbuda,Stage_IVT4,9.188623577741593e-6,5.222204399909789e-5
Antigua and Barbuda,Stage_I_II,1.8270972072124474e-5,5.929774244186082e-5
Argentina,Health,0.007345771801687866,0.031095562784091736
Argentina,Stage_III_IVT1_2,0.015720737288321626,0.062285596003524214
Argentina,Stage_IVT3,0.003055879495821958,0.01792778126596068
Argentina,Stage_IVT4,0.004153681853505585,0.02609962295389587
Argentina,Stage_I_II,0.011360168251209475,0.04085964428925977
Armenia,Health,2.4073310092991953e-4,0.0011800919818990686
Armenia,Stage_III_IVT1_2,5.457210979961389e-4,0.002190769953480538
Armenia,Stage_IVT3,9.322601104450347e-5,5.880233176922207e-4
Armenia,Stage_IVT4,1.442646450661585e-4,8.607442576881682e-4
Armenia,Stage_I_II,4.1110959883422564e-4,0.0015401748131713229
Australia,Health,0.01122555278106351,0.04190177637708652
Australia,Stage_III_IVT1_2,0.017959810876872612,0.05593398689434938
Australia,Stage_IVT3,0.0039034396903313497,0.019418700978692516
Australia,Stage_IVT4,0.0045644629176548775,0.020517286633227435
Australia,Stage_I_II,0.017921807716371835,0.053362097317935356
Austria,Health,0.002372407497107128,0.009174653162341641
Austria,Stage_III_IVT1_2,0.003698275657290548,0.01214911030525266
Austria,Stage_IVT3,7.352210965540685e-4,0.0036389357860699897
Austria,Stage_IVT4,9.501185864982769e-4,0.005085151653713578
Austria,Stage_I_II,0.0038967483986224708,0.012578960871611472
Azerbaijan,Health,0.0012971483889197889,0.00587037843892444
Azerbaijan,Stage_III_IVT1_2,0.002184893572121338,0.009013890748150647
Azerbaijan,Stage_IVT3,4.4169830730504407e-4,0.002398878852008606
Azerbaijan,Stage_IVT4,5.645439512898335e-4,0.003011007448931456
Azerbaijan,Stage_I_II,0.0020262609985452775,0.00705743853511639
Bahamas,Health,6.3262945130888e-5,2.8196731429928196e-4
Bahamas,Stage_III_IVT1_2,1.7720049368528335e-4,7.060420911330249e-4
Bahamas,Stage_IVT3,3.64776053689608e-5,2.1308345270038231e-4
Bahamas,Stage_IVT4,4.676390394161527e-5,2.926860795808334e-4
Bahamas,Stage_I_II,9.508804029566764e-5,3.1724730185409515e-4
Bahrain,Health,4.601161624706749e-4,0.0016560716928870204
Bahrain,Stage_III_IVT1_2,0.0010848942049899355,0.0035327178935988038
Bahrain,Stage_IVT3,2.295155931677395e-4,0.001249875070416336
Bahrain,Stage_IVT4,2.7748705943425784e-4,0.001388118026393845
Bahrain,Stage_I_II,7.441318580603676e-4,0.0023426385692981184
Bangladesh,Health,0.008003563819326475,0.05492360407467196
Bangladesh,Stage_III_IVT1_2,0.03617876044159475,0.184738986872178
Bangladesh,Stage_IVT3,0.0062543218869391,0.05483806568980928
Bangladesh,Stage_IVT4,0.00937940282399841,0.07355767921054644
Bangladesh,Stage_I_II,0.012509524980863537,0.06450189762145728
Barbados,Health,2.5500991375433978e-5,1.2511080873446034e-4
Barbados,Stage_III_IVT1_2,7.914229911583239e-5,3.110019434665239e-4
Barbados,Stage_IVT3,1.4461188496374098e-5,9.11144453307726e-5
Barbados,Stage_IVT4,1.9720963136678055e-5,1.1224012445268989e-4
Barbados,Stage_I_II,3.857672214979862e-5,1.3302450280938853e-4
Belarus,Health,0.0012121063472896876,0.00465233070741884
Belarus,Stage_III_IVT1_2,0.0025136958526717794,0.009743971995226511
Belarus,Stage_IVT3,5.446612219421304e-4,0.003143064743716273
Belarus,Stage_IVT4,6.324734209340061e-4,0.0032704424181108633
Belarus,Stage_I_II,0.0019407564423905626,0.006681192817809948
Belgium,Health,0.002845587630518987,0.010890620647117339
Belgium,Stage_III_IVT1_2,0.007495298921695533,0.026205419317621534
Belgium,Stage_IVT3,0.0016411534530257385,0.0089271991574039
Belgium,Stage_IVT4,0.001959616075103057,0.01116524897254803
Belgium,Stage_I_II,0.0047461063029013316,0.014340760201757233
Belize,Health,4.23569613445728e-5,2.2991840426437766e-4
Belize,Stage_III_IVT1_2,9.214255345449553e-5,3.949708967700636e-4
Belize,Stage_IVT3,1.560965543046179e-5,1.2437750436376669e-4
Belize,Stage_IVT4,2.187592804864218e-5,1.3355545556579797e-4
Belize,Stage_I_II,6.081389870423005e-5,2.7137208298430495e-4
Benin,Health,5.484963651584298e-4,0.006746642259940419
Benin,Stage_III_IVT1_2,0.001592310289907527,0.014048256246089382
Benin,Stage_IVT3,3.383112604632643e-4,0.0035340773425210172
Benin,Stage_IVT4,4.559451981888379e-4,0.003289720129307565
Benin,Stage_I_II,9.497541033778153e-4,0.009406386561206159
Bhutan,Health,8.780416534009864e-5,4.4196930744354286e-4
Bhutan,Stage_III_IVT1_2,3.910076919435729e-4,0.0018689895305087655
Bhutan,Stage_IVT3,6.724092360205852e-5,4.247011245793123e-4
Bhutan,Stage_IVT4,9.264701918130555e-5,6.178371429555046e-4
Bhutan,Stage_I_II,1.5659897198002672e-4,7.600534200373817e-4
Bolivia,Health,9.072510940546895e-4,0.004649433397306324
Bolivia,Stage_III_IVT1_2,0.0020480771280337916,0.010102602969418523
Bolivia,Stage_IVT3,3.7595214364256256e-4,0.0035257381921088913
Bolivia,Stage_IVT4,4.854176180563919e-4,0.0029432866019280086
Bolivia,Stage_I_II,0.001476711209633619,0.007167672916324499
Bosnia and Herzegovina,Health,2.6836690760785207e-4,0.0011436218462380014
Bosnia and Herzegovina,Stage_III_IVT1_2,6.819995854894294e-4,0.002628234208254517
Bosnia and Herzegovina,Stage_IVT3,1.144099789170763e-4,6.699218400208595e-4
Bosnia and Herzegovina,Stage_IVT4,1.5279544199268069e-4,9.123121157181745e-4
Bosnia and Herzegovina,Stage_I_II,4.5629394097001163e-4,0.0018075797043633159
Botswana,Health,5.728300773317188e-4,0.0021979830560733458
Botswana,Stage_III_IVT1_2,2.2418650110027637e-4,7.367370470031442e-4
Botswana,Stage_IVT3,4.002673719952657e-5,1.9476822584503056e-4
Botswana,Stage_IVT4,4.7625617501073365e-5,2.159361556168953e-4
Botswana,Stage_I_II,9.796082090755387e-4,0.0030183861822665925
Brazil,Health,0.03498336808792275,0.12191868194770296
Brazil,Stage_III_IVT1_2,0.03454367050330608,0.10685060288146593
Brazil,Stage_IVT3,0.007273897468308425,0.03633767015381338
Brazil,Stage_IVT4,0.009034224220393667,0.04617656812168773
Brazil,Stage_I_II,0.060618241708907235,0.18788170278430588
Brunei Darussalam,Health,1.752805757178413e-4,6.885552961232902e-4
Brunei Darussalam,Stage_III_IVT1_2,2.3997562543631295e-4,7.706017580954476e-4
Brunei Darussalam,Stage_IVT3,5.2691729263945985e-5,2.7252373751546243e-4
Brunei Darussalam,Stage_IVT4,6.11803415368539e-5,2.852601018083299e-4
Brunei Darussalam,Stage_I_II,2.9044798148694645e-4,9.303792356224322e-4
Bulgaria,Health,8.889008989946617e-4,0.003969894199826601
Bulgaria,Stage_III_IVT1_2,0.0012979029528174483,0.004657456939932973
Bulgaria,Stage_IVT3,3.109400731563177e-4,0.001877163866784254
Bulgaria,Stage_IVT4,3.436554038548635e-4,0.0022323019424823117
Bulgaria,Stage_I_II,0.0015096367027642252,0.005518079321054024
Burkina Faso,Health,8.813015611163122e-4,0.01103608194172021
Burkina Faso,Stage_III_IVT1_2,0.0029321617423054024,0.027242572317974962
Burkina Faso,Stage_IVT3,7.331697996497533e-4,0.007118294548072621
Burkina Faso,Stage_IVT4,0.0010704596678941913,0.010099272690812533
Burkina Faso,Stage_I_II,0.001343867146553268,0.015282031030715756
Burundi,Health,-1.6423142669906235e-4,0.00733352501685553
Burundi,Stage_III_IVT1_2,6.669664395158073e-4,0.005942618735972043
Burundi,Stage_IVT3,1.1385162293538782e-4,0.0013857468606017936
Burundi,Stage_IVT4,1.4381440089379153e-4,0.00168449499245513
Burundi,Stage_I_II,1.670329426163038e-4,0.009537072401173623
Cabo Verde,Health,2.202548368173764e-5,0.00015893193889132156
Cabo Verde,Stage_III_IVT1_2,2.01183203418815e-4,9.739896975377991e-4
Cabo Verde,Stage_IVT3,3.601649307474196e-5,3.822126567059444e-4
Cabo Verde,Stage_IVT4,3.453954846319342e-5,2.9964452200175525e-4
Cabo Verde,Stage_I_II,5.1863250869990954e-5,2.837347410232553e-4
Cambodia,Health,0.0010296349754416625,0.006531221007154101
Cambodia,Stage_III_IVT1_2,0.0017544370544912724,0.009475495544332054
Cambodia,Stage_IVT3,2.951304018135123e-4,0.0024223862472622557
Cambodia,Stage_IVT4,4.6988621088981633e-4,0.0031781864492493187
Cambodia,Stage_I_II,0.0016588615701140503,0.00994558687066695
Cameroon,Health,0.0014861790756911545,0.011027909857438813
Cameroon,Stage_III_IVT1_2,0.006814042651500904,0.04475902641184348
Cameroon,Stage_IVT3,7.973515827372822e-4,0.010486485205099937
Cameroon,Stage_IVT4,0.0015903141498596965,0.011753104425629985
Cameroon,Stage_I_II,0.0021890759653519797,0.01751860805026726
Canada,Health,0.013759907794757364,0.05633151999217234
Canada,Stage_III_IVT1_2,0.0275091391889396,0.08588660871819119
Canada,Stage_IVT3,0.0069105168892671705,0.03712453048913317
Canada,Stage_IVT4,0.007954843117257153,0.0396943501658392
Canada,Stage_I_II,0.018342391570770313,0.05593524217494091
Central African Republic,Health,3.428628435328893e-5,0.001997977397792977
Central African Republic,Stage_III_IVT1_2,1.2924249418294875e-4,0.00127446124910812
Central African Republic,Stage_IVT3,2.1502983828630785e-5,3.9220890506623524e-4
Central African Republic,Stage_IVT4,3.497640787949573e-5,4.284442326423711e-4
Central African Republic,Stage_I_II,1.2380804011028856e-4,0.002282435726034414
Chad,Health,6.853854548657024e-4,0.009586055797837608
Chad,Stage_III_IVT1_2,0.0023455365352555452,0.015576032121005523
Chad,Stage_IVT3,3.7832245513911493e-4,0.004158070694744988
Chad,Stage_IVT4,4.918408546980706e-4,0.00532599075914987
Chad,Stage_I_II,0.0011711199423105148,0.01431213173129926
Chile,Health,0.004111058091221301,0.015403185466421773
Chile,Stage_III_IVT1_2,0.009798948129111024,0.03148747136092227
Chile,Stage_IVT3,0.0020571984120683717,0.010207446049688523
Chile,Stage_IVT4,0.002464925041540642,0.012403969839269929
Chile,Stage_I_II,0.007233686987867051,0.02334912139725802
China,Health,0.048963815097864904,0.18697542053871619
China,Stage_III_IVT1_2,0.0909211144916024,0.2880519194700579
China,Stage_IVT3,0.019525467678195133,0.09963493378846247
China,Stage_IVT4,0.023307252902593896,0.11584694109465768
China,Stage_I_II,0.08160318411721895,0.27436233911139285
Colombia,Health,0.005744219701562501,0.026957262060625046
Colombia,Stage_III_IVT1_2,0.015909704683141963,0.06596785028482076
Colombia,Stage_IVT3,0.0033382631695009885,0.021660267773311294
Colombia,Stage_IVT4,0.003931779239189911,0.02054967686417682
Colombia,Stage_I_II,0.008832617936487649,0.030078694525989335
Comoros,Health,2.8575357029878372e-5,2.8976430380515744e-4
Comoros,Stage_III_IVT1_2,7.184867485885794e-5,5.809404707945079e-4
Comoros,Stage_IVT3,1.5299289281658897e-5,1.3736832319760075e-4
Comoros,Stage_IVT4,1.465147071231497e-5,1.5354756524124002e-4
Comoros,Stage_I_II,3.9696285016014195e-5,4.0020411838370364e-4
Congo,Health,2.744949905891301e-4,0.001858457030518187
Congo,Stage_III_IVT1_2,5.267728139944764e-4,0.0027061259069986587
Congo,Stage_IVT3,9.81983573697304e-5,0.0011050601834811061
Congo,Stage_IVT4,1.477416496645513e-4,0.001078551999105961
Congo,Stage_I_II,4.966593011656116e-4,0.003096646203048917
Costa Rica,Health,6.514190231731435e-4,0.002705824338521652
Costa Rica,Stage_III_IVT1_2,0.0017758629990440031,0.006828784901457181
Costa Rica,Stage_IVT3,3.534972411366168e-4,0.0019267415506252898
Costa Rica,Stage_IVT4,4.800772052815537e-4,0.003061365802799163
Costa Rica,Stage_I_II,0.0010636939303678818,0.0038569010594413323
Croatia,Health,5.639176621487989e-4,0.002226228338021545
Croatia,Stage_III_IVT1_2,0.001570842105925019,0.0054818290261623125
Croatia,Stage_IVT3,3.227387917798415e-4,0.001817057411653936
Croatia,Stage_IVT4,3.8499315963108567e-4,0.0021048178637483638
Croatia,Stage_I_II,9.023592087044639e-4,0.002963778311195867
Cuba,Health,0,0
Cuba,Stage_III_IVT1_2,0,0
Cuba,Stage_IVT3,0,0
Cuba,Stage_IVT4,0,0
Cuba,Stage_I_II,0,0
Cyprus,Health,3.0426408740138566e-4,0.0011877773697786557
Cyprus,Stage_III_IVT1_2,4.555037577358893e-4,0.0015330294550256606
Cyprus,Stage_IVT3,1.0066540812338288e-4,6.49383944114095e-4
Cyprus,Stage_IVT4,1.2264002584396605e-4,6.306696295647828e-4
Cyprus,Stage_I_II,4.7930074411158566e-4,0.0015000490187449711
Czechia,Health,0.002109414078549281,0.00820420658610735
Czechia,Stage_III_IVT1_2,0.0038721542061690762,0.013637888620197302
Czechia,Stage_IVT3,7.822938830749517e-4,0.003683049136035223
Czechia,Stage_IVT4,9.925662685855603e-4,0.00502572615065257
Czechia,Stage_I_II,0.0030503673402557294,0.009203461316956336
Côte d'Ivoire,Health,0.0018293131982392134,0.01424039657049391
Côte d'Ivoire,Stage_III_IVT1_2,0.0060611484400474565,0.029888931288606698
Côte d'Ivoire,Stage_IVT3,0.0012607351726765033,0.009898631504030381
Côte d'Ivoire,Stage_IVT4,0.0014434486284483838,0.012459023904530478
Côte d'Ivoire,Stage_I_II,0.002907723653412569,0.016925262618372933
Democratic Republic of the Congo,Health,0.0024799803407733285,0.044369608534476655
Democratic Republic of the Congo,Stage_III_IVT1_2,0.00484555943005639,0.0385457590244299
Democratic Republic of the Congo,Stage_IVT3,9.417155444320572e-4,0.010925359088995825
Democratic Republic of the Congo,Stage_IVT4,9.062153437068917e-4,0.013571692380037135
Democratic Republic of the Congo,Stage_I_II,0.0018376424622507134,0.0653591098526482
Denmark,Health,0.0015373366416942846,0.0057387635990971955
Denmark,Stage_III_IVT1_2,0.004816006010992186,0.015751460856678764
Denmark,Stage_IVT3,0.0011232321527354554,0.005982140261502651
Denmark,Stage_IVT4,0.0013681453232940873,0.00669618829445126
Denmark,Stage_I_II,0.002358638787097852,0.007403022060496595
Djibouti,Health,6.835216544913903e-5,5.691874593660259e-4
Djibouti,Stage_III_IVT1_2,1.406842799303399e-4,9.388837448502477e-4
Djibouti,Stage_IVT3,2.7723150237538243e-5,2.562095669926193e-4
Djibouti,Stage_IVT4,3.341417506557622e-5,2.0544305802047374e-4
Djibouti,Stage_I_II,1.1621305469404852e-4,8.378333418729183e-4
Dominica,Health,5.610738290531152e-6,2.6136397200230987e-5
Dominica,Stage_III_IVT1_2,1.8726860776329477e-5,7.733954231483482e-5
Dominica,Stage_IVT3,3.4618063814538214e-6,2.3809698255470925e-5
Dominica,Stage_IVT4,4.536863825423384e-6,2.7791819764743956e-5
Dominica,Stage_I_II,9.502817358343261e-6,3.55264265081662e-5
Dominican Republic,Health,0.001406565767190766,0.0063563633743681375
Dominican Republic,Stage_III_IVT1_2,0.0032399008420381775,0.011886196003210094
Dominican Republic,Stage_IVT3,6.391862083759291e-4,0.0038314447625839403
Dominican Republic,Stage_IVT4,8.192625483823977e-4,0.0047338201149013685
Dominican Republic,Stage_I_II,0.0022636776010532445,0.008266190931434462
Ecuador,Health,0.0016096017071512325,0.0064597760300282095
Ecuador,Stage_III_IVT1_2,0.0033865731747736495,0.013528050333586833
Ecuador,Stage_IVT3,7.658407360257529e-4,0.005307032683479134
Ecuador,Stage_IVT4,8.256303794121007e-4,0.005798902605046669
Ecuador,Stage_I_II,0.0024320233854713443,0.00992500779682055
Egypt,Health,0.012456791069197936,0.06011684611502574
Egypt,Stage_III_IVT1_2,0.020055808421130965,0.08617424116662577
Egypt,Stage_IVT3,0.004280507460710757,0.026709990947934848
Egypt,Stage_IVT4,0.004713544411394024,0.03347382038217885
Egypt,Stage_I_II,0.020721003648508266,0.07853330704933545
El Salvador,Health,3.647767142872896e-4,0.0018353551679473365
El Salvador,Stage_III_IVT1_2,0.0010993378065773148,0.004742950101624047
El Salvador,Stage_IVT3,2.1085395294859321e-4,0.0017894062173389757
El Salvador,Stage_IVT4,2.666701731378515e-4,0.001625187818973898
El Salvador,Stage_I_II,7.562010932326301e-4,0.003237421815194749
Equatorial Guinea,Health,2.4075039702886752e-4,0.0010981462190181564
Equatorial Guinea,Stage_III_IVT1_2,3.7938503767087015e-4,0.0015829075613578475
Equatorial Guinea,Stage_IVT3,5.861625040339295e-5,4.0296008461744343e-4
Equatorial Guinea,Stage_IVT4,9.273809897966052e-5,7.063662966552815e-4
Equatorial Guinea,Stage_I_II,3.901078127421926e-4,0.0014049295376722256
Eritrea,Health,0,0
Eritrea,Stage_III_IVT1_2,0,0
Eritrea,Stage_IVT3,0,0
Eritrea,Stage_IVT4,0,0
Eritrea,Stage_I_II,0,0
Estonia,Health,2.3372515661899767e-4,9.587667369101005e-4
Estonia,Stage_III_IVT1_2,4.956308606917048e-4,0.00182292495095869
Estonia,Stage_IVT3,1.0756123943800489e-4,5.70490423335109e-4
Estonia,Stage_IVT4,1.396457672804222e-4,7.69455702049421e-4
Estonia,Stage_I_II,3.8179853314455686e-4,0.0012631003063194241
Eswatini,Health,1.1335894145303915e-4,6.630719158798614e-4
Eswatini,Stage_III_IVT1_2,8.329493571524214e-5,4.5257027323740277e-4
Eswatini,Stage_IVT3,1.5299882703179407e-5,1.3083629717991675e-4
Eswatini,Stage_IVT4,2.092926116220291e-5,1.216853386742217e-4
Eswatini,Stage_I_II,2.0092864280656453e-4,9.500207528336793e-4
Ethiopia,Health,0.003797376283447201,0.04621797214039459
Ethiopia,Stage_III_IVT1_2,0.016315452808706176,0.11070026526750874
Ethiopia,Stage_IVT3,0.003313720284733694,0.036624675777719565
Ethiopia,Stage_IVT4,0.004101025368677365,0.04264919358716469
Ethiopia,Stage_I_II,0.005913579674171865,0.07420830822831057
Fiji,Health,8.549501469440343e-5,5.024274390109737e-4
Fiji,Stage_III_IVT1_2,3.0736866337038456e-5,1.3865518036233423e-4
Fiji,Stage_IVT3,6.518519958560815e-6,4.811953195139254e-5
Fiji,Stage_IVT4,7.756306307531763e-6,5.155171022108111e-5
Fiji,Stage_I_II,1.4393009585683298e-4,6.369924610280909e-4
Finland,Health,0.0012978914570184524,0.005371797851672764
Finland,Stage_III_IVT1_2,0.0032026654539660587,0.011126936053458266
Finland,Stage_IVT3,6.631997081137949e-4,0.0034062006585417136
Finland,Stage_IVT4,7.839888152916033e-4,0.0038091804758427243
Finland,Stage_I_II,0.001986457738314891,0.006103687381021061
France,Health,0.014104051317855682,0.051891098104170495
France,Stage_III_IVT1_2,0.01755763959963217,0.05331881832724551
France,Stage_IVT3,0.00394279993382636,0.020397956274029877
France,Stage_IVT4,0.004749990619096897,0.023104552059975574
France,Stage_I_II,0.02263412675712311,0.06862924011591716
Gabon,Health,2.7493852303298586e-4,0.0012633677558163735
Gabon,Stage_III_IVT1_2,3.878164984205483e-4,0.0014734265998817236
Gabon,Stage_IVT3,9.1313220235704e-5,6.332807102186938e-4
Gabon,Stage_IVT4,8.892853494292443e-5,4.265149448759965e-4
Gabon,Stage_I_II,4.13460466226946e-4,0.001430604980452623
Gambia,Health,1.1769693653433975e-4,0.001347494882754076
Gambia,Stage_III_IVT1_2,4.362614601405298e-4,0.003495866085308779
Gambia,Stage_IVT3,6.190273696402048e-5,7.820648641795735e-4
Gambia,Stage_IVT4,1.2019112605827939e-4,8.520890114090584e-4
Gambia,Stage_I_II,1.276329970056545e-4,0.0012481811474411768
Georgia,Health,3.5208497641883924e-4,0.0016054160826993557
Georgia,Stage_III_IVT1_2,6.268146716990646e-4,0.0025590035755687205
Georgia,Stage_IVT3,1.1465263379256764e-4,8.204843500205333e-4
Georgia,Stage_IVT4,1.572697457162548e-4,8.07532684984086e-4
Georgia,Stage_I_II,5.780741510305426e-4,0.002117773755573638
Germany,Health,0.029186606796300595,0.10739084673959351
Germany,Stage_III_IVT1_2,0.050568914320930476,0.16918746848240357
Germany,Stage_IVT3,0.009122449284091682,0.04329801497929095
Germany,Stage_IVT4,0.009764938102088326,0.0427177441815168
Germany,Stage_I_II,0.04756746789636967,0.14714866395435489
Ghana,Health,0.002505648971918385,0.018537150246750792
Ghana,Stage_III_IVT1_2,0.008387461328057767,0.043296463228872366
Ghana,Stage_IVT3,0.0017545573068508318,0.014443277534969873
Ghana,Stage_IVT4,0.0022890473120439044,0.01930440389095908
Ghana,Stage_I_II,0.0032661724236077755,0.016387897098558424
Greece,Health,0.0014593645334462291,0.005850820019596894
Greece,Stage_III_IVT1_2,0.002803236937333991,0.009870985896918143
Greece,Stage_IVT3,5.884736578245253e-4,0.003109227356963292
Greece,Stage_IVT4,7.044619213115679e-4,0.003953346433919221
Greece,Stage_I_II,0.0025238127079522245,0.008625768816559581
Grenada,Health,9.40994637621931e-6,4.75233928901401e-5
Grenada,Stage_III_IVT1_2,2.820501229977126e-5,1.113447140246056e-4
Grenada,Stage_IVT3,5.423160817291695e-6,4.00687515415073e-5
Grenada,Stage_IVT4,6.729878103427721e-6,3.9740070320411375e-5
Grenada,Stage_I_II,1.6077900921039897e-5,6.269897892637947e-5
Guatemala,Health,0.0017368279204674434,0.008940929517913972
Guatemala,Stage_III_IVT1_2,0.0032048093483674996,0.014279241338332487
Guatemala,Stage_IVT3,7.926724631563412e-4,0.0056620568175275434
Guatemala,Stage_IVT4,8.337882908348626e-4,0.005346299036035622
Guatemala,Stage_I_II,0.0026225849727104116,0.012107497165361763
Guinea,Health,5.902740921091492e-4,0.006964908093188015
Guinea,Stage_III_IVT1_2,0.002237978409034791,0.015981345110792106
Guinea,Stage_IVT3,4.8815281009451637e-4,0.005192969467808061
Guinea,Stage_IVT4,6.393118853183485e-4,0.0044299455060795735
Guinea,Stage_I_II,9.571518609716213e-4,0.008478734255380432
Guinea-Bissau,Health,7.4350130061607607e-05,8.740465638659111e-4
Guinea-Bissau,Stage_III_IVT1_2,2.0101435868435978e-4,0.0015863951061847027
Guinea-Bissau,Stage_IVT3,4.874214642529511e-5,6.127399186768737e-4
Guinea-Bissau,Stage_IVT4,7.375436816489131e-5,6.126763489436811e-4
Guinea-Bissau,Stage_I_II,1.0159801061833995e-4,0.0011828007691711976
Guyana,Health,9.13577332587243e-5,4.0938624666728954e-4
Guyana,Stage_III_IVT1_2,2.0553569491897747e-4,7.890568981293005e-4
Guyana,Stage_IVT3,4.8292823801077916e-5,2.892763740131906e-4
Guyana,Stage_IVT4,5.735275092143123e-5,3.4347266528779317e-4
Guyana,Stage_I_II,1.5716032794636095e-4,5.458693334891431e-4
Haiti,Health,3.766173205653719e-4,0.00494962202139234
Haiti,Stage_III_IVT1_2,0.0010122059411701602,0.006711297731747342
Haiti,Stage_IVT3,2.3212995115315816e-4,0.0021397997655248505
Haiti,Stage_IVT4,3.130998012299617e-4,0.0029611869424386434
Haiti,Stage_I_II,7.890032803530286e-4,0.006426148545201744
Honduras,Health,5.883721964432139e-4,0.005177815456840661
Honduras,Stage_III_IVT1_2,0.0013651999378268486,0.0080110237221376
Honduras,Stage_IVT3,3.111680372923383e-4,0.002640631885527862
Honduras,Stage_IVT4,4.3706292882629783e-4,0.0037881945972590442
Honduras,Stage_I_II,9.817737011934395e-4,0.00581047551252073
Hungary,Health,0.0016371970517881944,0.006393515419986867
Hungary,Stage_III_IVT1_2,0.0014615836450221774,0.004999095666102931
Hungary,Stage_IVT3,3.085338304339506e-4,0.0016337782685713284
Hungary,Stage_IVT4,3.795322435388655e-4,0.00187942773261875
Hungary,Stage_I_II,0.002769042278488039,0.0091748650493466
Iceland,Health,1.0675299765123133e-4,4.221546993855865e-4
Iceland,Stage_III_IVT1_2,1.370567348440454e-4,4.4373040913930635e-4
Iceland,Stage_IVT3,3.205245100633344e-5,2.0240940303165028e-4
Iceland,Stage_IVT4,3.6331977486302134e-5,1.9489003854663496e-4
Iceland,Stage_I_II,1.7237282074832874e-4,5.439723976438685e-4
India,Health,0.07922409960606543,0.4199538636144202
India,Stage_III_IVT1_2,0.32912993879097785,1.5292225750309854
India,Stage_IVT3,0.0637117292220364,0.43085947990947393
India,Stage_IVT4,0.06333424860663672,0.5059402782404424
India,Stage_I_II,0.1469230215460177,0.6876297317966573
Indonesia,Health,0.023376803951221603,0.11855918164326609
Indonesia,Stage_III_IVT1_2,0.06842557366113208,0.2948833901634835
Indonesia,Stage_IVT3,0.011885295353637247,0.08148931572468661
Indonesia,Stage_IVT4,0.015002709024282315,0.11175614560739763
Indonesia,Stage_I_II,0.03241789593373612,0.14128926868432454
Iran,Health,0.006688280430604435,0.031916531323912915
Iran,Stage_III_IVT1_2,0.01915973197143759,0.08722050322410517
Iran,Stage_IVT3,0.0041822856651570085,0.03164852776824443
Iran,Stage_IVT4,0.004482991267115282,0.032049560102328525
Iran,Stage_I_II,0.011226756586985569,0.0458930882895068
Iraq,Health,0.005370596958343502,0.02545653835854309
Iraq,Stage_III_IVT1_2,0.009743353503716835,0.0422340542864191
Iraq,Stage_IVT3,0.001865392412703872,0.01292994280082254
Iraq,Stage_IVT4,0.002349689428445485,0.012611570900670083
Iraq,Stage_I_II,0.009317255473130153,0.04240670220869168
Israel,Health,0.0029803554387962104,0.012361067279382526
Israel,Stage_III_IVT1_2,0.003029212422422837,0.010480923037748401
Israel,Stage_IVT3,6.298887076353939e-4,0.003351048698846786
Israel,Stage_IVT4,7.272416930874599e-4,0.0036147032098869897
Israel,Stage_I_II,0.0045263792275896985,0.014023303698089873
Italy,Health,0.009950613576862919,0.04196511749596586
Italy,Stage_III_IVT1_2,0.012893236448746723,0.04331040319053608
Italy,Stage_IVT3,0.003906222121237789,0.020376793526405666
Italy,Stage_IVT4,0.004334896912936991,0.022698482187272058
Italy,Stage_I_II,0.014462103783309962,0.04790361524344445
Jamaica,Health,1.4644193977769544e-4,9.038145865333981e-4
Jamaica,Stage_III_IVT1_2,4.5211237916833454e-4,0.0021422815395490025
Jamaica,Stage_IVT3,1.1447898066893424e-4,0.0010030922497666528
Jamaica,Stage_IVT4,1.378260396991732e-4,9.050806823377933e-4
Jamaica,Stage_I_II,2.4923797858519907e-4,0.001171892064724836
Japan,Health,0.017542061307014526,0.0672852146371382
Japan,Stage_III_IVT1_2,0.02489484635999558,0.07753185441325794
Japan,Stage_IVT3,0.004691789918427641,0.023229215130017727
Japan,Stage_IVT4,0.005185876591987124,0.02283342716146965
Japan,Stage_I_II,0.02681084337444531,0.08167745097367171
Jordan,Health,0.001091098424639661,0.007073856398546713
Jordan,Stage_III_IVT1_2,0.0019325983931617842,0.009493578783671748
Jordan,Stage_IVT3,3.871318455435437e-4,0.0027399329075037675
Jordan,Stage_IVT4,5.51150248992047e-4,0.003817283678634105
Jordan,Stage_I_II,0.0014209521655023354,0.006915889525494718
Kazakhstan,Health,0.003951156027592889,0.014885821343163727
Kazakhstan,Stage_III_IVT1_2,0.004769566122267353,0.016144082657602997
Kazakhstan,Stage_IVT3,0.0010940651239482186,0.006276526698032362
Kazakhstan,Stage_IVT4,0.0012140273809858456,0.006256140273876365
Kazakhstan,Stage_I_II,0.006028788933346087,0.0207694535837841
Kenya,Health,0.0028404962070426275,0.020447128095247454
Kenya,Stage_III_IVT1_2,0.008180824606706508,0.051823587148493534
Kenya,Stage_IVT3,0.001450999896399935,0.015695256474067214
Kenya,Stage_IVT4,0.0018266140361435836,0.01618699832405602
Kenya,Stage_I_II,0.00493180451925483,0.02996612081616688
Kiribati,Health,3.854305427748484e-6,5.35300564820672e-5
Kiribati,Stage_III_IVT1_2,2.119309944515579e-6,1.4709815538940026e-5
Kiribati,Stage_IVT3,3.261136376280005e-7,5.378882346437438e-6
Kiribati,Stage_IVT4,4.361030024862109e-7,6.288487731307487e-6
Kiribati,Stage_I_II,8.511091075115193e-6,8.674689684613485e-5
Kuwait,Health,0.001133739704706395,0.004584954461961455
Kuwait,Stage_III_IVT1_2,0.0028173781959961223,0.009279441077847356
Kuwait,Stage_IVT3,6.259754995944389e-4,0.0032998286695208323
Kuwait,Stage_IVT4,7.216144594337917e-4,0.003335096631946436
Kuwait,Stage_I_II,0.0017796772585577424,0.005829999736622197
Kyrgyzstan,Health,3.585018765461118e-4,0.002549301741564771
Kyrgyzstan,Stage_III_IVT1_2,5.413597954126444e-4,0.0029741934090156672
Kyrgyzstan,Stage_IVT3,1.3217541328588945e-4,0.0011199448930157203
Kyrgyzstan,Stage_IVT4,1.2115988657232269e-4,9.198903898402201e-4
Kyrgyzstan,Stage_I_II,5.478387656715497e-4,0.0040550996032855694
Lao People's Democratic Republic,Health,5.888806895889691e-4,0.0037201903694460336
Lao People's Democratic Republic,Stage_III_IVT1_2,4.5430725281941415e-4,0.002512846671477462
Lao People's Democratic Republic,Stage_IVT3,1.1522089386403083e-4,9.672072290346815e-4
Lao People's Democratic Republic,Stage_IVT4,1.481721121864207e-4,9.22400991209225e-4
Lao People's Democratic Republic,Stage_I_II,9.123470394912904e-4,0.004520046066512756
Latvia,Health,0.00024818035646327694,0.0010064875320496148
Latvia,Stage_III_IVT1_2,5.725339462227236e-4,0.0020780171914126532
Latvia,Stage_IVT3,1.194622745854805e-4,6.201087063401642e-4
Latvia,Stage_IVT4,1.5052208473674612e-4,0.00084678900593172725
Latvia,Stage_I_II,3.950216430961656e-4,0.0013363370222232965
Lebanon,Health,7.504950882077047e-4,0.0037369546719853604
Lebanon,Stage_III_IVT1_2,0.0019459438000131233,0.008420541806813526
Lebanon,Stage_IVT3,4.332715620704659e-4,0.003772497797237447
Lebanon,Stage_IVT4,5.100848709209486e-4,0.0029374766303170603
Lebanon,Stage_I_II,0.001166247292497238,0.004733237040083116
Lesotho,Health,5.3495243384904206e-5,7.060772574276033e-4
Lesotho,Stage_III_IVT1_2,6.05136660221487e-5,4.2312615809512864e-4
Lesotho,Stage_IVT3,1.2543364834332245e-5,1.444805808546303e-4
Lesotho,Stage_IVT4,1.604877043657171e-5,1.4442163077605928e-4
Lesotho,Stage_I_II,1.0407062794783457e-4,0.001084255102343786
Liberia,Health,9.768880572646739e-5,0.0018982811282684355
Liberia,Stage_III_IVT1_2,8.900329825446291e-4,0.005866668909906679
Liberia,Stage_IVT3,8.58144746475451e-5,0.0023347804474119437
Liberia,Stage_IVT4,2.0245673299130765e-4,0.0019382698623404476
Liberia,Stage_I_II,1.8350900244430482e-4,0.0035456390547693017
Libya,Health,6.527390951956884e-4,0.0034717283296483285
Libya,Stage_III_IVT1_2,0.0015136943732998007,0.006495021671510896
Libya,Stage_IVT3,3.2004360530045586e-4,0.0021746551009388542
Libya,Stage_IVT4,4.337926075747849e-4,0.0023413815076469514
Libya,Stage_I_II,9.771196375787969e-4,0.004135000955842129
Lithuania,Health,4.5879569080781575e-4,0.0017724640947299364
Lithuania,Stage_III_IVT1_2,0.0010980556166914008,0.00361529541875685
Lithuania,Stage_IVT3,2.4518216306991183e-4,0.0014960569726474163
Lithuania,Stage_IVT4,2.8611299757159145e-4,0.0014172526371174293
Lithuania,Stage_I_II,7.746700162658157e-4,0.0025591218456414073
Luxembourg,Health,3.6392042135820695e-4,0.0014029590143232685
Luxembourg,Stage_III_IVT1_2,5.189239325564884e-4,0.0016593843718755634
Luxembourg,Stage_IVT3,1.1115431751028194e-4,5.582510707765236e-4
Luxembourg,Stage_IVT4,1.3204918763893376e-4,6.202764984794927e-4
Luxembourg,Stage_I_II,5.753502480875585e-4,0.0017706682002568736
Madagascar,Health,0.0010236722974618713,0.02076801437830164
Madagascar,Stage_III_IVT1_2,8.776005506126101e-4,0.006099828109737318
Madagascar,Stage_IVT3,1.1307687739020468e-4,0.0016686654610669396
Madagascar,Stage_IVT4,1.9076649398928246e-4,0.0019423478889913904
Madagascar,Stage_I_II,0.001961368534490044,0.02590623918293841
Malawi,Health,4.6507090197862703e-4,0.009307482275000785
Malawi,Stage_III_IVT1_2,9.342750115781009e-4,0.007996051054064118
Malawi,Stage_IVT3,1.928103381578762e-4,0.00323700515843956
Malawi,Stage_IVT4,1.9150207687300508e-4,0.00310867022547031
Malawi,Stage_I_II,5.553957782807665e-4,0.010305868603804986
Malaysia,Health,0.00673094196167565,0.02743845022790072
Malaysia,Stage_III_IVT1_2,0.007507322438836136,0.026665002846633697
Malaysia,Stage_IVT3,0.001584263567715832,0.010625952247422831
Malaysia,Stage_IVT4,0.0017963530265810985,0.009062031478138586
Malaysia,Stage_I_II,0.010690562542879456,0.03778611020387904
Maldives,Health,7.539055040118826e-5,3.8279824178784756e-4
Maldives,Stage_III_IVT1_2,9.860356885965292e-5,3.6548908883203703e-4
Maldives,Stage_IVT3,2.078807713488434e-5,1.2549441448422112e-4
Maldives,Stage_IVT4,2.9351770576024356e-5,2.111133483783619e-4
Maldives,Stage_I_II,1.0935449958129252e-4,4.357212720885483e-4
Mali,Health,9.348329030586551e-4,0.01180669276560022
Mali,Stage_III_IVT1_2,0.003596425655756497,0.02949317139439099
Mali,Stage_IVT3,6.036436497019671e-4,0.00904425476309881
Mali,Stage_IVT4,0.0010631488588993688,0.008017586770814392
Mali,Stage_I_II,0.0015503074465828633,0.016748872591112046
Malta,Health,1.0918474912085892e-4,4.2059956526969657e-4
Malta,Stage_III_IVT1_2,1.590609771581174e-4,5.351796995921075e-4
Malta,Stage_IVT3,3.5335732660548624e-5,1.8476189844444571e-4
Malta,Stage_IVT4,4.15461900903389e-5,2.0224436526760755e-4
Malta,Stage_I_II,1.7803371189800736e-4,5.77556883748768e-4
Marshall Islands,Health,3.7900535998040882e-6,3.129912487108028e-5
Marshall Islands,Stage_III_IVT1_2,1.2412093259762022e-6,7.1858152216908e-6
Marshall Islands,Stage_IVT3,2.604961517561329e-7,2.724635791389764e-6
Marshall Islands,Stage_IVT4,3.3112183051814857e-7,2.6257567441523644e-6
Marshall Islands,Stage_I_II,6.308218912130336e-6,3.335938250566458e-5
Mauritania,Health,3.072549467162993e-4,0.002153777742293802
Mauritania,Stage_III_IVT1_2,8.342079526760017e-4,0.004719821059178841
Mauritania,Stage_IVT3,1.530709708009733e-4,0.0012359336686313931
Mauritania,Stage_IVT4,1.8014456708567324e-4,0.0014098645939401905
Mauritania,Stage_I_II,5.056323266116929e-4,0.0030266466606373226
Mauritius,Health,1.6358182844762844e-4,7.745367015422538e-4
Mauritius,Stage_III_IVT1_2,2.311834461007513e-4,8.650578725825984e-4
Mauritius,Stage_IVT3,5.02393840694352e-5,3.0023924885172275e-4
Mauritius,Stage_IVT4,5.933217402276432e-5,3.061454867220056e-4
Mauritius,Stage_I_II,2.499022420088586e-4,8.712166332750411e-4
Mexico,Health,0.017471109346989217,0.08223529466957145
Mexico,Stage_III_IVT1_2,0.04387863606574218,0.16864608659440966
Mexico,Stage_IVT3,0.00817691515430128,0.04507928278085065
Mexico,Stage_IVT4,0.011653848141966168,0.07408816577731593
Mexico,Stage_I_II,0.02678051323691421,0.09586839073051438
Micronesia (Federated States of),Health,5.604727800491823e-6,6.361893781339985e-5
Micronesia (Federated States of),Stage_III_IVT1_2,1.6886236448283358e-6,1.2575395147532808e-5
Micronesia (Federated States of),Stage_IVT3,4.0807456274345056e-7,3.4032622997749663e-6
Micronesia (Federated States of),Stage_IVT4,3.6197253338511765e-7,4.4846217120139254e-6
Micronesia (Federated States of),Stage_I_II,9.280902048903847e-6,6.240111336820819e-5
Monaco,Health,0,0
Monaco,Stage_III_IVT1_2,0,0
Monaco,Stage_IVT3,0,0
Monaco,Stage_IVT4,0,0
Monaco,Stage_I_II,0,0
Mongolia,Health,4.1899984401314575e-4,0.002180301901452045
Mongolia,Stage_III_IVT1_2,4.6323457956413163e-4,0.001869861322043223
Mongolia,Stage_IVT3,9.903922046188121e-5,6.926984092606591e-4
Mongolia,Stage_IVT4,1.1044950508032403e-4,5.778282646147227e-4
Mongolia,Stage_I_II,6.970080685876033e-4,0.0028068133840632786
Montenegro,Health,7.96475184526274e-5,3.4913865643181307e-4
Montenegro,Stage_III_IVT1_2,1.3704787072555788e-4,5.383447421922772e-4
Montenegro,Stage_IVT3,2.682892440706461e-5,1.5593873522391937e-4
Montenegro,Stage_IVT4,3.4584432181953744e-5,2.1071105768396327e-4
Montenegro,Stage_I_II,1.2295486939501016e-4,4.4644277597351555e-4
Morocco,Health,0.0020070558787584525,0.014806830257150315
Morocco,Stage_III_IVT1_2,0.006629436192817299,0.02964050261175642
Morocco,Stage_IVT3,0.0015334815187479055,0.011519607858570854
Morocco,Stage_IVT4,0.0014770271205224656,0.01235472648595199
Morocco,Stage_I_II,0.0034248700501018567,0.016121559086259767
Mozambique,Health,6.35014669417518e-4,0.015273313556969965
Mozambique,Stage_III_IVT1_2,0.001128232222408873,0.013637372022592461
Mozambique,Stage_IVT3,2.228146381821789e-4,0.003882426750136815
Mozambique,Stage_IVT4,4.705540929409346e-4,0.004561365207403841
Mozambique,Stage_I_II,0.0011314023903316469,0.02049027041289084
Myanmar,Health,0.0026315935254587293,0.022349997866504902
Myanmar,Stage_III_IVT1_2,0.003617815943026542,0.019480261865170972
Myanmar,Stage_IVT3,6.587946458530508e-4,0.006933637090098347
Myanmar,Stage_IVT4,9.310772460299244e-4,0.0064116519927517965
Myanmar,Stage_I_II,0.0055036306636064075,0.031300420621684415
Namibia,Health,1.8256656574489622e-4,0.0011948862453031862
Namibia,Stage_III_IVT1_2,2.1462138790161368e-4,9.90314353855182e-4
Namibia,Stage_IVT3,4.2067684593713894e-5,3.4946146646613267e-4
Namibia,Stage_IVT4,4.980069935771425e-5,4.00896155876964e-4
Namibia,Stage_I_II,3.739540793496026e-4,0.0017147709994750017
Nauru,Health,1.3797568672296019e-6,7.200814790441627e-6
Nauru,Stage_III_IVT1_2,3.478422548004601e-7,1.5764267110259678e-6
Nauru,Stage_IVT3,7.246120332801373e-8,5.267823491014804e-7
Nauru,Stage_IVT4,1.0150320229874852e-7,5.99608765754385e-7
Nauru,Stage_I_II,1.9055553935611124e-6,7.744045917117917e-6
Nepal,Health,0.0010560902922845219,0.012789699036494243
Nepal,Stage_III_IVT1_2,0.004159495280300826,0.023934572005563304
Nepal,Stage_IVT3,6.003911372696377e-4,0.0077523364610493795
Nepal,Stage_IVT4,8.002145119038157e-4,0.009369346873650203
Nepal,Stage_I_II,0.0017987825016849467,0.013400865438377969
Netherlands,Health,0.004734118166290703,0.01888696883173521
Netherlands,Stage_III_IVT1_2,0.006517974691889288,0.020701878030481152
Netherlands,Stage_IVT3,0.0014764011339741547,0.007655234127681509
Netherlands,Stage_IVT4,0.0017902368499377519,0.008645746883292324
Netherlands,Stage_I_II,0.007564199693376147,0.023629359120136178
New Zealand,Health,0.0011113293046172814,0.004701954910712177
New Zealand,Stage_III_IVT1_2,0.0021782811295448555,0.0072126419220308454
New Zealand,Stage_IVT3,4.586702898856929e-4,0.002501029574443731
New Zealand,Stage_IVT4,5.198872660613813e-4,0.002443014523544938
New Zealand,Stage_I_II,0.0017070710582932221,0.005567466007774195
Nicaragua,Health,3.8427257703586506e-4,0.0023778902988671516
Nicaragua,Stage_III_IVT1_2,0.0010704838925889048,0.0058566701714358235
Nicaragua,Stage_IVT3,2.1147900658808559e-4,0.0021298413299296283
Nicaragua,Stage_IVT4,2.75652267938375e-4,0.0019239275940642982
Nicaragua,Stage_I_II,5.752049295908104e-4,0.00315023546659934
Niger,Health,0.0010911828341152233,0.018337893234230428
Niger,Stage_III_IVT1_2,0.0013595669999114965,0.009333542689254027
Niger,Stage_IVT3,1.8592858656409132e-4,0.002752724647344223
Niger,Stage_IVT4,2.63374719947598e-4,0.0029794482022264296
Niger,Stage_I_II,7.138416419075744e-4,0.023241722973479744
Nigeria,Health,0.021961801033933415,0.14019687980961315
Nigeria,Stage_III_IVT1_2,0.013409554587609286,0.07001438472351802
Nigeria,Stage_IVT3,0.0021621832710267395,0.024565189342652925
Nigeria,Stage_IVT4,0.0026843306509424453,0.01952723987448008
Nigeria,Stage_I_II,0.030791759129715716,0.1963746010488514
North Korea,Health,0,0
North Korea,Stage_III_IVT1_2,0,0
North Korea,Stage_IVT3,0,0
North Korea,Stage_IVT4,0,0
North Korea,Stage_I_II,0,0
North Macedonia,Health,2.508183458851186e-4,0.0011021685312938196
North Macedonia,Stage_III_IVT1_2,4.501895809583984e-4,0.0017579110611998835
North Macedonia,Stage_IVT3,9.786404245139568e-5,6.090932213107516e-4
North Macedonia,Stage_IVT4,1.2046782151935546e-4,6.575783289181632e-4
North Macedonia,Stage_I_II,3.6518581052787254e-4,0.001237619032709911
Norway,Health,0.001956464580572135,0.007587314550757365
Norway,Stage_III_IVT1_2,0.004928553904353627,0.01576478791749756
Norway,Stage_IVT3,0.0010919724408867183,0.005363058768339755
Norway,Stage_IVT4,0.0012755187883648669,0.006122519655473091
Norway,Stage_I_II,0.0031901758881509364,0.00943897668588621
Oman,Health,0.0012830948065796876,0.005272711602707567
Oman,Stage_III_IVT1_2,0.002526602049364863,0.008860282530616959
Oman,Stage_IVT3,5.912830268066856e-4,0.0033928369371145272
Oman,Stage_IVT4,7.295784552498284e-4,0.004485282179477812
Oman,Stage_I_II,0.002064465235264317,0.0067039852840260076
Pakistan,Health,0.011335278500444178,0.09489510017651663
Pakistan,Stage_III_IVT1_2,0.039803710861753355,0.2537013170228792
Pakistan,Stage_IVT3,0.00889065262370315,0.0816894322519559
Pakistan,Stage_IVT4,0.014054102117142754,0.09484844563155206
Pakistan,Stage_I_II,0.01768482930776041,0.11800973758159902
Palau,Health,1.8774697739193403e-6,8.927487048906471e-6
Palau,Stage_III_IVT1_2,9.666662826210622e-7,4.0930845057639965e-6
Palau,Stage_IVT3,1.576454287133226e-7,1.0771872838701501e-6
Palau,Stage_IVT4,2.672854926937057e-7,2.420533230327165e-6
Palau,Stage_I_II,2.8485442696184555e-6,1.1198475345747432e-5
Panama,Health,8.11255908115422e-4,0.003461231771634476
Panama,Stage_III_IVT1_2,0.0018037796216344105,0.006490208320472096
Panama,Stage_IVT3,3.633349635265538e-4,0.002226928252382993
Panama,Stage_IVT4,4.3548933438160254e-4,0.0026627500303213515
Panama,Stage_I_II,0.001300952740367674,0.00459726803729945
Papua New Guinea,Health,6.04647222550917e-4,0.005274136059943825
Papua New Guinea,Stage_III_IVT1_2,1.6309354275094706e-4,0.0010224228996820427
Papua New Guinea,Stage_IVT3,2.5279175136091166e-5,2.2311305176122312e-4
Papua New Guinea,Stage_IVT4,3.4367626423030755e-5,2.6119567831576834e-4
Papua New Guinea,Stage_I_II,9.668997093834659e-4,0.009562090765509899
Paraguay,Health,8.094062491631951e-4,0.004300295042459605
Paraguay,Stage_III_IVT1_2,0.0016762528505335974,0.007376214536898019
Paraguay,Stage_IVT3,3.2129023814808904e-4,0.0020968147728030774
Paraguay,Stage_IVT4,3.964692699712442e-4,0.0022193261689075643
Paraguay,Stage_I_II,0.0013401987681751757,0.005557476036469342
Peru,Health,0.0038812172101558655,0.019864018294683945
Peru,Stage_III_IVT1_2,0.00771715323293509,0.0314744315787277
Peru,Stage_IVT3,0.0016060614196646728,0.010399123712184934
Peru,Stage_IVT4,0.001887547169669414,0.011646914399294314
Peru,Stage_I_II,0.00616335462850458,0.027654049579483034
Philippines,Health,0.009899863520627161,0.06626198484721656
Philippines,Stage_III_IVT1_2,0.006059983849603306,0.025901010011709566
Philippines,Stage_IVT3,8.204198531271353e-4,0.00783172745250481
Philippines,Stage_IVT4,0.0013738423798983722,0.009674681326123875
Philippines,Stage_I_II,0.014843200127238354,0.07238468578107171
Poland,Health,0.006127593084814085,0.024814293735769363
Poland,Stage_III_IVT1_2,0.012912812478889932,0.04238809716734501
Poland,Stage_IVT3,0.0029975146569147307,0.017510302916684865
Poland,Stage_IVT4,0.003353104993027505,0.015585848914050982
Poland,Stage_I_II,0.008970379550253323,0.027745422988874405
Portugal,Health,0.0017214287597198986,0.006633805867130453
Portugal,Stage_III_IVT1_2,0.0026652830859878445,0.009385669327771492
Portugal,Stage_IVT3,6.225865387658852e-4,0.003506796756262076
Portugal,Stage_IVT4,7.461951335276399e-4,0.004744322020720283
Portugal,Stage_I_II,0.0027782590502564842,0.008780322189378385
Qatar,Health,0.0014192328088989579,0.005451563973361531
Qatar,Stage_III_IVT1_2,0.0033578967734336452,0.010596721335713327
Qatar,Stage_IVT3,7.496280375779139e-4,0.003853432458152055
Qatar,Stage_IVT4,8.914568326512766e-4,0.004636770456578237
Qatar,Stage_I_II,0.0022464106710504044,0.0067784728230226654
Republic of Ireland,Health,0.002630766750767496,0.010584594899331579
Republic of Ireland,Stage_III_IVT1_2,0.001926845718889911,0.006252392327849085
Republic of Ireland,Stage_IVT3,4.720549561322009e-4,0.002559898592518498
Republic of Ireland,Stage_IVT4,5.058853641651786e-4,0.0025648548486401144
Republic of Ireland,Stage_I_II,0.004198639436492432,0.013770962234461684
Republic of Korea,Health,0.005585886133544609,0.023609140802284573
Republic of Korea,Stage_III_IVT1_2,0.009661479484974709,0.03182344133597518
Republic of Korea,Stage_IVT3,0.0017647382035185072,0.008299938215354144
Republic of Korea,Stage_IVT4,0.00253609203550452,0.011288074267390645
Republic of Korea,Stage_I_II,0.007068677535238718,0.022555678792498396
Republic of Moldova,Health,2.7920995100871757e-4,0.0012807988712833355
Republic of Moldova,Stage_III_IVT1_2,7.211957481571604e-4,0.003378671121793325
Republic of Moldova,Stage_IVT3,1.4469214946753032e-4,9.86346218646334e-4
Republic of Moldova,Stage_IVT4,1.9214291644054643e-4,0.0011536067084575098
Republic of Moldova,Stage_I_II,4.3274975269387583e-4,0.0018309791655479757
Romania,Health,0.0028677612067089004,0.011136282651962752
Romania,Stage_III_IVT1_2,0.005043344966243841,0.016315137468325833
Romania,Stage_IVT3,0.0012448957322387815,0.0071645457316631
Romania,Stage_IVT4,0.0014114104676866753,0.007348148680746374
Romania,Stage_I_II,0.004551656857906311,0.01497483139440972
Russian Federation,Health,0.023123761040949563,0.09084555368427824
Russian Federation,Stage_III_IVT1_2,0.04667040289866082,0.16408234399938101
Russian Federation,Stage_IVT3,0.010946636151181105,0.06543617133989538
Russian Federation,Stage_IVT4,0.012386700502174797,0.06977857716223099
Russian Federation,Stage_I_II,0.03777167810908553,0.1193349341243316
Rwanda,Health,2.6755831009511136e-4,0.0012168133900750692
Rwanda,Stage_III_IVT1_2,2.3176160632288977e-4,9.16399297950899e-4
Rwanda,Stage_IVT3,7.363258917673766e-5,5.028420543959208e-4
Rwanda,Stage_IVT4,6.730996568246299e-5,3.995986782440619e-4
Rwanda,Stage_I_II,0.00042445577124383314,0.0018233044535802166
Saint Kitts and Nevis,Health,5.789148581911232e-6,2.5266334059233758e-5
Saint Kitts and Nevis,Stage_III_IVT1_2,1.7228363216363065e-5,6.302244709555965e-5
Saint Kitts and Nevis,Stage_IVT3,3.2333167183999362e-6,1.7838272911569094e-5
Saint Kitts and Nevis,Stage_IVT4,4.526873411193052e-6,2.3342432065060316e-5
Saint Kitts and Nevis,Stage_I_II,9.341766369399889e-6,3.2365650170461997e-05
Saint Lucia,Health,1.7384852456648468e-5,7.091839599554167e-5
Saint Lucia,Stage_III_IVT1_2,5.624555927161334e-5,2.0719863626197224e-4
Saint Lucia,Stage_IVT3,1.0670039864051292e-5,5.6997910505645804e-5
Saint Lucia,Stage_IVT4,1.3406808587691037e-5,8.051239414716218e-5
Saint Lucia,Stage_I_II,3.0143068383241072e-5,1.1967281957667916e-4
Saint Vincent and the Grenadines,Health,9.588429445732178e-6,4.752137390650436e-5
Saint Vincent and the Grenadines,Stage_III_IVT1_2,2.7189482610854986e-5,1.0836197682006421e-4
Saint Vincent and the Grenadines,Stage_IVT3,4.986191147349915e-6,2.9316217148774136e-5
Saint Vincent and the Grenadines,Stage_IVT4,6.743499599277247e-6,3.9172485989910076e-5
Saint Vincent and the Grenadines,Stage_I_II,1.4542410074206966e-5,5.7773950908115e-5
Samoa,Health,1.771843901568699e-5,1.3853604829545954e-4
Samoa,Stage_III_IVT1_2,5.432710412621646e-6,2.9732508984877028e-5
Samoa,Stage_IVT3,9.298948268135179e-7,9.835376689099953e-6
Samoa,Stage_IVT4,1.070917875249574e-6,8.69393822128629e-6
Samoa,Stage_I_II,2.9656569358180816e-5,1.6072704011718352e-4
San Marino,Health,8.908648349227408e-6,3.4204895630726314e-5
San Marino,Stage_III_IVT1_2,1.6242784819595208e-5,5.319841175072439e-5
San Marino,Stage_IVT3,3.5982114811800933e-6,2.0092400773175046e-5
San Marino,Stage_IVT4,4.134578542781476e-6,2.2382656426081538e-5
San Marino,Stage_I_II,1.3976160884889974e-5,4.424755004910855e-5
Sao Tome and Principe,Health,1.0732819418923026e-5,8.546626716708195e-5
Sao Tome and Principe,Stage_III_IVT1_2,4.209599958133056e-5,2.2341127956875394e-4
Sao Tome and Principe,Stage_IVT3,8.372961763231535e-6,8.05813290862694e-5
Sao Tome and Principe,Stage_IVT4,1.1210246574089173e-5,8.372084440751032e-5
Sao Tome and Principe,Stage_I_II,1.489253344532546e-5,9.980580946097568e-5
Saudi Arabia,Health,0.012639339859119254,0.05103629839487328
Saudi Arabia,Stage_III_IVT1_2,0.016208757138439608,0.05605506375227524
Saudi Arabia,Stage_IVT3,0.003802679953622931,0.022867153775407295
Saudi Arabia,Stage_IVT4,0.004446890899566951,0.023797447332479228
Saudi Arabia,Stage_I_II,0.02003524231021627,0.06330737606511619
Senegal,Health,7.304904845957906e-4,0.005597966024473762
Senegal,Stage_III_IVT1_2,0.002614614958341091,0.016105781666439518
Senegal,Stage_IVT3,3.285754099158804e-4,0.0036852421723819417
Senegal,Stage_IVT4,6.719298028029728e-4,0.0056262638941569545
Senegal,Stage_I_II,0.0013822140998452014,0.010689809643245481
Serbia,Health,9.16492106671861e-4,0.0037687927254522317
Serbia,Stage_III_IVT1_2,0.0019138812931214317,0.007346904467861722
Serbia,Stage_IVT3,3.7580932337018524e-4,0.002269022049171995
Serbia,Stage_IVT4,4.659046571352243e-4,0.0029542188626634526
Serbia,Stage_I_II,0.001424752093254672,0.004828528105795105
Seychelles,Health,1.883159290037611e-5,7.900229224535814e-5
Seychelles,Stage_III_IVT1_2,2.3105522562105783e-5,8.615078867566081e-5
Seychelles,Stage_IVT3,5.134010320902494e-6,3.528128023388434e-5
Seychelles,Stage_IVT4,5.9716666917637056e-6,3.05072939893775e-5
Seychelles,Stage_I_II,2.9795241528283124e-5,1.0867878504081844e-4
Sierra Leone,Health,1.53807916821773e-4,0.003451278306209673
Sierra Leone,Stage_III_IVT1_2,0.0016315946209037387,0.01118130372204714
Sierra Leone,Stage_IVT3,2.945300167854234e-4,0.002809369981819717
Sierra Leone,Stage_IVT4,4.624722429983439e-4,0.004448864200950374
Sierra Leone,Stage_I_II,4.6554275656386456e-4,0.004181340829744448
Singapore,Health,0.003698358399998921,0.014063086969118904
Singapore,Stage_III_IVT1_2,0.005647531114345709,0.018136647946800023
Singapore,Stage_IVT3,0.001311102148313216,0.007104163070612088
Singapore,Stage_IVT4,0.0015005806726734836,0.007348541833847452
Singapore,Stage_I_II,0.005851626581361144,0.018199199928014907
Slovakia,Health,8.389140913764149e-4,0.003483386323720794
Slovakia,Stage_III_IVT1_2,0.0015123165644928256,0.004931819201578071
Slovakia,Stage_IVT3,3.82346057483994e-4,0.002418096078289721
Slovakia,Stage_IVT4,4.309193143535338e-4,0.002344477430258947
Slovakia,Stage_I_II,0.0013806958124286013,0.0043882618429497465
Slovenia,Health,3.6023986208137736e-4,0.0014968472797954253
Slovenia,Stage_III_IVT1_2,9.017255103667924e-4,0.0031909551639845465
Slovenia,Stage_IVT3,1.8346938483162922e-4,9.742894303391767e-4
Slovenia,Stage_IVT4,2.273022557156717e-4,0.0010520447696790644
Slovenia,Stage_I_II,5.699216323850558e-4,0.0018543381898159527
Solomon Islands,Health,2.3239951491329153e-5,2.7989346954244645e-4
Solomon Islands,Stage_III_IVT1_2,8.299036978785464e-6,5.911725532436027e-5
Solomon Islands,Stage_IVT3,1.49194592463004e-6,1.450912867224084e-5
Solomon Islands,Stage_IVT4,2.442216270951452e-6,2.6409264784791302e-5
Solomon Islands,Stage_I_II,4.279206480509969e-5,5.225149758981205e-4
Somalia,Health,3.0858162058611347e-4,0.00964434360606761
Somalia,Stage_III_IVT1_2,5.488351802605442e-4,0.004313269354227374
Somalia,Stage_IVT3,8.004227377886345e-5,0.001139430824081951
Somalia,Stage_IVT4,1.4440154690109508e-4,0.0014925739267715387
Somalia,Stage_I_II,3.500647586928095e-4,0.013646814289853053
South Africa,Health,0.006335645656715621,0.03368613716823261
South Africa,Stage_III_IVT1_2,0.005608436937122216,0.02253474657769022
South Africa,Stage_IVT3,0.0011751907440449474,0.008296955158675387
South Africa,Stage_IVT4,0.0013609899705933589,0.008663001473253594
South Africa,Stage_I_II,0.009773968855516325,0.037154263953273294
South Sudan,Health,0,0
South Sudan,Stage_III_IVT1_2,0,0
South Sudan,Stage_IVT3,0,0
South Sudan,Stage_IVT4,0,0
South Sudan,Stage_I_II,0,0
Spain,Health,0.005266613495422628,0.019109831252239747
Spain,Stage_III_IVT1_2,0.002830777916848167,0.008578899547372199
Spain,Stage_IVT3,5.958835868846475e-4,0.002873043403977512
Spain,Stage_IVT4,7.464218018802994e-4,0.0035898592742434716
Spain,Stage_I_II,0.009938355803578125,0.03259988080137315
Sri Lanka,Health,0.00217363588973401,0.012381101860200205
Sri Lanka,Stage_III_IVT1_2,0.0032231748723655727,0.013418118227425425
Sri Lanka,Stage_IVT3,5.353253763845797e-4,0.0035920553414008627
Sri Lanka,Stage_IVT4,7.759276016409466e-4,0.004603059813876832
Sri Lanka,Stage_I_II,0.0033865270372066226,0.01394922788391496
Sudan,Health,0.001976150144248046,0.01899765580484255
Sudan,Stage_III_IVT1_2,0.0034696202664233388,0.024688454560505113
Sudan,Stage_IVT3,3.593665064479866e-4,0.005641107180908582
Sudan,Stage_IVT4,7.63907460342377e-4,0.007017180808272501
Sudan,Stage_I_II,0.0018885401679490216,0.02728331278762058
Suriname,Health,7.25277159126665e-5,3.3924883973150574e-4
Suriname,Stage_III_IVT1_2,1.600138148188515e-4,6.911610452299517e-4
Suriname,Stage_IVT3,3.173529286145969e-5,2.1095356332870332e-4
Suriname,Stage_IVT4,4.1190262947058486e-5,2.0400416657523986e-4
Suriname,Stage_I_II,1.0631892929662001e-4,3.7025342910247666e-4
Sweden,Health,0.006032980096860968,0.021947949893553403
Sweden,Stage_III_IVT1_2,0.010102929292263575,0.03349644306353897
Sweden,Stage_IVT3,0.002568909974749885,0.014309727944030131
Sweden,Stage_IVT4,0.002700759259453283,0.013405913135960883
Sweden,Stage_I_II,0.009891053743388358,0.0305681849213777
Switzerland,Health,0.0027291651638816426,0.00972468186501143
Switzerland,Stage_III_IVT1_2,0.006727234018675922,0.020761919467428787
Switzerland,Stage_IVT3,0.0012144371810634456,0.006107442583665254
Switzerland,Stage_IVT4,0.0014289418903533427,0.0066838795783271095
Switzerland,Stage_I_II,0.004722151492603717,0.014819699490042488
Syrian Arab Republic,Health,6.686469411096393e-4,0.006431762973005881
Syrian Arab Republic,Stage_III_IVT1_2,0.001739697602723163,0.010534400801299864
Syrian Arab Republic,Stage_IVT3,1.9962967492259166e-4,0.002230327847578664
Syrian Arab Republic,Stage_IVT4,3.928834530192661e-4,0.00377555499379972
Syrian Arab Republic,Stage_I_II,0.0010671918238446627,0.007382698232818861
Taiwan,Health,0.0019281647524965083,0.006953564762473952
Taiwan,Stage_III_IVT1_2,0.013608605747021487,0.048626769579001486
Taiwan,Stage_IVT3,0.0021523989104370363,0.009920274311501193
Taiwan,Stage_IVT4,0.0031670275559580563,0.015939196100467342
Taiwan,Stage_I_II,0.0032812682836150637,0.009977205763465754
Tajikistan,Health,4.3412378710774174e-4,0.004291075094579319
Tajikistan,Stage_III_IVT1_2,8.245947236915924e-4,0.004915404671001871
Tajikistan,Stage_IVT3,9.81115069082703e-5,0.0012501591650525602
Tajikistan,Stage_IVT4,2.020306960022573e-4,0.0017385328309009688
Tajikistan,Stage_I_II,6.530663538731922e-4,0.006461642700008877
Thailand,Health,0.008000563785236094,0.04015310506218555
Thailand,Stage_III_IVT1_2,0.019750567495118748,0.07774386791121668
Thailand,Stage_IVT3,0.003874076378685261,0.02154791988489517
Thailand,Stage_IVT4,0.00538614241189758,0.02945445465535447
Thailand,Stage_I_II,0.011332939250323727,0.03817274645994487
Timor-Leste,Health,1.2187965867163299e-4,6.741144593010904e-4
Timor-Leste,Stage_III_IVT1_2,8.028776995358612e-5,4.681466205579693e-4
Timor-Leste,Stage_IVT3,1.7988949928429616e-5,1.3634446581360296e-4
Timor-Leste,Stage_IVT4,1.8852359419630717e-5,1.340370945498212e-4
Timor-Leste,Stage_I_II,2.0567809335588318e-4,0.001185122041427387
Togo,Health,3.4954747007952784e-4,0.003337593067707412
Togo,Stage_III_IVT1_2,9.592107065818504e-4,0.008281520838390649
Togo,Stage_IVT3,1.4292621580156646e-4,0.001754539060464027
Togo,Stage_IVT4,2.9209102318494406e-4,0.0030000483987735822
Togo,Stage_I_II,2.8219590772556475e-4,0.003862354500734666
Tonga,Health,8.615766517608551e-6,5.910792954321241e-5
Tonga,Stage_III_IVT1_2,2.563266135978367e-6,1.386789866653255e-5
Tonga,Stage_IVT3,4.384268281665883e-7,4.528092900652466e-6
Tonga,Stage_IVT4,7.111230469730897e-7,5.305798193865667e-6
Tonga,Stage_I_II,1.3405753582854624e-5,7.579049698282324e-5
Trinidad and Tobago,Health,1.9171482609281267e-4,8.429028177079824e-4
Trinidad and Tobago,Stage_III_IVT1_2,6.001818143214771e-4,0.0022693628965737168
Trinidad and Tobago,Stage_IVT3,1.3886983631492813e-4,7.575231764294636e-4
Trinidad and Tobago,Stage_IVT4,1.55923871870363e-4,7.820479657903483e-4
Trinidad and Tobago,Stage_I_II,2.9931611422385893e-4,0.001003279831561023
Tunisia,Health,0.0010774303033126752,0.006436134326861244
Tunisia,Stage_III_IVT1_2,0.002275358147407834,0.010222808581928824
Tunisia,Stage_IVT3,4.5275717611307885e-4,0.002838498885882999
Tunisia,Stage_IVT4,5.649868739079623e-4,0.003357977689650057
Tunisia,Stage_I_II,0.0016356777515445164,0.007224234840435947
Turkey,Health,0.014968912946439353,0.07116580993086788
Turkey,Stage_III_IVT1_2,0.036345049885221685,0.12998714472412481
Turkey,Stage_IVT3,0.006764728915368612,0.03550750431006148
Turkey,Stage_IVT4,0.009126597690653325,0.06049475488348943
Turkey,Stage_I_II,0.02302722090423668,0.0749078373454943
Turkmenistan,Health,6.508789621853559e-4,0.0028721498640568474
Turkmenistan,Stage_III_IVT1_2,9.009951376722924e-4,0.0035243983705596045
Turkmenistan,Stage_IVT3,1.9718519218096716e-4,0.0012959719115305367
Turkmenistan,Stage_IVT4,2.4251230171740162e-4,0.0015177401852588994
Turkmenistan,Stage_I_II,0.0010380612085128331,0.003897279480233701
Tuvalu,Health,4.150475390815801e-7,3.1430266796325097e-6
Tuvalu,Stage_III_IVT1_2,1.6262117717546448e-7,8.506585071822229e-7
Tuvalu,Stage_IVT3,2.6178431562568522e-8,2.4538949800150754e-7
Tuvalu,Stage_IVT4,3.2964839616467094e-8,2.5229247442645686e-7
Tuvalu,Stage_I_II,6.033385854613268e-7,5.098927695572138e-6
Uganda,Health,0.001397519153029361,0.02337883199516753
Uganda,Stage_III_IVT1_2,0.003033497057702194,0.023386998281887988
Uganda,Stage_IVT3,6.655402407621599e-4,0.008078318956518648
Uganda,Stage_IVT4,8.608299506891264e-4,0.007345196441601575
Uganda,Stage_I_II,0.0029108416497602876,0.03139075901135802
Ukraine,Health,0.003420590015483299,0.01717076479947027
Ukraine,Stage_III_IVT1_2,0.008891372994556947,0.03793706474252611
Ukraine,Stage_IVT3,0.001970231371587089,0.012606578282871922
Ukraine,Stage_IVT4,0.0018378007778413962,0.010749460621803063
Ukraine,Stage_I_II,0.005227114756066022,0.019037392036442214
United Arab Emirates,Health,0.002416420052059333,0.009275875913850307
United Arab Emirates,Stage_III_IVT1_2,0.006436340813305254,0.021715364450538833
United Arab Emirates,Stage_IVT3,0.0012379752589498096,0.005710731337440231
United Arab Emirates,Stage_IVT4,0.0016232689364055516,0.007525440767557113
United Arab Emirates,Stage_I_II,0.0040425598585225545,0.013281674453371183
United Kingdom of Great Britain and Northern Ireland,Health,0.005204735516921055,0.028173145795241095
United Kingdom of Great Britain and Northern Ireland,Stage_III_IVT1_2,0.007986450901982921,0.030774519796006233
United Kingdom of Great Britain and Northern Ireland,Stage_IVT3,0.0016220613161838657,0.012046654563479807
United Kingdom of Great Britain and Northern Ireland,Stage_IVT4,0.0028964720993254487,0.015460775233490041
United Kingdom of Great Britain and Northern Ireland,Stage_I_II,0.013840206349866583,0.06002494105720882
United Republic of Tanzania,Health,0.0067587956019183925,0.031828335868860226
United Republic of Tanzania,Stage_III_IVT1_2,0.0036900124791213133,0.015898564660052586
United Republic of Tanzania,Stage_IVT3,6.663184700108223e-4,0.0038913993447475914
United Republic of Tanzania,Stage_IVT4,8.662428956354867e-4,0.004198544292222524
United Republic of Tanzania,Stage_I_II,0.010595326794559943,0.04024971520918563
United States of America,Health,0.14308415689980014,0.522874458243644
United States of America,Stage_III_IVT1_2,0.24026746188106873,0.7380341548110678
United States of America,Stage_IVT3,0.061456766213406136,0.32666700424439726
United States of America,Stage_IVT4,0.07055040197129986,0.3517508656956822
United States of America,Stage_I_II,0.23673251476876123,0.7149636535634585
Uruguay,Health,5.066053522375244e-4,0.002335171379930952
Uruguay,Stage_III_IVT1_2,0.001387965785491564,0.004986684059724531
Uruguay,Stage_IVT3,3.4517507916060166e-4,0.0020421708762179474
Uruguay,Stage_IVT4,3.78302623331926e-4,0.00215391304568634
Uruguay,Stage_I_II,7.691881703565443e-4,0.0027375750067743904
Uzbekistan,Health,0.0027841505502330744,0.01520487698463188
Uzbekistan,Stage_III_IVT1_2,0.004187340496327068,0.0190970460523612
Uzbekistan,Stage_IVT3,8.449591951715226e-4,0.006926032317081034
Uzbekistan,Stage_IVT4,0.0010082848965350865,0.007431658580610985
Uzbekistan,Stage_I_II,0.004138077666609589,0.020227415953467272
Vanuatu,Health,1.0595510624602056e-5,1.5097952528434727e-4
Vanuatu,Stage_III_IVT1_2,5.506506744064339e-6,3.296839998194051e-5
Vanuatu,Stage_IVT3,6.350199972030658e-7,1.053097200564607e-5
Vanuatu,Stage_IVT4,1.0249041271015694e-6,9.9237454584441e-6
Vanuatu,Stage_I_II,2.866717809167824e-5,2.9144579598307225e-4
Venezuela,Health,0,0
Venezuela,Stage_III_IVT1_2,0,0
Venezuela,Stage_IVT3,0,0
Venezuela,Stage_IVT4,0,0
Venezuela,Stage_I_II,0,0
Viet Nam,Health,0.009405855531810982,0.044429382594009206
Viet Nam,Stage_III_IVT1_2,0.011241969168949496,0.050328886947399315
Viet Nam,Stage_IVT3,0.002584552616407702,0.014712050483970939
Viet Nam,Stage_IVT4,0.0029821552526746566,0.01852175315243191
Viet Nam,Stage_I_II,0.015490111879775045,0.06298612677796528
Yemen,Health,0,0
Yemen,Stage_III_IVT1_2,0,0
Yemen,Stage_IVT3,0,0
Yemen,Stage_IVT4,0,0
Yemen,Stage_I_II,0,0
Zambia,Health,0.0010466233535247969,0.011715384501917284
Zambia,Stage_III_IVT1_2,0.0018176155227809963,0.010192988153673659
Zambia,Stage_IVT3,4.0762734292223047e-4,0.003369037663451412
Zambia,Stage_IVT4,5.849750452778655e-4,0.004940062253766929
Zambia,Stage_I_II,0.001617672109467244,0.01620652916476575
Zimbabwe,Health,6.969824303331677e-4,0.007800801584182048
Zimbabwe,Stage_III_IVT1_2,5.506325026986936e-4,0.0034754211265432015
Zimbabwe,Stage_IVT3,1.1431203972254569e-4,9.604818168647189e-4
Zimbabwe,Stage_IVT4,1.5968249561411715e-4,0.0012400189690132868
Zimbabwe,Stage_I_II,0.0013134336616381624,0.011522309309292317
