Country,Mean_total_billions_high,SD_total_billions_high,Mean_perio_billions_high,SD_perio_billions_high,Mean_replace_billions_high,SD_replace_billions_high,Mean_total_billions_mid,SD_total_billions_mid,Mean_perio_billions_mid,SD_perio_billions_mid,Mean_replace_billions_mid,SD_replace_billions_mid,Mean_total_billions_low,SD_total_billions_low,Mean_perio_billions_low,SD_perio_billions_low,Mean_replace_billions_low,SD_replace_billions_low,Dent_exp_usd,Dent_exppc_usd,GDP_per_capita_PPP_2021,selected_model,selected_Mean_total_billions,selected_SD_total_billions,selected_Mean_perio_billions,selected_SD_perio_billions,selected_Mean_replace_billions,selected_SD_replace_billions
Afghanistan,0.5849715209460152,0.5884406244645349,0.2476296670244725,0.33426020685442187,0.15887001937844206,0.2295698521772084,0.12561052266936185,0.2002090298010416,0.02251971234975538,0.05944565064174244,0.04001005115915793,0.08366081284712647,0.00582652538989747,0.04659068284783185,0.00208540586676719,0.01327311541133664,4.6314438706999994e-4,0.00265431983102196,0.0167,0.46,2144.16657,low,0.00582652538989747,0.04659068284783185,0.00208540586676719,0.01327311541133664,4.6314438706999994e-4,0.00265431983102196
Albania,0.12597557276186092,0.05311876952547649,0.0537753993831133,0.03688340461260465,0.03086117411774742,0.02672537792462123,0.02493631214457513,0.01804401231956451,0.00563433578888438,0.00683473843335023,0.00757339965621695,0.01025209829689229,0.00142646615602232,0.00322020248487992,4.653920247185932e-4,0.00205155692729646,1.028689038233158e-4,4.306220431090653e-4,0.0363,12.66,16126.77749,low,0.00142646615602232,0.00322020248487992,4.653920247185932e-4,0.00205155692729646,1.028689038233158e-4,4.306220431090653e-4
Algeria,2.3728612762126584,1.0444198853223827,1.0169698184315843,0.7377326785059447,0.5749903594267206,0.5282038348201678,0.4829613162540677,0.3693816572148472,0.10625082610695397,0.13413465305507777,0.14791142573640242,0.21540238992246383,0.02605230841038498,0.05570444369471887,0.00720424982356575,0.03309177404265229,0.00192115659703805,0.0079527744791496,0.3237,7.46,14496.86547,low,0.02605230841038498,0.05570444369471887,0.00720424982356575,0.03309177404265229,0.00192115659703805,0.0079527744791496
Andorra,0.00880550271097008,0.00257668361300462,0.00374179872549761,0.00145106161330568,0.00201963338723499,0.00128953752448865,0.00180252828329403,0.00111979614376382,4.3655288201089015e-4,3.7856536126848705e-4,5.084723813809955e-4,5.402515129730825e-4,1.0422066117990931e-4,1.8632521922663117e-4,3.13624419655514e-5,1.0419411750776843e-4,7.385116058332368e-6,2.295514258587732e-5,0.0146,189.89,59332.20291,mid,0.00180252828329403,0.00111979614376382,4.3655288201089015e-4,3.7856536126848705e-4,5.084723813809955e-4,5.402515129730825e-4
Angola,1.1148559672685558,0.634089934679097,0.4268326121836735,0.40275291289026166,0.2555279642577447,0.2778678797049987,0.2339192701624521,0.21060984908027364,0.04291058259582606,0.07085618063637696,0.06425560197751201,0.109244120297094,0.0132998520808375,0.03793797242373671,0.00346592299629542,0.01649867406819504,7.492799552343782e-4,0.00391768152116292,0.0702,2.33,7408.126591,low,0.0132998520808375,0.03793797242373671,0.00346592299629542,0.01649867406819504,7.492799552343782e-4,0.00391768152116292
Antigua and Barbuda,0.00758741095348783,0.00281859183608135,0.00346800976411737,0.00194345405082326,0.00191113368643343,0.00146077737508418,0.00148929254214715,0.00107986156428385,3.792136868376674e-4,4.0251909802802206e-4,4.8512260521668297e-4,6.077570293378783e-4,8.01853092620329e-5,1.6234841724970157e-4,2.7630106098863505e-5,1.0582494886602528e-4,7.054382563644563e-6,2.5591280114536285e-5,0.0048,51.88,25745.49581,mid,0.00148929254214715,0.00107986156428385,3.792136868376674e-4,4.0251909802802206e-4,4.8512260521668297e-4,6.077570293378783e-4
Argentina,3.5311212253177233,1.2398313803786094,1.5201166734501017,0.8181394982862111,0.8326093225496134,0.6325716970620887,0.7122818461935262,0.4826316639969659,0.16172031646267834,0.16443132233285512,0.21386330372242535,0.2632751338279675,0.04163623869054651,0.08487863635467072,0.01288290546933432,0.05289874486231221,0.00298612029113978,0.0124727765735617,1.106,24.55,26300.27426,mid,0.7122818461935262,0.4826316639969659,0.16172031646267834,0.16443132233285512,0.21386330372242535,0.2632751338279675
Armenia,0.13325922898330914,0.05518681177314676,0.05737526370152743,0.03841539571157788,0.0328530697646042,0.02904766829475608,0.02628157176934712,0.01914039649409675,0.00598302420962,0.00714686668619941,0.00789229469614666,0.01050892041836639,0.00143505445387094,0.00308118712482455,4.63860715944342e-4,0.0018516577917621,1.0940524628745264e-4,4.448222809701729e-4,0.113,38.05,15921.70528,mid,0.02628157176934712,0.01914039649409675,0.00598302420962,0.00714686668619941,0.00789229469614666,0.01050892041836639
Australia,4.615470960254642,1.0788070015449158,1.8765560708895257,0.4071329473073913,0.94594472854082,0.5104217573785984,0.9729270896905504,0.5668875120216555,0.2183671139164869,0.17240389595346323,0.24117645126302087,0.23379413686002232,0.05557507398229418,0.09065808481426248,0.01537329932235197,0.04422195205749466,0.00325710338771523,0.01005743730125565,7.3703,288.25,58182.33695,high,4.615470960254642,1.0788070015449158,1.8765560708895257,0.4071329473073913,0.94594472854082,0.5104217573785984
Austria,0.91055823891688,0.2576011256172677,0.35486420039821853,0.13658685690425346,0.1899897831130669,0.121173124331575,0.19415430158537836,0.11575544201125204,0.04156803580604155,0.03605631322700861,0.04798647514682978,0.05010561480242374,0.01165277123607249,0.02042469512972264,0.00298157328216364,0.00960243341405608,7.684573705720058e-4,0.00271415839642853,2.1157,236.39,62968.94223,high,0.91055823891688,0.2576011256172677,0.35486420039821853,0.13658685690425346,0.1899897831130669,0.121173124331575
Azerbaijan,0.5815947503377608,0.22927628674068948,0.23895704988467137,0.15054639904938083,0.13751644198303964,0.11559434182672212,0.1195396143533108,0.08706116673590346,0.02584599994566036,0.03089305277378395,0.03568486371777783,0.04828923135064753,0.00651454521818128,0.01335828037743275,0.00189966053061945,0.00802411148914674,4.8029829708222193e-4,0.00200243001311637,0.1268,12.61,20111.3757,low,0.00651454521818128,0.01335828037743275,0.00189966053061945,0.00802411148914674,4.8029829708222193e-4,0.00200243001311637
Bahamas,0.03728387544138125,0.01315676227807165,0.0167230838540189,0.00866087409192893,0.00930199725213204,0.00691334333276545,0.00744025020202362,0.00525195619499282,0.00187556763912655,0.00184839628406753,0.00239484395257932,0.00288559016384319,4.1879298842241507e-4,8.909882289240013e-4,1.3747825868162342e-4,4.974003902679625e-4,3.70480930853543e-5,1.46928391999056e-4,0.0329,75.3,31064.68222,high,0.03728387544138125,0.01315676227807165,0.0167230838540189,0.00866087409192893,0.00930199725213204,0.00691334333276545
Bahrain,0.24983723269367092,0.07417677156698893,0.10809954137631252,0.04295227009546563,0.05841643903359488,0.03860710997221967,0.0504146322353568,0.03231846050377901,0.01226868866891242,0.01097711717128313,0.01476537258639501,0.01601046518046854,0.00279614487812297,0.00482275444275805,8.65559636899286e-4,0.00268411422569917,2.2072794353316785e-4,7.521999984507297e-4,0.0625,41.36,54954.67579,low,0.00279614487812297,0.00482275444275805,8.65559636899286e-4,0.00268411422569917,2.2072794353316785e-4,7.521999984507297e-4
Bangladesh,8.251965539331406,4.9174643211500015,4.013365533464743,3.697317460556046,2.415711129643644,2.650682753499984,1.5244361481541202,1.4777002331653464,0.3941444051591843,0.6449934765594668,0.6151697703133486,0.9854881957985512,0.07232557395272228,0.22072461337319976,0.03326126573496216,0.16799471312582293,0.00697904039691272,0.03601290034596682,0.0125,0.08,7441.06914,low,0.07232557395272228,0.22072461337319976,0.03326126573496216,0.16799471312582293,0.00697904039691272,0.03601290034596682
Barbados,0.01791533225067935,0.00821864008621246,0.00831011366436358,0.00576048297775403,0.00491535676806413,0.00439369523480954,0.00345592949348293,0.00275484321729542,8.737203972196505e-4,0.00103086201768354,0.00123200247459872,0.00165001572949375,1.7740216427411716e-4,3.854361393606735e-4,6.710000586663626e-5,2.5967674124090364e-4,1.573339168036186e-5,6.500774019184585e-5,0.0152,52.8,15683.88471,mid,0.00345592949348293,0.00275484321729542,8.737203972196505e-4,0.00103086201768354,0.00123200247459872,0.00165001572949375
Belarus,0.5901773382217416,0.20975532419596413,0.2534188616029689,0.1383185463767697,0.14155393046619935,0.1084642342754736,0.11889982033943308,0.07996739103714193,0.02804920130652625,0.02844631271434377,0.03473434965327558,0.04243947334790669,0.00684369328522816,0.01324653224328895,0.00209819461104132,0.00834979418004764,5.015345885244356e-4,0.00190347094149221,0.1371,14.47,27611.18011,low,0.00684369328522816,0.01324653224328895,0.00209819461104132,0.00834979418004764,5.015345885244356e-4,0.00190347094149221
Belgium,1.654431699243231,0.4743401704256918,0.7233154294283498,0.26814728499653007,0.3926495912565274,0.24306258328368935,0.3339323730663739,0.21405767053820207,0.08404200845003555,0.07314572819800161,0.09969761037715924,0.10709003852499424,0.01868776238324464,0.03415539427277462,0.00602637431358177,0.02015788922190093,0.00151777091648403,0.00536619163884836,2.1221,185.2,60669.21377,high,1.654431699243231,0.4743401704256918,0.7233154294283498,0.26814728499653007,0.3926495912565274,0.24306258328368935
Belize,0.02272373757377667,0.01106099796828726,0.00983657966343307,0.00782719547889142,0.00596853449181024,0.00568049844972044,0.00443924478893749,0.00354764611909663,0.00104597041965025,0.00140917193929876,0.00144806745596815,0.00206082745811972,2.3279899698240233e-4,5.590871146612647e-4,7.746756237210788e-5,3.4222574766371104e-4,1.7141871303830444e-5,7.890430388381046e-5,0.0057,14.08,11677.46101,mid,0.00443924478893749,0.00354764611909663,0.00104597041965025,0.00140917193929876,0.00144806745596815,0.00206082745811972
Benin,0.4439110431597793,0.34618376807573814,0.20802034230331373,0.25625482460637133,0.13281286847099422,0.17062126712914402,0.08414921134605655,0.1000910017815964,0.01851973292281531,0.03968134286333488,0.03429877660277003,0.0645241608720871,0.00388481721709587,0.01869543556314138,0.00154959372175917,0.01286329486057882,3.3785799631346245e-4,0.00209370103011525,0.0033,0.28,3464.288629,low,0.00388481721709587,0.01869543556314138,0.00154959372175917,0.01286329486057882,3.3785799631346245e-4,0.00209370103011525
Bhutan,0.07734542892829258,0.03756523539066359,0.03710563645824543,0.02714014841635033,0.02141819769667672,0.02049987612270313,0.01487618275661945,0.01249930747496888,0.00393784889092327,0.00501007916600993,0.00561830916355485,0.00775747512915303,7.952987720470623e-4,0.00218881147218126,3.1838701533968986e-4,0.00150020275850803,7.684693776891172e-5,3.313597882932826e-4,0,0.06,13458.81267,low,7.952987720470623e-4,0.00218881147218126,3.1838701533968986e-4,0.00150020275850803,7.684693776891172e-5,3.313597882932826e-4
Bolivia,0.5116623704478481,0.2636769406501949,0.2224644639633841,0.1845642898019225,0.12737528950597057,0.13143646351566374,0.10256663286278404,0.08686928228718935,0.02268399710552355,0.03268405138259359,0.0321472964640298,0.04945530046398988,0.00529340919342105,0.013850521767774,0.00176969758570168,0.00934932626352725,3.5711738967186417e-4,0.00183301397416255,0.0482,4.17,9454.198147,low,0.00529340919342105,0.013850521767774,0.00176969758570168,0.00934932626352725,3.5711738967186417e-4,0.00183301397416255
Bosnia and Herzegovina,0.15025959854822424,0.0620393718716392,0.06501822180202792,0.04365579495277886,0.03746890252456292,0.03119937868159111,0.03024632339546201,0.02255130688199531,0.00717530961914964,0.00817959938616937,0.00948930819283384,0.01301296865662086,0.00167386585497705,0.00355343778199356,5.669406537563663e-4,0.00209850744158623,1.3499878796743677e-4,5.164664417936499e-4,0.0727,20.75,18285.67112,mid,0.03024632339546201,0.02255130688199531,0.00717530961914964,0.00817959938616937,0.00948930819283384,0.01301296865662086
Botswana,0.1108129905969764,0.02941069682671523,0.02473719434342923,0.00732930194439033,0.0090624927486108,0.00520416705236135,0.02753607539391382,0.01699582159506144,0.00289076056332889,0.00240105783457643,0.00229938573261361,0.00232215775067766,0.00186427714220813,0.00378613739854995,2.0204581334241873e-4,6.368191583320966e-4,3.589035486625167e-5,1.1515566002906716e-4,0.0574,24.15,17960.62544,mid,0.02753607539391382,0.01699582159506144,0.00289076056332889,0.00240105783457643,0.00229938573261361,0.00232215775067766
Brazil,9.7616665576163,2.137921073148338,3.504470194451736,0.9818033994293008,1.049944933226749,0.5442175913360082,2.0606783392438652,1.1195066302780192,0.4062789562485749,0.3184424701976231,0.26700799011441373,0.2574316787844314,0.14645340198883816,0.24975625115837055,0.02822077449046945,0.08222582972683652,0.00448908003627238,0.01434414829514796,3.7128,17.68,18075.706,mid,2.0606783392438652,1.1195066302780192,0.4062789562485749,0.3184424701976231,0.26700799011441373,0.2574316787844314
Brunei Darussalam,0.06407098994291908,0.01700536626522926,0.02421176909176172,0.00858536052479779,0.01283933386363662,0.0078412502015215,0.01374811047994666,0.00807356686587517,0.00280683886176254,0.00244506475986768,0.00326283239112999,0.00344191069188006,8.195762534419006e-4,0.00140852181479951,1.9107410776137652e-4,5.747269585925164e-4,4.913186538155253e-5,1.5770866701992267e-4,0.0091,20.35,78248.79711,low,8.195762534419006e-4,0.00140852181479951,1.9107410776137652e-4,5.747269585925164e-4,4.913186538155253e-5,1.5770866701992267e-4
Bulgaria,0.336327540013957,0.11101943091572794,0.1322239600400921,0.06792435151105505,0.07230487837140807,0.05267820323350797,0.07097301049771156,0.04501161408171078,0.01464886582376803,0.015188627467998,0.01815828263090491,0.02101251315723666,0.00435103603158751,0.00860393762431456,0.00107648558745694,0.00379510903507414,2.6960032324042737e-4,9.878431060758714e-4,0.1094,15.72,30971.91319,low,0.00435103603158751,0.00860393762431456,0.00107648558745694,0.00379510903507414,2.6960032324042737e-4,9.878431060758714e-4
Burkina Faso,0.9107889994762176,0.7863213680544228,0.45386884420222817,0.5899487268499038,0.2909730632384315,0.41448741984802,0.16396728398491317,0.228396274557015,0.03858142383547403,0.09681802268752963,0.07374064365575403,0.15479898710045897,0.00696095991751892,0.03514225601524741,0.00276490902393511,0.02349022277656294,8.696225689756901e-4,0.00592198388763426,0.0046,0.23,2486.430931,low,0.00696095991751892,0.03514225601524741,0.00276490902393511,0.02349022277656294,8.696225689756901e-4,0.00592198388763426
Burundi,0.14220505800532013,0.19882825028423057,0.07026132435615759,0.11834851907608916,0.05077461309884437,0.07837238528239579,0.02784928748485487,0.06651288989554899,0.00618650910966943,0.01964826537663869,0.01279524622751852,0.02978705399123252,9.27433979262228e-4,0.01358007373373221,6.248833233148033e-4,0.00538234241443793,1.154001324702392e-4,9.81722873862031e-4,0.0013,0.12,836.6655713,low,9.27433979262228e-4,0.01358007373373221,6.248833233148033e-4,0.00538234241443793,1.154001324702392e-4,9.81722873862031e-4
Cabo Verde,0.03844748198746613,0.02402465129900789,0.01918902683195027,0.01823634717338696,0.01175654161121623,0.01263235954953554,0.00725465785308974,0.0076432414243837,0.00199438450920868,0.00312728827782557,0.0031438288984723,0.00533294523303526,3.4562797950847904e-4,0.00112512352418751,1.6858175168853792e-4,9.106951084400972e-4,3.1681802096691356e-5,1.4023515211983203e-4,0.0034,6.12,7685.419214,low,3.4562797950847904e-4,0.00112512352418751,1.6858175168853792e-4,9.106951084400972e-4,3.1681802096691356e-5,1.4023515211983203e-4
Cambodia,0.4837967834196848,0.2967067207614273,0.21003210801881092,0.2090296066446563,0.12350974806679373,0.14549519892234528,0.09687988539402224,0.09312605844737289,0.02045525418607979,0.03492996183200095,0.03183579056898352,0.05517409034721446,0.00520795021275031,0.01560323017734507,0.00167312127832828,0.00849395736700271,4.125956178771742e-4,0.00232033568319206,1e-4,0.01,6225.532655,low,0.00520795021275031,0.01560323017734507,0.00167312127832828,0.00849395736700271,4.125956178771742e-4,0.00232033568319206
Cameroon,1.4624096412381913,1.003161124857543,0.7233980163966559,0.7463630088052904,0.440292385509177,0.5342439172001494,0.2723578678093991,0.29815513389579495,0.0711276705670738,0.13363885517525737,0.11538624272708647,0.20315775906013417,0.01287696342514101,0.05197185695524638,0.0069128271131196,0.04334786872065978,0.00126206511272108,0.00762253155420345,0.0066,0.26,4793.556282,low,0.01287696342514101,0.05197185695524638,0.0069128271131196,0.04334786872065978,0.00126206511272108,0.00762253155420345
Canada,6.177028714873315,1.592361207552425,2.5035569138244296,0.5945968910102104,1.4429599821571857,0.7311182309045832,1.3470694958197147,0.837971419737625,0.291744725979748,0.22116803006460825,0.3652250261204305,0.340004308162239,0.0744767985609916,0.12599844858554823,0.01908797123608137,0.05905618094661612,0.00461495206929652,0.01425592967963924,12.8291,342.52,56995.11768,high,6.177028714873315,1.592361207552425,2.5035569138244296,0.5945968910102104,1.4429599821571857,0.7311182309045832
Central African Republic,0.03893531160540716,0.04874645198635909,0.01938413446387288,0.02787684980835217,0.01235237768836152,0.01878702059891008,0.00726581918499862,0.01524727852049212,0.00135368131074666,0.0042813093858583,0.00310254828254132,0.00671730489358776,3.4381621035465274e-4,0.00335271816270212,1.343036178524242e-4,0.00110461873783093,2.518007983545744e-5,2.1119593818404804e-4,0.0011,0.22,1128.55238,low,3.4381621035465274e-4,0.00335271816270212,1.343036178524242e-4,0.00110461873783093,2.518007983545744e-5,2.1119593818404804e-4
Chad,0.5446042898222453,0.46345373333767265,0.24551895032184248,0.3271516128887778,0.1647844957940819,0.22772535760450757,0.10828179498962157,0.14501643950886972,0.02331446424364982,0.05571004684771622,0.04379368059868664,0.08151965141226353,0.00507220524226894,0.02411519387827916,0.00238919070814992,0.01396794505011622,4.395272387973232e-4,0.00323709062935795,0.0034,0.26,2435.072747,low,0.00507220524226894,0.02411519387827916,0.00238919070814992,0.01396794505011622,4.395272387973232e-4,0.00323709062935795
Chile,2.102778099427189,0.5069407160754058,1.0152182076696512,0.31074131351605033,0.306777628145665,0.16799386006960523,0.40949988462055736,0.23997190136493143,0.11924103870672911,0.09920962316385672,0.07795835483112847,0.07579948188752446,0.02566581666180839,0.04426965683224554,0.00851061846095797,0.0247163306630369,0.00124511714260071,0.0040472847801117,0.4696,24.58,29089.85046,low,0.02566581666180839,0.04426965683224554,0.00851061846095797,0.0247163306630369,0.00124511714260071,0.0040472847801117
China,24.38334322608827,6.4730215340519095,9.196930949021374,2.3229727975052863,7.77524563607611,3.953314914352672,5.305249158286775,3.4450143029487363,1.2535588201767558,1.0586350922763843,1.9840980527882663,1.9103421667573548,0.26432083428747527,0.454539647807755,0.07997794934720885,0.22187544651476024,0.0231118752266476,0.07346479664524581,61.5486,43.96,20843.29783,high,24.38334322608827,6.4730215340519095,9.196930949021374,2.3229727975052863,7.77524563607611,3.953314914352672
Colombia,3.6126159221839114,1.5055914851211651,1.6400395400510357,1.0765762290683398,0.9485183832298658,0.81680993854539,0.711350247545258,0.5360771437088655,0.17436311829599885,0.21089448515286752,0.2459947076990094,0.3226485585503639,0.03775658472988302,0.08112949457574914,0.01360205976978004,0.05733281457481816,0.00329031481085798,0.01222420007032662,0.7051,14,17383.09017,low,0.03775658472988302,0.08112949457574914,0.01360205976978004,0.05733281457481816,0.00329031481085798,0.01222420007032662
Comoros,0.01780625806014657,0.01349908103990209,0.00823295356118555,0.00988215968856255,0.00503213182701992,0.00668490254373992,0.00344080743487014,0.00414720236235547,7.943882087800449e-4,0.00170405102852325,0.00129761119742995,0.00249815465345017,1.700710768987244e-4,7.908016938686722e-4,7.105375998864229e-5,5.198231387795906e-4,1.3402486834962646e-5,1.0615508070490076e-4,3e-4,0.3,3449.043575,low,1.700710768987244e-4,7.908016938686722e-4,7.105375998864229e-5,5.198231387795906e-4,1.3402486834962646e-5,1.0615508070490076e-4
Congo,0.14766617771650856,0.09078451812352664,0.06259594836565037,0.06450715434043837,0.03847679651825179,0.04415811509600449,0.03013364871165585,0.02958631848206903,0.00625771253250082,0.01094297300658768,0.00970094903176052,0.01727879762443928,0.0015438671127835,0.0047852159612021,4.958206588604293e-4,0.00230806379112804,1.1358255673242326e-4,6.010840383485203e-4,0.0047,1.03,6263.211613,low,0.0015438671127835,0.0047852159612021,4.958206588604293e-4,0.00230806379112804,1.1358255673242326e-4,6.010840383485203e-4
Costa Rica,0.3986788252559033,0.15642471810567313,0.18031823069366712,0.10512045125887118,0.10190386275298624,0.08234703727814284,0.07798957381351226,0.05788540675122242,0.01959401429156101,0.02172152689011054,0.02557971660566243,0.03276343641197725,0.00432455039900319,0.0088805231298156,0.00145597511938372,0.00565482309215871,3.6367675304444576e-4,0.00137044384327913,0.1617,31.84,23852.9253,mid,0.07798957381351226,0.05788540675122242,0.01959401429156101,0.02172152689011054,0.02557971660566243,0.03276343641197725
Croatia,0.3430306563105121,0.11414140404057632,0.15392623108907094,0.07270402819791669,0.08541618196837626,0.05995191343586465,0.06835350351583297,0.04797294929321372,0.0174941980059977,0.01727720410810996,0.02148643957058836,0.02655314234996287,0.0037448509281892,0.0070172953230311,0.00125573607486687,0.00441000742183074,3.0522114474010304e-4,0.00108570118758357,0.1494,36.8,36930.47013,mid,0.06835350351583297,0.04797294929321372,0.0174941980059977,0.01727720410810996,0.02148643957058836,0.02655314234996287
Cuba,0,0,0,0,0,0,0,0,0,0,0,0,0,0,0,0,0,0,0.3044,26.85,NA,high,0,0,0,0,0,0
Cyprus,0.1181497003558732,0.03527823274858282,0.0464206030851655,0.01974828547575164,0.02515788806725239,0.01697601860146974,0.02524625248559435,0.01583701150836685,0.00542343183992892,0.00512725420951512,0.00637311463509472,0.00742680833589494,0.0014623740232162,0.00257100102045045,3.647045710314462e-4,0.0012208204085965,9.460544779998825e-5,3.0738320336698855e-4,0.0126,14.41,48781.27734,low,0.0014623740232162,0.00257100102045045,3.647045710314462e-4,0.0012208204085965,9.460544779998825e-5,3.0738320336698855e-4
Czechia,0.9430095251888104,0.2789144090648019,0.3920665460224052,0.16496254929660428,0.2153604226172812,0.14070535828815575,0.1925291865601136,0.12294232108764906,0.04452694492710613,0.04006493869205142,0.05364774438674894,0.06111035335242798,0.01080679577663459,0.01912679828363223,0.00324316602152883,0.01088188241060501,8.002597894847023e-4,0.00279362233217382,0.8438,79.32,47796.03374,high,0.9430095251888104,0.2789144090648019,0.3920665460224052,0.16496254929660428,0.2153604226172812,0.14070535828815575
CÃ´te d'Ivoire,1.317762357704935,0.8251069555500282,0.6141999978209172,0.6007807306649496,0.363990794400204,0.42300840091371833,0.2512987084115563,0.2506940104760521,0.05684889498446893,0.1013336094956398,0.09622979758573191,0.15743959826629653,0.01350236909282412,0.0404854961492543,0.00512758357580574,0.02491695956818173,0.00109927206043344,0.00561557162208009,0.0066,0.25,6045.204805,low,0.01350236909282412,0.0404854961492543,0.00512758357580574,0.02491695956818173,0.00109927206043344,0.00561557162208009
Democratic Republic of the Congo,1.2338740854272294,1.443168708924095,0.5871631131412763,0.885755244443592,0.38720740952825294,0.6009671929664957,0.2332916045141646,0.45279389934438286,0.04741745331909491,0.14278690536956287,0.09555666599187172,0.22232906533708224,0.01101111312121938,0.08940969664843278,0.00462251039714948,0.0366779208897191,0.00100358089539379,0.00728506065415318,0.0229,0.23,1313.618218,low,0.01101111312121938,0.08940969664843278,0.00462251039714948,0.0366779208897191,0.00100358089539379,0.00728506065415318
Denmark,1.0923924219545968,0.3133666565982715,0.5060933148893149,0.18001763979487928,0.27256443926916296,0.16543965858190823,0.215730036319235,0.1482029539453259,0.05803211795279415,0.04972208287745233,0.06918259819936007,0.07494302166957337,0.01120335891581386,0.02009253688048307,0.0039598952171622,0.01259927062480687,0.00105159927741283,0.00332077962897133,1.8676,321.67,69715.18097,high,1.0923924219545968,0.3133666565982715,0.5060933148893149,0.18001763979487928,0.27256443926916296,0.16543965858190823
Djibouti,0.03813487891689041,0.02450911600023873,0.01646747929126427,0.01731055978766009,0.01052426826964513,0.01252304535733981,0.00763017818888528,0.00708033360413021,0.00168249567284877,0.00293122468684126,0.00255786594535973,0.00434826550087542,3.8638682537664193e-4,0.00141906265635723,1.248937080406571e-4,8.481247488347237e-4,2.8031846320858348e-5,1.3485463347986525e-4,8e-4,0.76,5960.108074,low,3.8638682537664193e-4,0.00141906265635723,1.248937080406571e-4,8.481247488347237e-4,2.8031846320858348e-5,1.3485463347986525e-4
Dominica,0.00402548354701902,0.00177496849899386,0.00184026734117519,0.00126799050485515,0.00106380487996655,9.573221172834164e-4,7.767027195652547e-4,6.151076800030864e-4,1.891292905204643e-4,2.422186953975776e-4,2.659954733090379e-4,3.668885024149244e-4,4.18390866320811e-5,9.592008252240815e-5,1.6573800912924237e-5,6.984257366357373e-5,3.3972177683947533e-6,1.536718962666457e-5,0.0019,26.92,15808.97435,mid,7.767027195652547e-4,6.151076800030864e-4,1.891292905204643e-4,2.422186953975776e-4,2.659954733090379e-4,3.668885024149244e-4
Dominican Republic,0.7419676098692541,0.2791762160491215,0.32012772758556407,0.19084743583882904,0.18098036874335713,0.1413208721268493,0.149742139280085,0.10659313177076446,0.03508255690111037,0.0379758904095808,0.04624630843926366,0.06215932963781587,0.00836859296704051,0.01678036837657685,0.00264873771031929,0.00951297752794474,6.590036249877467e-4,0.00236473057672815,0.0823,7.94,22053.45899,low,0.00836859296704051,0.01678036837657685,0.00264873771031929,0.00951297752794474,6.590036249877467e-4,0.00236473057672815
Ecuador,0.8458122822754935,0.3856801896252161,0.36204563978191145,0.26664012713425267,0.21066998752032207,0.1956222871018493,0.16803748076331249,0.12796392403029108,0.0373734786988642,0.04802842103953516,0.0514219748376923,0.0699722420527107,0.00901966938283408,0.01953842121982267,0.00279468429924782,0.01103930233636958,6.190896380616648e-4,0.00293705774577528,0.1257,7.28,13507.44456,low,0.00901966938283408,0.01953842121982267,0.00279468429924782,0.01103930233636958,6.190896380616648e-4,0.00293705774577528
Egypt,5.092514753340885,2.108022272150345,1.9461213042352965,1.383873749092363,1.1414780840434704,1.042969114021519,1.0978958823961906,0.8169838133553246,0.21174796127120968,0.26038114668082984,0.29948775877292094,0.4204940906261267,0.06222765501094195,0.13632758431487518,0.01766344960879934,0.07355833770589831,0.00371585255492672,0.01563581872518534,0.3293,3.32,15579.01609,low,0.06222765501094195,0.13632758431487518,0.01766344960879934,0.07355833770589831,0.00371585255492672,0.01563581872518534
El Salvador,0.2475971282470366,0.12498185395175024,0.1132683863853324,0.08778682780232636,0.06442120406821816,0.06662900041726091,0.04804345637726748,0.03956315903357508,0.01100550407564857,0.01553919267940693,0.01655198772509919,0.0246373268960063,0.00269783974018367,0.00645641818425021,9.27029561755278e-4,0.00389500772901767,2.112908980815875e-4,9.126337340491086e-4,0.0628,9.37,10809.7134,low,0.00269783974018367,0.00645641818425021,9.27029561755278e-4,0.00389500772901767,2.112908980815875e-4,9.126337340491086e-4
Equatorial Guinea,0.09847577874997553,0.04158781774432146,0.03907950731793172,0.02732690977966209,0.0229304795176258,0.02035485388762756,0.02047986085505901,0.01453575969698893,0.0042026984763724,0.00491338189511437,0.00560671166232201,0.00746912788258213,0.00116159759682498,0.00248363472135412,3.271001674430948e-4,0.00138839622976745,7.403650783375172e-5,2.7521832748712366e-4,0.0057,4.19,16821.44865,low,0.00116159759682498,0.00248363472135412,3.271001674430948e-4,0.00138839622976745,7.403650783375172e-5,2.7521832748712366e-4
Eritrea,0,0,0,0,0,0,0,0,0,0,0,0,0,0,0,0,0,0,0.0024,0.39,NA,high,0,0,0,0,0,0
Estonia,0.11597086603835548,0.03533945997575725,0.04932816255218749,0.0212719881901184,0.02693933906650342,0.01784641044031086,0.02386150370633869,0.01563163013373966,0.00575746319023707,0.0055643551863766,0.00677533784379676,0.00749204219222073,0.00135836155717368,0.00255254601914994,4.0357817984866307e-4,0.00141192146734718,1.0166289212377396e-4,3.52998492185028e-4,0.149,113,44251.5375,mid,0.02386150370633869,0.01563163013373966,0.00575746319023707,0.0055643551863766,0.00677533784379676,0.00749204219222073
Eswatini,0.03055937950390531,0.01589935605574048,0.00991700717893781,0.00839996681236256,0.00557898863726171,0.00603843069623452,0.00723128340009392,0.00620647753523149,0.00102806849450652,0.00152462509360155,0.00151868184191263,0.00252128945819857,4.338116638402281e-4,0.001247260957791,7.017685314930617e-5,3.8522289825541775e-4,1.7347065225037833e-5,7.58178095717472e-5,0.0138,12.18,9946.040554,low,4.338116638402281e-4,0.001247260957791,7.017685314930617e-5,3.8522289825541775e-4,1.7347065225037833e-5,7.58178095717472e-5
Ethiopia,3.743847070748465,3.1621877216065304,1.7795252762453582,2.3593693644963007,1.188127831223601,1.629662268285063,0.7124537284976946,0.923279887809993,0.16673026869220647,0.4078762260558602,0.31728083230707194,0.6152309024132019,0.0334411544197363,0.15084198399699522,0.01798601859923528,0.09995973124617906,0.0029365013498851,0.02076331203248868,1e-4,0.01,2588.413102,low,0.0334411544197363,0.15084198399699522,0.01798601859923528,0.09995973124617906,0.0029365013498851,0.02076331203248868
Fiji,0.01618426786181972,0.00870113957555441,0.00361494323739717,0.00306475319384332,0.00212569742908881,0.00210017375374128,0.00413725390874473,0.00375042718496987,3.7697288894496543e-4,5.43813335183321e-4,5.125661621371868e-4,8.19695781982242e-4,2.744368031543674e-4,8.243827757365522e-4,2.697786392241892e-5,1.1314920065502852e-4,6.419191086069909e-6,3.170140256369998e-5,0.0069,7.7,10685.19703,low,2.744368031543674e-4,8.243827757365522e-4,2.697786392241892e-5,1.1314920065502852e-4,6.419191086069909e-6,3.170140256369998e-5
Finland,0.6952722896904492,0.20520013123385367,0.30388896261590354,0.11705534468206048,0.16294531590761308,0.10501981141671954,0.1409946335569951,0.09309138516837828,0.03489745457926985,0.03193296553420614,0.04170410008460756,0.04543078303414627,0.0079342031727048,0.01434882750626118,0.00251315986977316,0.00840559759157345,6.330109361191027e-4,0.00203174238848011,0.5937,107.59,56790.37662,mid,0.1409946335569951,0.09309138516837828,0.03489745457926985,0.03193296553420614,0.04170410008460756,0.04543078303414627
France,4.905364806466791,1.1860730481104618,1.6998254802630235,0.38512056244589166,1.1505383323576497,0.6059704648926332,1.0696076195074555,0.6203363831306871,0.20070158818484848,0.16178200225358702,0.29308260522410884,0.2830011514163645,0.06298860822753422,0.10380223253955112,0.01388118233850341,0.03939781125531544,0.00519355253800281,0.01626924768351998,12.666,195.39,52517.33549,high,4.905364806466791,1.1860730481104618,1.6998254802630235,0.38512056244589166,1.1505383323576497,0.6059704648926332
Gabon,0.10622481373172432,0.04140571706298324,0.04314599438886137,0.02695631258679076,0.02382316200640174,0.02049646109775325,0.02206969882746439,0.01596417916038707,0.00453263258675821,0.00547193092521803,0.00605817868698987,0.00837319111066605,0.0012564572428591,0.00250942223961676,3.220300241360043e-4,0.00122705032259607,7.955243725738059e-5,3.320188160641958e-4,0.0077,3.69,18523.5798,low,0.0012564572428591,0.00250942223961676,3.220300241360043e-4,0.00122705032259607,7.955243725738059e-5,3.320188160641958e-4
Gambia,0.11157781426713402,0.08523287300705311,0.05683690706212897,0.06393121978197734,0.03492049879845092,0.04694865371122477,0.02038866706930761,0.0249860722868616,0.00525573816824952,0.01084800567152098,0.00938089717537216,0.01795212119053656,8.636852567028239e-4,0.00410767129758954,3.89626268220828e-4,0.00311876790203242,7.95937938718669e-5,5.204577985322683e-4,0,0.02,3503.034914,low,8.636852567028239e-4,0.00410767129758954,3.89626268220828e-4,0.00311876790203242,7.95937938718669e-5,5.204577985322683e-4
Georgia,0.16311459148187893,0.06301863249076259,0.06748091795438454,0.04286408239471256,0.03809697113758279,0.03116168055784321,0.0335842669691208,0.02397011497786037,0.00729199311115299,0.00846356264896493,0.00975220682289934,0.01260534365824012,0.00182889617865726,0.00377536775999488,5.254301404794068e-4,0.00220215544090124,1.2232301614301008e-4,4.632517026082043e-4,0.0116,3.13,18915.6534,low,0.00182889617865726,0.00377536775999488,5.254301404794068e-4,0.00220215544090124,1.2232301614301008e-4,4.632517026082043e-4
Germany,11.749374827481487,2.4885706016213547,6.039498022222734,1.6577519622477874,1.8865757933684597,0.9830245360276124,2.217861495734444,1.2322321530529277,0.6697174393896709,0.546190762451906,0.4873864865953786,0.46726344170866463,0.14621037639978074,0.2528356578391286,0.04949325123968397,0.15520312939021602,0.00848258165350982,0.02703339866704407,30.8773,372.15,62530.76532,high,11.749374827481487,2.4885706016213547,6.039498022222734,1.6577519622477874,1.8865757933684597,0.9830245360276124
Ghana,1.958167433408223,1.2062693213639168,0.9685498282668292,0.9224453710189988,0.5728034350529917,0.6292637288774116,0.3581132987972553,0.3486748748591745,0.0947258655385437,0.15860478291034613,0.14241737018842796,0.2352488740416884,0.01820288734247866,0.05549323995680838,0.00803233549682484,0.03978253931614432,0.00166194673066017,0.00915113330739031,8e-4,0.03,6607.502974,low,0.01820288734247866,0.05549323995680838,0.00803233549682484,0.03978253931614432,0.00166194673066017,0.00915113330739031
Greece,0.6580308007181477,0.2134513333228086,0.27464609623754516,0.13350284413530683,0.14770112164785065,0.10732959127092212,0.13712082541328205,0.08926357989121066,0.03119555078753988,0.03129842756738453,0.03875328396307553,0.04410536759594694,0.00807934975786853,0.01485731449361731,0.00229800970991098,0.00811913486252356,5.466499700409233e-4,0.00194667833544845,0.8265,77.14,33531.15511,mid,0.13712082541328205,0.08926357989121066,0.03119555078753988,0.03129842756738453,0.03875328396307553,0.04410536759594694
Grenada,0.00626555627025947,0.0028531290930057,0.0028880149828929,0.00201147697112337,0.00161970338309218,0.00144845095698001,0.00122575158543497,9.899381486623137e-4,3.017998897685166e-4,3.6990076686781094e-4,4.176015376461593e-4,5.889778397679269e-4,6.584589851774989e-5,1.445444087155101e-4,2.330111016055031e-5,9.547717790986832e-5,6.081061199964014e-6,2.5351652365736353e-5,0.0035,32.04,15298.12311,mid,0.00122575158543497,9.899381486623137e-4,3.017998897685166e-4,3.6990076686781094e-4,4.176015376461593e-4,5.889778397679269e-4
Guatemala,0.9020257441568398,0.44103077023815446,0.3815863892427791,0.2983968489376747,0.22861230420089423,0.2226544891352073,0.1782056357163148,0.14499635405784442,0.03988637177113301,0.05507765086978988,0.05667417327559898,0.08413449852060444,0.00919068299553655,0.02177587315870908,0.00285005727727293,0.01286267532353359,6.700458939700128e-4,0.00290376331202511,0.1624,9.22,11825.14092,low,0.00919068299553655,0.02177587315870908,0.00285005727727293,0.01286267532353359,6.700458939700128e-4,0.00290376331202511
Guinea,0.5738214465721684,0.4306011477428257,0.2811621994750913,0.33019739223933603,0.17383994126202673,0.21913305197416413,0.10378437035545916,0.12254213362185425,0.0255268619677902,0.05488829743601291,0.04320310496683254,0.08151863663379116,0.00491286905752842,0.02030138027426506,0.00211313945430387,0.01428597553807107,5.035524151047573e-4,0.00334223342101884,0.0032,0.23,3738.805126,low,0.00491286905752842,0.02030138027426506,0.00211313945430387,0.01428597553807107,5.035524151047573e-4,0.00334223342101884
Guinea-Bissau,0.05956766261774082,0.04947883337554951,0.02931816096172723,0.03690292314720158,0.0185591395366944,0.02523393540826262,0.01061868994917631,0.01396172345087156,0.00270933630276981,0.00631718195300026,0.00441724682346677,0.00863190822652396,4.994590139544938e-4,0.00232799340035463,2.0087378030809677e-4,0.00142169753426156,5.145813476975925e-5,3.2066573088910367e-4,5e-4,0.25,2483.850629,low,4.994590139544938e-4,0.00232799340035463,2.0087378030809677e-4,0.00142169753426156,5.145813476975925e-5,3.2066573088910367e-4
Guyana,0.05056404555742332,0.01867906935932078,0.02163112498334924,0.01244816941663126,0.01201789673470789,0.00959271845878475,0.01015158696699007,0.00696226281850605,0.00239787860135964,0.00265129699350999,0.00301363458086846,0.00380630731439979,5.596993308465718e-4,0.00112568193715335,1.7079305435725324e-4,6.412259551963327e-4,4.3648339896216634e-5,1.7145034866955912e-4,0.0113,14.38,22865.9271,low,5.596993308465718e-4,0.00112568193715335,1.7079305435725324e-4,6.412259551963327e-4,4.3648339896216634e-5,1.7145034866955912e-4
Haiti,0.2733477039323757,0.22075880082699295,0.12721060412950516,0.1574354597159985,0.07990480636710853,0.1050069903259378,0.05081067359978163,0.06490266184398742,0.01051545573661201,0.02472422003144932,0.01959748213680513,0.03910853698821083,0.00272305629447168,0.01105499711635385,9.451912601496316e-4,0.00594161672581084,2.2388556086792836e-4,0.00147752331086508,0.0263,2.34,3134.950149,low,0.00272305629447168,0.01105499711635385,9.451912601496316e-4,0.00594161672581084,2.2388556086792836e-4,0.00147752331086508
Honduras,0.36855148546032823,0.230916014576137,0.16387660327109843,0.16754400453886806,0.10157455186955928,0.12096836269427548,0.07201741896533238,0.0726235825263861,0.01627154003164296,0.02854945047881048,0.02532664742736949,0.04384556870552225,0.00368357680158213,0.01202415197365227,0.00123078596495801,0.00755662036607947,2.907254631464257e-4,0.00169187635164224,0.052,5.42,6202.980788,low,0.00368357680158213,0.01202415197365227,0.00123078596495801,0.00755662036607947,2.907254631464257e-4,0.00169187635164224
Hungary,0.4459864641298201,0.1339175415962211,0.14106772739723827,0.06926910062237558,0.07666965005829773,0.05333111194553811,0.1016911671938943,0.06234480488404483,0.01579639288854021,0.01562562364033993,0.01982525888223138,0.02401971245942235,0.00655588904927122,0.01239308788790591,0.00116753758052528,0.00380418914347654,2.987531492331308e-4,0.00100614173599486,0.3639,37.29,38887.19095,mid,0.1016911671938943,0.06234480488404483,0.01579639288854021,0.01562562364033993,0.01982525888223138,0.02401971245942235
Iceland,0.03686633584129907,0.01001363517725952,0.01368269252246419,0.00536162071272294,0.00735408093397866,0.0046247617857137,0.00800502530405854,0.00482835636016923,0.00159350413377862,0.00143102658158962,0.00187118754627862,0.00202239558920774,4.8456698173624104e-4,8.480641868329233e-4,1.1001017594699898e-4,3.49809206812004e-4,2.869847335520908e-5,1.0091386088358912e-4,0.1455,407.54,61610.21327,high,0.03686633584129907,0.01001363517725952,0.01368269252246419,0.00536162071272294,0.00735408093397866,0.0046247617857137
India,71.98595506042834,41.834138365822106,35.154820146430936,30.86510624975716,20.48822640299001,22.531224057062584,13.532201628767876,13.321014003311944,3.3260552755696984,5.186660506372601,5.267726378182813,8.963255213454968,0.682323037771734,1.8523465830934955,0.28123550024578314,1.2615044223064646,0.06391405039226372,0.32675204935807056,0.0645,0.05,8050.018575,low,0.682323037771734,1.8523465830934955,0.28123550024578314,1.2615044223064646,0.06391405039226372,0.32675204935807056
Indonesia,14.227460490047989,6.820262723670773,6.399695638756349,4.82765463828433,3.725697542749411,3.577686630279085,2.769836242673488,2.2046050058060698,0.6570065572765695,0.8616991214455917,0.9593530115519108,1.3833029772105845,0.15110827792400938,0.3663095030362709,0.05791599199786251,0.262481491687316,0.01354533654361712,0.05442336099324083,0.2666,1,12757.07464,low,0.15110827792400938,0.3663095030362709,0.05791599199786251,0.262481491687316,0.01354533654361712,0.05442336099324083
Iran,4.4591941185912916,2.096993454045169,2.0115999264975226,1.5231554885785288,1.180475096293785,1.145469119048374,0.8773272802661571,0.7164079214098154,0.21566485144402164,0.2948138586255849,0.30491516085642667,0.4370560870372579,0.04574004592129988,0.1110936229107034,0.01627794388553178,0.07459286814829809,0.00367502790658801,0.01627420742022133,3.5071,42.12,12731.75358,mid,0.8773272802661571,0.7164079214098154,0.21566485144402164,0.2948138586255849,0.30491516085642667,0.4370560870372579
Iraq,2.5753262697299824,1.2092997124326397,1.0613304811764506,0.8266359190161311,0.6036075774293206,0.5868267844441175,0.5278394141074682,0.41085594892556504,0.1081849852307194,0.14503858205691125,0.15822827700449724,0.22832513887124176,0.02864628777633984,0.0676310062037043,0.00797100689332309,0.03547498668635556,0.00206095606316997,0.00847326767004855,1e-4,0.01,12731.75358,low,0.02864628777633984,0.0676310062037043,0.00797100689332309,0.03547498668635556,0.00206095606316997,0.00847326767004855
Israel,0.8821563074518387,0.2542457414601662,0.3096170256619245,0.1315769522440688,0.16645436532602392,0.1143927330160243,0.1961925989523664,0.12067221204723676,0.03547049770527536,0.0329553703159363,0.04278194855285659,0.05016829223246797,0.0118930774895316,0.02157480694291487,0.00240197952049889,0.00829533219134282,6.283948621277434e-4,0.00221397590033805,1.8272,201.81,46162.08227,high,0.8821563074518387,0.2542457414601662,0.3096170256619245,0.1315769522440688,0.16645436532602392,0.1143927330160243
Italy,3.9400287925176967,1.2608564859300342,0.9557334070301928,0.38611017830524547,1.538224571354048,0.7764851400627653,0.9235865113482908,0.6215149334323933,0.10358338976638362,0.09149052178519858,0.3923088659452309,0.3789575707920489,0.04554707284309438,0.08136743699518016,0.00705192162181056,0.02308384914341993,0.00510965530704179,0.01606294929645392,19.123,316.82,49825.39341,high,3.9400287925176967,1.2608564859300342,0.9557334070301928,0.38611017830524547,1.538224571354048,0.7764851400627653
Jamaica,0.11613099210000397,0.06237818029145174,0.05514127026173275,0.04601010330285524,0.03117078281631786,0.03285692545086335,0.02290923716934142,0.02131559696662045,0.00593997592076405,0.00883697936388096,0.00843988355238034,0.0134655961663231,0.00110009731789933,0.00287966947739363,4.128569054649615e-4,0.00192691362193906,1.0253558240028432e-4,5.014211763390357e-4,0.0449,15.62,9577.164211,mid,0.02290923716934142,0.02131559696662045,0.00593997592076405,0.00883697936388096,0.00843988355238034,0.0134655961663231
Japan,6.589175432592852,1.441034389500787,2.5153559922816817,0.569635596129325,1.8348122167512064,0.9159670678086004,1.3793016459244511,0.8003302062690494,0.25607249999296455,0.2052336717073738,0.470485842118637,0.45002106977723105,0.07912541755187018,0.1327039338077625,0.02052498181320062,0.06321745707171827,0.00443912426729633,0.01341972176164562,28.7336,227.7,44355.34872,high,6.589175432592852,1.441034389500787,2.5153559922816817,0.569635596129325,1.8348122167512064,0.9159670678086004
Jordan,0.4963402014843424,0.2645320953913235,0.21255048269949897,0.18264858491440691,0.1250734404639651,0.12695780131299764,0.09997281399472677,0.08511383214561458,0.02135824737935416,0.03112144275511095,0.03253158374519068,0.05297966036336225,0.00538293107783937,0.01436131954163603,0.00164905918956978,0.00798374044923729,3.9474489364274074e-4,0.00222733144157854,0.0747,7.42,9182.496161,low,0.00538293107783937,0.01436131954163603,0.00164905918956978,0.00798374044923729,3.9474489364274074e-4,0.00222733144157854
Kazakhstan,1.3459707381127315,0.44107441218860144,0.4996118960561151,0.25066430147899726,0.2780879096158109,0.2036636122666823,0.288116389356143,0.18056857749540536,0.05604695647960046,0.05561751238829088,0.07206675190551332,0.08554585736032212,0.01705760358814039,0.03106572323547849,0.00392462092973673,0.01304155840360437,0.00100526092261051,0.00336217720226212,0.061,3.27,32945.85157,low,0.01705760358814039,0.03106572323547849,0.00392462092973673,0.01304155840360437,0.00100526092261051,0.00336217720226212
Kenya,2.202772299498619,1.5029297985507115,1.0442595937666406,1.1530545602415632,0.6353303688993093,0.7652564044610833,0.443244489848876,0.4532422800229834,0.11464238854735696,0.1973941253407072,0.17252975825183392,0.28721124294363337,0.01923073926554748,0.06686225102484444,0.00760697032306189,0.04848459535307704,0.0014769801780034,0.010744483552072,1e-4,0.01,5338.852434,low,0.01923073926554748,0.06686225102484444,0.00760697032306189,0.04848459535307704,0.0014769801780034,0.010744483552072
Kiribati,0.00104373910624143,0.00128815187551518,2.3973181323338577e-4,3.028449588838379e-4,1.466388407797844e-4,1.97618047824528e-4,2.706835360384357e-4,5.028523868852495e-4,2.2370721989356752e-5,5.027058277581531e-5,3.678178009212237e-5,7.584526363066225e-5,1.5246923087493468e-5,1.0249983354087564e-4,1.8898191924823813e-6,1.3156687479515396e-5,4.373858821906382e-7,2.6759368326478657e-6,3e-4,2.61,3020.493999,low,1.5246923087493468e-5,1.0249983354087564e-4,1.8898191924823813e-6,1.3156687479515396e-5,4.373858821906382e-7,2.6759368326478657e-6
Kuwait,0.640406041744063,0.19062562991171675,0.2829028095554605,0.11273044298113152,0.1532640268357838,0.10007849914212058,0.1295147702274472,0.08476942318561467,0.03291576822708678,0.0299928923094938,0.0390400850450139,0.04220400151704301,0.00707838511828849,0.01251978307371064,0.00234302445803534,0.0072855269929282,5.788953895736723e-4,0.00192111439982609,0.2182,46.41,50651.95758,mid,0.1295147702274472,0.08476942318561467,0.03291576822708678,0.0299928923094938,0.0390400850450139,0.04220400151704301
Kyrgyzstan,0.15956492571424546,0.0983323331221517,0.06352120733114558,0.06573902104311345,0.03916843610994185,0.04643423728689967,0.03227670698590149,0.03219985002587045,0.00622279173615755,0.01136527266881644,0.00964151054081037,0.01744962794938887,0.00170103573748851,0.00586183405553455,4.642190017059581e-4,0.00246463517000454,1.3010341938128627e-4,7.824057182194854e-4,0.0039,0.6,5736.478834,low,0.00170103573748851,0.00586183405553455,4.642190017059581e-4,0.00246463517000454,1.3010341938128627e-4,7.824057182194854e-4
Lao People's Democratic Republic,0.16307554007413785,0.08954888866969551,0.05510066010685958,0.05137953336714597,0.03250588024246311,0.03471306433765592,0.03666669793735441,0.0332182668542171,0.00537941509406093,0.00848785958565645,0.00819645434162403,0.01366015891097456,0.00221892798795012,0.00641256999357901,4.0703282289058314e-4,0.00220233908228047,1.1507035518017648e-4,5.505485075501306e-4,0.0045,0.63,8080.435532,low,0.00221892798795012,0.00641256999357901,4.0703282289058314e-4,0.00220233908228047,1.1507035518017648e-4,5.505485075501306e-4
Latvia,0.1310824606618303,0.04278172144499743,0.05694582696893382,0.0260958246475743,0.03155821652903901,0.02214509184445189,0.02640334289641613,0.01737219271061081,0.00648442485271407,0.00622818356407393,0.00791448560699903,0.00895070791725515,0.00148572030510439,0.00281433418485836,4.705231129538606e-4,0.00163138296660926,1.2449352610277036e-4,4.821714893366221e-4,0.112,58.08,36912.01306,mid,0.02640334289641613,0.01737219271061081,0.00648442485271407,0.00622818356407393,0.00791448560699903,0.00895070791725515
Lebanon,0.45331391172826346,0.22201222407124033,0.2050156725391021,0.1625958316817352,0.1160166781388891,0.11641838452098008,0.08970819518150328,0.07461321082911536,0.02195640764941898,0.03095884277179926,0.03081898323514495,0.04610214538478991,0.00480604261370948,0.01123222148223284,0.00168952251760344,0.00703238618082699,4.33987311102796e-4,0.00205545776976862,0.1049,17.29,11599.77551,mid,0.08970819518150328,0.07461321082911536,0.02195640764941898,0.03095884277179926,0.03081898323514495,0.04610214538478991
Lesotho,0.020065111099517,0.01956852831583828,0.00742065311808643,0.00987454619664768,0.0048983787713486,0.00665075099991347,0.004290491141341,0.0066572843551826796,6.060911841304631e-4,0.00150419697109172,0.00126227406980375,0.00242267410802887,2.4667167262579145e-4,0.00138079807665639,5.048167634126992e-5,3.580348589569505e-4,1.4657386922010425e-5,1.08698768747538e-4,0.0093,4.56,2544.782496,low,2.4667167262579145e-4,0.00138079807665639,5.048167634126992e-5,3.580348589569505e-4,1.4657386922010425e-5,1.08698768747538e-4
Liberia,0.18091251946990924,0.16869335441751207,0.09680363937854164,0.1330878470791856,0.06079610027419522,0.08558265065901002,0.0301369597199588,0.04661039472597839,0.00715736521320833,0.02123269296509897,0.0156048536371971,0.03250113424920363,0.00145950199835425,0.00769124732957823,8.300886938396112e-4,0.00538694188476878,1.4535585106607518e-4,0.00123153210890262,7e-4,0.16,1539.208923,low,0.00145950199835425,0.00769124732957823,8.300886938396112e-4,0.00538694188476878,1.4535585106607518e-4,0.00123153210890262
Libya,0.3767801802720217,0.1781755085934371,0.1668511780504813,0.12549083903608133,0.09822944613583144,0.09472464117775292,0.07429842715029357,0.05990055078490265,0.01752294070166953,0.02362957482479247,0.02439913342943164,0.03508725862179517,0.00389738931894952,0.00904323298951869,0.0013563675477417901,0.00527354930418123,3.365195226402193e-4,0.00128971596739621,0.0615,9.34,12641.50977,low,0.00389738931894952,0.00904323298951869,0.0013563675477417901,0.00527354930418123,3.365195226402193e-4,0.00128971596739621
Lithuania,0.2568804122951623,0.07796581511054604,0.111613716391319,0.04767273139650496,0.06062243427273529,0.04031465877304263,0.05204138908712619,0.03418345522370025,0.01296633710081511,0.01235321467344236,0.01540767073190714,0.01664390016238991,0.00286281648440653,0.00515278523183197,9.044366631424166e-4,0.00282704893146465,2.2921225514501052e-4,8.011841853721536e-4,0.199,71.47,45873.52732,mid,0.05204138908712619,0.03418345522370025,0.01296633710081511,0.01235321467344236,0.01540767073190714,0.01664390016238991
Luxembourg,0.12989916133428678,0.03359188261510615,0.04922167885147351,0.01570569789614044,0.02592701421820626,0.01495865513509432,0.02816554522989713,0.01692175996748493,0.00594476209833614,0.00519884745284628,0.00655102836407972,0.00683949754128827,0.00170139810715146,0.00285840466061819,4.112505161147677e-4,0.00124316497857185,1.011185868608866e-4,3.1233420405485905e-4,0.212,345.35,136772.4438,high,0.12989916133428678,0.03359188261510615,0.04922167885147351,0.01570569789614044,0.02592701421820626,0.01495865513509432
Madagascar,0.27962079558167036,0.3671889364614013,0.09996958242896052,0.14401085516137077,0.07143301934413995,0.10475884633731064,0.06371272289183666,0.136365162275511,0.00923780721325599,0.02308423693672785,0.01730929212343963,0.03673155362332741,0.00416648475394401,0.03373040521816738,8.442995793084003e-4,0.00548288755500834,1.5607776672814364e-4,0.00128416325681062,0.0042,0.15,1577.432461,low,0.00416648475394401,0.03373040521816738,8.442995793084003e-4,0.00548288755500834,1.5607776672814364e-4,0.00128416325681062
Malawi,0.30153036686912266,0.32036660795818267,0.13988082636898183,0.20667786066335497,0.09517158746366752,0.1415256623827474,0.06273265209508531,0.103420043315437,0.01270383906485392,0.03458801930234166,0.02386788369349234,0.05681918387135321,0.00233905410686837,0.01664899137046602,9.708526463393012e-4,0.0071193768136571,0.00020634553131211489,0.00208204638545157,0.0025,0.12,1687.593582,low,0.00233905410686837,0.01664899137046602,9.708526463393012e-4,0.0071193768136571,0.00020634553131211489,0.00208204638545157
Malaysia,2.1062531422889283,0.7141161685433923,0.760355301832392,0.4031688723710225,0.4269628967986015,0.3367504334949256,0.4596787622154436,0.29345068478355935,0.08596294104988333,0.08831295373316499,0.1051060233016527,0.12995940231399641,0.02830944353768817,0.05464464525573964,0.00622815018156487,0.02222056352468348,0.00159518364114901,0.00599743000387995,0.2268,6.91,29822.84918,low,0.02830944353768817,0.05464464525573964,0.00622815018156487,0.02222056352468348,0.00159518364114901,0.00599743000387995
Maldives,0.02716394616421482,0.01102990934569385,0.01049777701094009,0.00689823613477631,0.00612513716415639,0.00537152177005786,0.00580766824302974,0.00406350246376692,0.00119190683001479,0.00142400885534947,0.001511521911695,0.00200965582797646,3.334884665530424e-4,7.166773167674047e-4,8.477299137748592e-5,3.1985869086430013e-4,2.165731273254112e-5,9.78194291081719e-5,6e-4,1.7,19052.62249,low,3.334884665530424e-4,7.166773167674047e-4,8.477299137748592e-5,3.1985869086430013e-4,2.165731273254112e-5,9.78194291081719e-5
Mali,0.9364025956610456,0.774895950632959,0.4475994215591807,0.5818829268588401,0.2963293027000561,0.38789577210591847,0.17682942726870954,0.22151750628170125,0.04310500851134207,0.09381814159717693,0.07597118200442705,0.1431457141827451,0.00774835851399935,0.03759309761662488,0.0033056228253091,0.02348239462779384,7.237631749617612e-4,0.0049090336134246,0.0013,0.07,2796.227938,low,0.00774835851399935,0.03759309761662488,0.0033056228253091,0.02348239462779384,7.237631749617612e-4,0.0049090336134246
Malta,0.04128725701981203,0.01184793032325639,0.01599019505987597,0.00630467027341668,0.0086177837371128,0.00561308496119068,0.0088193091446013,0.00533028638925742,0.00180797225634731,0.00158139487180707,0.00220733808345103,0.00236180021194844,5.231613609278712e-4,9.23310253938976e-4,1.3067606715410883e-4,4.2607644932274715e-4,3.4319764516218075e-5,1.1238547537563088e-4,0.0444,91.64,56802.01025,mid,0.0088193091446013,0.00533028638925742,0.00180797225634731,0.00158139487180707,0.00220733808345103,0.00236180021194844
Marshall Islands,7.476146599076364e-4,5.5984892061928e-4,1.4810390033096407e-4,1.4445567574230774e-4,8.703885729311596e-5,1.0009160176063564e-4,1.9350494916021472e-4,2.3000947465864373e-4,1.3944396033304816e-5,2.3948286655158705e-5,2.248379908291852e-5,3.9016517513875395e-5,1.1931099820184909e-5,4.650846447316646e-5,1.1258951812987372e-6,6.2838789239300455e-6,2.9541525206285796e-7,1.739680371938305e-6,3e-4,5.84,6705.875292,low,1.1931099820184909e-5,4.650846447316646e-5,1.1258951812987372e-6,6.2838789239300455e-6,2.9541525206285796e-7,1.739680371938305e-6
Mauritania,0.20108462187195,0.12686098815218275,0.0931485572615549,0.09397115296447175,0.0574783470881508,0.06528242931648937,0.03754827780110528,0.03850200755933522,0.00853740619881984,0.01594825885273908,0.01403996868201357,0.02513507683765829,0.00198031076389064,0.00627890480037184,6.970529685840449e-4,0.00408396170279156,1.4100945607160712e-4,7.485237119438731e-4,0.0017,0.43,5836.565808,low,0.00198031076389064,0.00627890480037184,6.970529685840449e-4,0.00408396170279156,1.4100945607160712e-4,7.485237119438731e-4
Mauritius,0.06378157652582003,0.0234604404413418,0.02552661404357045,0.01513687664433617,0.01444848763962875,0.0114165085421639,0.01330289804479654,0.00899147609595743,0.0027829180227504,0.0030902370906446,0.00365174512721647,0.00459247670035312,7.542390746494379e-4,0.00149763832269046,1.904929237849356e-4,6.928475135580724e-4,5.336906946650576e-5,2.1858866657592773e-4,0.0168,13.26,22737.57294,low,7.542390746494379e-4,0.00149763832269046,1.904929237849356e-4,6.928475135580724e-4,5.336906946650576e-5,2.1858866657592773e-4
Mexico,10.030904226572304,3.927856536648407,4.464177036456104,2.699323109877432,2.5254081092079907,2.1374815003908423,1.9630166852168744,1.4082509380946493,0.4898182932228291,0.57116870263844155,0.6240048119284763,0.8039234337191904,0.10796102194591306,0.22335358677247336,0.03555296991251804,0.13894921199728155,0.00841859123343391,0.03332079447887332,2.103,16.7,20782.58774,mid,1.9630166852168744,1.4082509380946493,0.4898182932228291,0.57116870263844155,0.6240048119284763,0.8039234337191904
Micronesia (Federated States of),0.00103657687254015,0.00101416470018205,2.4809595418583694e-4,2.811988350836475e-4,1.5510092053819718e-4,1.9896076371996317e-4,2.6966283442607353e-4,3.9878334514752394e-4,2.233085536280728e-5,4.623766911014214e-5,4.011994748360542e-5,8.034931731139794e-5,1.7344300590352575e-5,8.994480208903293e-5,1.5328316399828516e-6,1.1608003863423753e-5,3.647932330612927e-7,2.186307595145561e-6,NA,NA,NA,low,1.7344300590352575e-5,8.994480208903293e-5,1.5328316399828516e-6,1.1608003863423753e-5,3.647932330612927e-7,2.186307595145561e-6
Monaco,0,0,0,0,0,0,0,0,0,0,0,0,0,0,0,0,0,0,NA,NA,NA,high,0,0,0,0,0,0
Mongolia,0.13762207649108166,0.05741501065810562,0.05106844366322125,0.03661922870907229,0.02944572111459573,0.02710276795244498,0.03009699130768159,0.02217077656860391,0.00543030123152138,0.00700215299764797,0.00767463626578845,0.0105380272937718,0.00178873121770708,0.00405385039956851,4.057385501536316e-4,0.00165090834259545,9.886129720263274e-5,4.0724721005837934e-4,0.0352,10.65,14792.25091,low,0.00178873121770708,0.00405385039956851,4.057385501536316e-4,0.00165090834259545,9.886129720263274e-5,4.0724721005837934e-4
Montenegro,0.03388173382177453,0.01242653288640666,0.01399483976067737,0.00803288488542658,0.00782371915829878,0.00635432426155841,0.00700097257925629,0.00497832156328877,0.00152105922263845,0.00165199726057541,0.00202980327117584,0.00272615855993991,4.010636151622138e-4,8.038191269127173e-4,1.1453058688531512e-4,4.613341916449044e-4,2.672933100228783e-5,9.760266863714826e-5,0.0057,9.18,23842.06192,low,4.010636151622138e-4,8.038191269127173e-4,1.1453058688531512e-4,4.613341916449044e-4,2.672933100228783e-5,9.760266863714826e-5
Morocco,1.611661411935429,0.9024147933017488,0.7484923676701479,0.6624749206388628,0.44385339823305886,0.4775841774960765,0.30891582305028564,0.28429880337724794,0.07802295272957567,0.11287684371091476,0.11006012644647692,0.18464754846988268,0.01507187076094798,0.04010824127106121,0.00582687598787101,0.02687002144386284,0.00126301882242509,0.00603964437468615,0.0821,2.31,8623.265625,low,0.01507187076094798,0.04010824127106121,0.00582687598787101,0.02687002144386284,0.00126301882242509,0.00603964437468615
Mozambique,0.40940202409453,0.4587061923427446,0.18721134342853116,0.28788370445641437,0.12786256717109026,0.18798528701805148,0.07806713744672598,0.14971038076478976,0.01540983644283191,0.04429983880894964,0.032273099327818,0.06969598580491912,0.00358801801328115,0.02964341623840289,0.00122574840269836,0.01162990376905435,3.3992098218676346e-4,0.00256700587057154,0.0049,0.16,1457.235409,low,0.00358801801328115,0.02964341623840289,0.00122574840269836,0.01162990376905435,3.3992098218676346e-4,0.00256700587057154
Myanmar,1.107812956245595,0.7337271753355,0.4271661458670062,0.4456626793802648,0.2811240004574411,0.3405779024476906,0.22656351681858147,0.23381386666556173,0.04157257395515943,0.07300406285795176,0.06934590285404556,0.1317449408440697,0.01334291202397465,0.04344264643414849,0.0034511971782028,0.01717405208460142,7.530863538606695e-4,0.00425408759600554,4e-4,0.01,5178.447182,low,0.01334291202397465,0.04344264643414849,0.0034511971782028,0.01717405208460142,7.530863538606695e-4,0.00425408759600554
Namibia,0.06870464481287396,0.03447231180750858,0.02324625993008166,0.01946715585317612,0.01347048210928753,0.01361824870354145,0.0154735922712149,0.01263523946995677,0.00227752604752105,0.00338102012206901,0.00339839827069707,0.00520888324064832,8.630104169475406e-4,0.00238802740574618,1.8696381249660096e-4,8.333230354452263e-4,3.840630091303681e-5,2.1390435426012493e-4,0.0028,1.13,9709.099306,low,8.630104169475406e-4,0.00238802740574618,1.8696381249660096e-4,8.333230354452263e-4,3.840630091303681e-5,2.1390435426012493e-4
Nauru,2.140638079907196e-4,1.1393069702181637e-4,3.601826933757671e-5,2.956428134826565e-5,2.2119692662349027e-5,2.2603303800266607e-5,5.754691250205416e-5,5.317603432200377e-5,3.807107313523216e-6,5.074445525378752e-6,5.510120122548547e-6,7.987895530164201e-6,3.807118921217936e-6,1.0652066295953394e-5,3.068000919558003e-7,1.390846074710033e-6,7.161358074086866e-8,3.164215135505848e-7,2e-4,14.8,12196.64515,mid,5.754691250205416e-5,5.317603432200377e-5,3.807107313523216e-6,5.074445525378752e-6,5.510120122548547e-6,7.987895530164201e-6
Nepal,0.9137084771251096,0.640439887982517,0.4345709618943988,0.4784175235577031,0.2591915483754303,0.32513011642669476,0.17480343676526344,0.19114048426003613,0.04331830109373081,0.08065469091677038,0.06624425954027342,0.11853492471544104,0.00841497372344374,0.03231193766113163,0.00381985359167273,0.02104911122271776,7.046978116526469e-4,0.00420105771312268,0.0891,3.13,4546.2297,low,0.00841497372344374,0.03231193766113163,0.00381985359167273,0.02104911122271776,7.046978116526469e-4,0.00420105771312268
Netherlands,1.7455596310471235,0.48372103668961314,0.6645019632494553,0.25065865535120235,0.35735086720542586,0.2249496743210799,0.3756628238592947,0.2282297630853132,0.0783955726882259,0.06913281728589457,0.0912125445339916,0.1002338576674356,0.02208293053546804,0.037522402198058163,0.00527513422264488,0.01529709575099475,0.00136608938435397,0.00453378696803281,3.6785,213.48,68573.56488,mid,0.3756628238592947,0.2282297630853132,0.0783955726882259,0.06913281728589457,0.0912125445339916,0.1002338576674356
New Zealand,0.5222521217305374,0.15692431219176767,0.21908145368124007,0.09145923371785764,0.12141308025920688,0.0814352359211027,0.10813070587043389,0.06842148946798374,0.0256551500073283,0.02338961609536824,0.03056641219746334,0.03371117957786442,0.00597523904840243,0.01062607647699376,0.00168861410713656,0.00503637873488396,4.45347298493074e-4,0.00150888114292797,0.5353,106.27,47996.67988,mid,0.10813070587043389,0.06842148946798374,0.0256551500073283,0.02338961609536824,0.03056641219746334,0.03371117957786442
Nicaragua,0.2462569495488359,0.14863247135331303,0.11058054195632767,0.1062484462789428,0.07042623955263494,0.07676474265905577,0.04809870962105746,0.04563967070135921,0.01142450328971625,0.01857100309479505,0.01728874937479303,0.02932671830149314,0.00251709267374204,0.00761773994950313,9.745940709820336e-4,0.00498478375351983,2.0701884410876195e-4,9.894502474757764e-4,0.0314,4.81,7119.169234,low,0.00251709267374204,0.00761773994950313,9.745940709820336e-4,0.00498478375351983,2.0701884410876195e-4,9.894502474757764e-4
Niger,0.3455137108346539,0.4401136889541731,0.14463791964029582,0.2112502194081845,0.09441680787127396,0.137386076044582,0.07350994878732962,0.15256859617795002,0.01232997542752447,0.03217170163847378,0.0241172023251401,0.05065039667779902,0.00361389478244598,0.03135330348349522,0.00117449112361874,0.0081839448604079,2.086171761146387e-4,0.00180406193938004,1e-4,0.01,1585.59922,low,0.00361389478244598,0.03135330348349522,0.00117449112361874,0.0081839448604079,2.086171761146387e-4,0.00180406193938004
Nigeria,4.748797986405281,3.335062325398202,1.3885739742192065,1.496440647390552,0.8569486668332648,1.031232468496892,1.1418233673522276,1.293330766270652,0.14064535409599763,0.25455386690567944,0.2184736179948323,0.3826040564454029,0.07100962867322759,0.2548480909598877,0.01191886408037753,0.06209484774351474,0.00223393317057522,0.01642790423203752,0.1375,0.68,5491.700341,low,0.07100962867322759,0.2548480909598877,0.01191886408037753,0.06209484774351474,0.00223393317057522,0.01642790423203752
North Korea,0,0,0,0,0,0,0,0,0,0,0,0,0,0,0,0,0,0,0.0895,3.5,NA,high,0,0,0,0,0,0
North Macedonia,0.11722007800226752,0.0457174724608357,0.04995276677751308,0.03109275632494846,0.02800141944134322,0.02298234911349348,0.02407819298615554,0.01716588815752377,0.0055141583711585,0.00615668748550132,0.00726261777822527,0.00937016976077004,0.00128452560134214,0.00252674457729232,3.716693106781792e-4,0.00136852065091776,9.31941982539663e-5,3.791924660612602e-4,0.0319,15.34,22142.97287,low,0.00128452560134214,0.00252674457729232,3.716693106781792e-4,0.00136852065091776,9.31941982539663e-5,3.791924660612602e-4
Norway,1.1129517024662552,0.29871383174778837,0.4908920277439156,0.1601989317764655,0.258004870630244,0.15067989069179571,0.22541702751688616,0.14642237210538245,0.05815045389801053,0.05043914916383252,0.06483715313830499,0.06860236560424747,0.01244268560232828,0.02102473720412663,0.00392575888824731,0.0118954510594873,0.00102051869047068,0.00334684660851737,2.1691,404.99,88984.13867,high,1.1129517024662552,0.29871383174778837,0.4908920277439156,0.1601989317764655,0.258004870630244,0.15067989069179571
Oman,0.6322570252146594,0.20179461331680604,0.2693136452338124,0.1219081499904794,0.14515491083828205,0.10439767248628072,0.1295194211395262,0.08479948611692883,0.03053363395499423,0.02957130749122226,0.03743321518954701,0.04233652757739054,0.00719502357326538,0.0131634465437422,0.00210664068604071,0.00758744106470737,5.551591378932841e-4,0.00185078578078687,0.1327,30.82,38719.45877,mid,0.1295194211395262,0.08479948611692883,0.03053363395499423,0.02957130749122226,0.03743321518954701,0.04233652757739054
Pakistan,11.20126024969975,7.510356878880618,5.3566187520944855,5.758980390619128,3.507094116082103,3.96510113516218,2.085398158033039,2.246326563963325,0.5438487914387676,0.9566805127590364,0.8815665950801779,1.5972249720378102,0.09176857341080384,0.31582833334600113,0.03840804769551211,0.21532231819579617,0.00928858386067127,0.04834686599328542,0.0489,0.24,5367.273647,low,0.09176857341080384,0.31582833334600113,0.03840804769551211,0.21532231819579617,0.00928858386067127,0.04834686599328542
Palau,3.751190740483193e-4,1.562674928839354e-4,9.705498932431063e-5,7.058726628720131e-5,5.7431657386380134e-5,5.321431745658788e-5,8.99156404550225e-5,6.667664336662279e-5,1.013415512463113e-5,1.2244135888319125e-5,1.3667956109110622e-5,1.921109418022328e-5,6.117611247565886e-6,1.5019795757081876e-5,8.181043611405009e-7,3.2842827591630817e-6,1.881175317141698e-7,8.676004724061073e-7,5e-4,25.39,15663.17159,mid,8.99156404550225e-5,6.667664336662279e-5,1.013415512463113e-5,1.2244135888319125e-5,1.3667956109110622e-5,1.921109418022328e-5
Panama,0.4152456922367998,0.14082919119153414,0.1794565489771103,0.09294699398221964,0.09947327818489762,0.07235033346673626,0.08404668485482211,0.05737284274806591,0.02002378323862317,0.01979270320024082,0.02510216225038568,0.02989538557233483,0.00471481256802566,0.00923083685964026,0.00145693270003258,0.00513218171368777,3.506161046699051e-4,0.00136078739373716,0.1354,32.1,30932.76278,mid,0.08404668485482211,0.05737284274806591,0.02002378323862317,0.01979270320024082,0.02510216225038568,0.02989538557233483
Papua New Guinea,0.09719242250038584,0.10513020971952544,0.01928971832329683,0.02292718835857549,0.01248477904817825,0.01537538911735706,0.02661156323442097,0.04199151978900131,0.00189157479238772,0.00374308799102068,0.00295018540090909,0.00555230519624343,0.00179428727624445,0.0109620637875041,1.4474907304928042e-4,9.342501259893382e-4,3.725141844998926e-5,2.2047791803771988e-4,0.0358,4.17,3976.903801,low,0.00179428727624445,0.0109620637875041,1.4474907304928042e-4,9.342501259893382e-4,3.725141844998926e-5,2.2047791803771988e-4
Paraguay,0.4028268754770751,0.1751830073662118,0.17017639544557364,0.12077921206446383,0.10004863290192978,0.08835932320514549,0.08039600353828036,0.0609894578281656,0.01810288386918234,0.02249648412459448,0.0239043698942489,0.03386989315228701,0.0045436173759913,0.01046710354600911,0.00141490098675788,0.00658386352375513,3.3790002353094507e-4,0.00149470969454517,0.0513,7.18,15406.16706,low,0.0045436173759913,0.01046710354600911,0.00141490098675788,0.00658386352375513,3.3790002353094507e-4,0.00149470969454517
Peru,1.881195500673284,0.8293530211642713,0.7952868549682196,0.5719159835039985,0.4643098866695915,0.421775813741578,0.3868858072906188,0.2907250544158742,0.0871650187669832,0.11184714773168232,0.11682495390630976,0.16647248945900614,0.02125533366092962,0.04814653682440965,0.00679082066031565,0.02704902311886844,0.00141987156508524,0.00582237155600978,0.2678,8.24,15280.55121,low,0.02125533366092962,0.04814653682440965,0.00679082066031565,0.02704902311886844,0.00141987156508524,0.00582237155600978
Philippines,2.228813350492735,1.2090206366240204,0.6278407948605591,0.5535272368172708,0.3706358946275,0.3842171670027852,0.5331698160041398,0.4959413569779608,0.06538419029662515,0.10124143123685655,0.093099805295600635,0.15017092978161636,0.03299730973049433,0.10221648995503316,0.0052456414170766,0.02276304235174775,0.00108568696171473,0.00471640574432018,0.0165,0.15,8857.789951,low,0.03299730973049433,0.10221648995503316,0.0052456414170766,0.02276304235174775,0.00108568696171473,0.00471640574432018
Poland,3.151214260114533,1.0040797879071757,1.382061732543456,0.6076269870430634,0.7529726191365477,0.5133611185400933,0.6343971926741876,0.4282767533725197,0.15602357495334815,0.14360315807251894,0.1906722979775662,0.22153862989594444,0.03436140476389958,0.06020175837663448,0.01069365023991661,0.03477583360771041,0.00280816998675621,0.00955877200156317,1.7024,44.83,41059.58478,mid,0.6343971926741876,0.4282767533725197,0.15602357495334815,0.14360315807251894,0.1906722979775662,0.22153862989594444
Portugal,0.7030981197652489,0.22314506471630083,0.2821981613164013,0.1361610535449294,0.15301377001757063,0.10838529282161154,0.14785192319696475,0.09531036897498309,0.0317618885043465,0.03236225342969773,0.03910410380805711,0.04538671299528417,0.00853375256825775,0.01527014617435117,0.00213385249172527,0.00728423975731243,5.621960637917897e-4,0.00214463933058181,0.8695,84.7,38657.66772,mid,0.14785192319696475,0.09531036897498309,0.0317618885043465,0.03236225342969773,0.03910410380805711,0.04538671299528417
Qatar,0.7467098894946602,0.1997952709111874,0.32231966198837964,0.10222066317242748,0.1699077683056571,0.09788045851173537,0.1532844994136634,0.09755546412693408,0.03853835407986861,0.03212584776416677,0.04295967091539638,0.04455634570504254,0.00866462512361219,0.01470489204465752,0.00265448425218444,0.00807630624116369,7.04501984546339e-4,0.00231672607548396,0.2287,83.07,116832.5703,mid,0.1532844994136634,0.09755546412693408,0.03853835407986861,0.03212584776416677,0.04295967091539638,0.04455634570504254
Republic of Ireland,0.633553416284686,0.16731841885828433,0.19051978436792055,0.0644136997626974,0.10141986457112932,0.06190741349173617,0.1466953155011198,0.08503592667096264,0.02242737969981996,0.01925897526999943,0.02537002601881116,0.02592921437471732,0.00973419222644721,0.0186595415631988,0.00153046781778779,0.00450547383962019,4.075931020919934e-4,0.0013182926339373,0.5148,104,116903.6124,mid,0.1466953155011198,0.08503592667096264,0.02242737969981996,0.01925897526999943,0.02537002601881116,0.02592921437471732
Republic of Korea,2.5654074343741113,0.614196799594209,1.146387422501917,0.24020045167936843,0.9114903597237058,0.4806943614780711,0.5219563118271745,0.3227376349772916,0.11330186181624533,0.09189598943224352,0.2297782161834386,0.21917619463724444,0.02661687339278106,0.04651163173474108,0.00942455190557005,0.03015603682214361,0.00303184083786883,0.0097654889834834,7.2547,139.93,48419.64325,high,2.5654074343741113,0.614196799594209,1.146387422501917,0.24020045167936843,0.9114903597237058,0.4806943614780711
Republic of Moldova,0.16548675277237468,0.07566539088483308,0.07348347567165436,0.05308727197387544,0.04331218027774895,0.03831300067429873,0.0330352111161674,0.02554714583853165,0.00828012483469466,0.01073512248324484,0.01103132968257566,0.01505176547895339,0.00176999051776783,0.00429777367345014,6.216165594054185e-4,0.00284695269961289,1.4713104175544808e-4,5.977002446055467e-4,0.0051,1.43,15682.07033,low,0.00176999051776783,0.00429777367345014,6.216165594054185e-4,0.00284695269961289,1.4713104175544808e-4,5.977002446055467e-4
Romania,1.2887981670445394,0.41302566137527014,0.5319102856164041,0.2502166822776003,0.2953931649298231,0.2134977770695014,0.2676843082420329,0.18054268168534232,0.06127403014974609,0.05672005071004248,0.07457274584015065,0.09277216890738796,0.01511906923078451,0.02674774001010203,0.00403076202111645,0.01228099115149113,0.00108846534395962,0.00378608902558267,0.3761,19.27,37730.37084,mid,0.2676843082420329,0.18054268168534232,0.06127403014974609,0.05672005071004248,0.07457274584015065,0.09277216890738796
Russian Federation,11.425932199582418,3.648404930377199,4.8535017814909525,2.1931097434886166,2.6378188985367106,1.8861657236734592,2.3144532277981456,1.5015012904566851,0.5423422803434145,0.5206958906280283,0.6615208492494624,0.7387661998304452,0.1308991787020518,0.23710739054564176,0.03817979023122185,0.1277579097940552,0.01025248232773207,0.03637948960806,0.8921,6.08,38638.42969,low,0.1308991787020518,0.23710739054564176,0.03817979023122185,0.1277579097940552,0.01025248232773207,0.03637948960806
Rwanda,0.06917682251563617,0.02700643668429892,0.01899806636506015,0.01189557925865423,0.01308303074971116,0.00937190154776328,0.01576512014251022,0.01067138883311874,0.00235634398022978,0.00257974582694103,0.00331232903984479,0.00392809101347389,0.00106471824252103,0.00242499227356811,1.436082205418489e-4,5.156472630177594e-4,8.886492032731456e-5,3.260351179728511e-4,0.0035,0.28,2733.435668,low,0.00106471824252103,0.00242499227356811,1.436082205418489e-4,5.156472630177594e-4,8.886492032731456e-5,3.260351179728511e-4
Saint Kitts and Nevis,0.00400044310594017,0.00146077480138753,0.00186070413003347,0.00100167240880717,0.00101925055841103,7.851548666275266e-4,7.80485260920222e-4,5.71038464683951e-4,2.0533208062661649e-4,2.083341284977897e-4,2.5774416545298065e-4,3.1855611417172953e-4,4.0119468297267175e-5,8.02976016043556e-5,1.3975814517572033e-5,5.1753411474540866e-5,3.6976235965736056e-6,1.3749861774363884e-5,0.003,56.98,26896.61771,high,0.00400044310594017,0.00146077480138753,0.00186070413003347,0.00100167240880717,0.00101925055841103,7.851548666275266e-4
Saint Lucia,0.01257834848953514,0.00524449890486138,0.00580777729802033,0.0036597451134121,0.00332130482584336,0.00277869427110947,0.00245738552906713,0.00189303729939471,6.392492127675096e-4,7.700677778167673e-4,8.337913325523996e-4,0.00107838564682547,1.278503285632452e-4,2.647851782158353e-4,4.689740345248676e-5,1.753465193898545e-4,1.022307924229164e-5,4.214802306691529e-5,0.0054,29.98,19101.1653,mid,0.00245738552906713,0.00189303729939471,6.392492127675096e-4,7.700677778167673e-4,8.337913325523996e-4,0.00107838564682547
Saint Vincent and the Grenadines,0.00607977454562746,0.00261497701694792,0.00274972598660936,0.00186442957603528,0.00160121669933621,0.00143984932218294,0.00119813979474855,8.993961265420095e-4,2.9979794618975917e-4,3.664951128181865e-4,4.1116916782475384e-4,5.275876445473618e-4,6.305001287742128e-5,1.4003798771490786e-4,2.299148072291469e-5,9.028926265215288e-5,5.27617663806205e-6,2.089465626234671e-5,0.0026,23.29,16200.89946,mid,0.00119813979474855,8.993961265420095e-4,2.9979794618975917e-4,3.664951128181865e-4,4.1116916782475384e-4,5.275876445473618e-4
Samoa,0.00291007431458392,0.00239549081311905,5.494920071355011e-4,5.529207277233847e-4,3.216838220251751e-4,3.7842042969171697e-4,7.567680876818618e-4,9.378521848138964e-4,5.164743798679838e-5,9.202983301139628e-5,8.013085493497967e-5,1.3984388825821612e-4,5.4808531488552545e-5,2.1507190372484995e-4,4.651161930371264e-6,2.771752548384483e-5,9.814415829490406e-7,5.044890277610216e-6,0.001,5.16,6214.016928,low,5.4808531488552545e-5,2.1507190372484995e-4,4.651161930371264e-6,2.771752548384483e-5,9.814415829490406e-7,5.044890277610216e-6
San Marino,0.00385020615154336,0.00105995683221676,0.0015830157005525,5.901102398288072e-4,8.46623422270971e-4,5.297219618140676e-4,8.022929006786345e-4,5.012398211566078e-4,1.8422377667067012e-4,1.6203446345508144e-4,2.1618779231454308e-4,2.3129471900475864e-4,4.6860384077674154e-5,8.184389970816421e-5,1.2814611547820223e-5,3.966507391073439e-5,3.282617600425523e-6,1.1064135814540147e-5,0.0075,222.24,64745.13168,high,0.00385020615154336,0.00105995683221676,0.0015830157005525,5.901102398288072e-4,8.46623422270971e-4,5.297219618140676e-4
Sao Tome and Principe,0.00932827425083013,0.00591157392783832,0.00453062455467517,0.00458309325570562,0.00278194078741756,0.00312445603862241,0.0017476976990069,0.0017841158020973,4.561307121231719e-4,8.004039243736072e-4,6.896160698969244e-4,0.00117111786920358,8.730456078289975e-5,2.8412161201498597e-4,3.536716304026075e-5,1.8456581493448164e-4,9.35025556499226e-6,4.929816800745492e-5,1e-4,0.61,5732.694561,low,8.730456078289975e-5,2.8412161201498597e-4,3.536716304026075e-5,1.8456581493448164e-4,9.35025556499226e-6,4.929816800745492e-5
Saudi Arabia,4.297448241658494,1.244311049886074,1.6251214334783637,0.6468492172105016,0.8686416952013752,0.5664323865488357,0.9296373087358416,0.5583204815487228,0.19014036510799617,0.17184739741926133,0.220160197930454,0.23706103750143223,0.05713291016096501,0.10257703264550186,0.01335967120721742,0.04408495283929476,0.00341396019952692,0.01144565460182871,1.2518,36.73,62690.49666,low,0.05713291016096501,0.10257703264550186,0.01335967120721742,0.04408495283929476,0.00341396019952692,0.01144565460182871
Senegal,0.6485062130960473,0.4694041778091124,0.3035988295037015,0.3541384047213729,0.1938609258934549,0.243155378579847,0.1241325678412408,0.13566545435587102,0.02973646701022955,0.05954810614629165,0.05018600701323865,0.09371310097618768,0.00572782475550093,0.02104890787679755,0.0023388602759181,0.01504054279986472,4.7576730723894174e-4,0.00303502862791292,0.0044,0.27,4173.677414,low,0.00572782475550093,0.02104890787679755,0.0023388602759181,0.01504054279986472,4.7576730723894174e-4,0.00303502862791292
Serbia,0.452183697106343,0.16857108779657945,0.19213395574107847,0.10904757397499058,0.10854820400573303,0.08910319987876787,0.09192156294912553,0.06439951717979772,0.02124224666102292,0.0233845313788364,0.02755751751609444,0.03478729872385948,0.00509683947355337,0.01015652068699823,0.00157886876754671,0.00624490386745928,3.826249525378055e-4,0.00139620627623031,0.11,15.79,23404.99711,mid,0.09192156294912553,0.06439951717979772,0.02124224666102292,0.0233845313788364,0.02755751751609444,0.03478729872385948
Seychelles,0.00618683330915578,0.00202124837080735,0.0022720484146887,0.00119683775462036,0.00129370961880213,9.488467416926772e-4,0.0013458444293902,8.622336175703323e-4,2.5390057146822603e-4,2.616054752571979e-4,3.3239042826314696e-4,4.108387775422739e-4,8.283803400343121e-5,1.6338564692029698e-4,1.9080626805611155e-5,6.985660434216541e-5,4.640692591218881e-6,1.737774295303528e-5,0.0013,13.61,29979.82727,low,8.283803400343121e-5,1.6338564692029698e-4,1.9080626805611155e-5,6.985660434216541e-5,4.640692591218881e-6,1.737774295303528e-5
Sierra Leone,0.3867106239776569,0.31887213437385054,0.1954716303375422,0.24688148625180445,0.12850140953987405,0.1779245557456205,0.06592185946226795,0.08844368741536397,0.01790280183959575,0.03959626696645214,0.03134365281290839,0.05928767035112912,0.00300794755407314,0.01346751682092267,0.00140854964021625,0.00924238823243322,2.9564233232323337e-4,0.0021017839431787,0.0014,0.18,2851.952081,low,0.00300794755407314,0.01346751682092267,0.00140854964021625,0.00924238823243322,2.9564233232323337e-4,0.0021017839431787
Singapore,1.4251924034158745,0.36517744241537214,0.5563246413861999,0.1739084490563282,0.29277105629869743,0.1685595600045205,0.30571655162993194,0.18541214016051136,0.06592844800595185,0.05545744104595888,0.07487443735016838,0.077032621619457,0.01800919891669247,0.03042783393886176,0.00440048870308808,0.01335055092587538,0.0011726180389323,0.00371559346848448,1.1604,204.66,132617.354,mid,0.30571655162993194,0.18541214016051136,0.06592844800595185,0.05545744104595888,0.07487443735016838,0.077032621619457
Slovakia,0.4014669664634564,0.12565871947510837,0.16894248952962357,0.07732944059727279,0.09159792873403833,0.06525165764420243,0.08172548041803843,0.053248907568856,0.01853069869763066,0.01777099736868539,0.0231000471822164,0.02665776237256317,0.00454519184013537,0.00806337386930857,0.00124570427154798,0.00382009317613218,3.430296063387048e-4,0.00128949942083638,0.3082,56.55,38346.09358,mid,0.08172548041803843,0.053248907568856,0.01853069869763066,0.01777099736868539,0.0231000471822164,0.02665776237256317
Slovenia,0.20304195616740736,0.0620663377700243,0.0901147324031797,0.03902766603382166,0.04860160562404818,0.03242258674669605,0.04103013898868888,0.02675585086401821,0.01022373240536156,0.00919680719346472,0.01243037718656401,0.013323076176523981,0.00224265864538052,0.00417751470193932,7.254793153733864e-4,0.00247247974367245,1.749547594851274e-4,5.63663840158993e-4,0.1215,58.73,45914.05724,mid,0.04103013898868888,0.02675585086401821,0.01022373240536156,0.00919680719346472,0.01243037718656401,0.013323076176523981
Solomon Islands,0.00441005195154441,0.00649724283665483,9.577297133002062e-4,0.00134852628505894,6.464935854724066e-4,8.819324687394423e-4,0.00119191728967096,0.00248421899044004,9.302628096166322e-5,2.089294526066868e-4,1.6304582183116585e-4,3.375943559716863e-4,7.82652154707958e-5,6.048489003417991e-4,7.658868075962287e-6,5.2996077012418936e-5,1.925681454667116e-6,1.1258944819796317e-5,0.0021,3.26,2518.421624,low,7.82652154707958e-5,6.048489003417991e-4,7.658868075962287e-6,5.2996077012418936e-5,1.925681454667116e-6,1.1258944819796317e-5
Somalia,0.1766528244678218,0.2452396533312169,0.06982170320782699,0.10278235532343614,0.04648787490859905,0.06952926862789152,0.03961069833985339,0.08454734700760172,0.00626150911201526,0.01677663921068219,0.01172189661284083,0.02598732167106102,0.00143192538021942,0.01744232828681201,5.53755913633591e-4,0.00392403049513185,1.0458464262061526e-4,8.324981252047437e-4,0.0026,0.17,1392.46426,low,0.00143192538021942,0.01744232828681201,5.53755913633591e-4,0.00392403049513185,1.0458464262061526e-4,8.324981252047437e-4
South Africa,1.8347357936700663,0.7831701131454538,0.6090685277145724,0.4564721422120589,0.3545151256904511,0.32474947640467927,0.4016140874407914,0.2958842627084826,0.06319190795314478,0.08262903813576254,0.08787481558096777,0.1248670078319598,0.02425423216399247,0.05576286758456116,0.00484632407072463,0.01944705884071403,0.00117399118184392,0.00537333175263594,2.2861,38.86,13711.29357,mid,0.4016140874407914,0.2958842627084826,0.06319190795314478,0.08262903813576254,0.08787481558096777,0.1248670078319598
South Sudan,0,0,0,0,0,0,0,0,0,0,0,0,0,0,0,0,0,0,0.0011,0.09,NA,high,0,0,0,0,0,0
Spain,1.2970377663325543,0.341160543300067,0.28471240457485075,0.0763614586719502,0.18892113085796328,0.10389130577306188,0.2910557676860858,0.17116803215495546,0.03194102370796105,0.02602625294363281,0.04812507927165659,0.04643309088779376,0.01937805260461386,0.03858133676785681,0.00231751355851052,0.00690303695731584,7.375814782336694e-4,0.00222195695648651,8.3063,178.03,44251.66582,high,1.2970377663325543,0.341160543300067,0.28471240457485075,0.0763614586719502,0.18892113085796328,0.10389130577306188
Sri Lanka,0.8259556008515585,0.35593270668645,0.3246086327744008,0.23633394462299284,0.1952356631458649,0.17814901416256115,0.17224333050105137,0.13060220788979807,0.0347460060297971,0.04205527927203064,0.04835925849006408,0.07219418936857215,0.01009459077733173,0.02349717021650554,0.00262442562852579,0.01108233570057749,5.858174288863858e-4,0.0025355958523905,0.04,1.82,14316.13522,low,0.01009459077733173,0.02349717021650554,0.00262442562852579,0.01108233570057749,5.858174288863858e-4,0.0025355958523905
Sudan,0.8872405478559311,0.7145079216119712,0.3821770505393245,0.4628090766439056,0.24319853104740455,0.3306639846146575,0.1768330946941046,0.22203507751628945,0.03632871053709091,0.07837156788747597,0.05950881921917392,0.11503953824746473,0.00845758454541077,0.04167132524574339,0.00301556804931346,0.01776331783486931,5.906292816933743e-4,0.00393271217325913,0.0463,1.07,3248.975586,low,0.00845758454541077,0.04167132524574339,0.00301556804931346,0.01776331783486931,5.906292816933743e-4,0.00393271217325913
Suriname,0.03760251799229836,0.01541326464207799,0.01652590855421996,0.0106626669264171,0.00943782825589863,0.00795226841560267,0.00756282672848169,0.00567890827086165,0.00181051107618681,0.00212443039450191,0.00242506004374863,0.00339055781262386,4.1178601583665624e-4,8.929035959298609e-4,1.350580263413227e-4,6.016205610908687e-4,2.9505169234419253e-5,1.188415550183751e-4,0.0095,15.9,18458.235,mid,0.00756282672848169,0.00567890827086165,0.00181051107618681,0.00212443039450191,0.00242506004374863,0.00339055781262386
Sweden,2.286996231063651,0.5491990371572254,0.8174367576950597,0.1721136782086654,0.47030760660453946,0.2393702628870194,0.5010453908668223,0.2919019975647522,0.10149891570208784,0.08347493222923262,0.11973326632339572,0.11090747238920216,0.03129663236671607,0.05273260426860605,0.00655680931221821,0.01824591623697417,0.00201023685879205,0.00622294379215904,3.3758,327.04,62731.70062,high,2.286996231063651,0.5491990371572254,0.8174367576950597,0.1721136782086654,0.47030760660453946,0.2393702628870194
Switzerland,1.506532410388958,0.3604366110538691,0.657949514691798,0.15420926227226053,0.24100990324258612,0.1303218660915688,0.3201077616074012,0.19206187776759337,0.08621406597701917,0.06963106378422833,0.0607332773686977,0.05893960240419894,0.01682192974657807,0.02833826768258191,0.00549213819650975,0.01443263481477626,8.548280696185767e-4,0.00266382851118972,4.2189,493.73,81001.41112,high,1.506532410388958,0.3604366110538691,0.657949514691798,0.15420926227226053,0.24100990324258612,0.1303218660915688
Syrian Arab Republic,0.43262435218838,0.2840113873354952,0.19462481307884555,0.20670236098060343,0.11808540430438344,0.1357405140666741,0.08301983309559224,0.09069174107058622,0.01868630091209105,0.03534178001767056,0.02936014650501139,0.05598711879158546,0.00406804949561932,0.01481981789303737,0.00161880403444545,0.0097207904779375,3.675496117148392e-4,0.00190699882327642,0.028,1.66,4592.838601,low,0.00406804949561932,0.01481981789303737,0.00161880403444545,0.0097207904779375,3.675496117148392e-4,0.00190699882327642
Taiwan,2.998723355440249,0.796221397994431,1.8673124765959803,0.5508134651905305,0.7230652020183522,0.5275387066539574,0.4642846209428418,0.31318927036777355,0.16501721559532304,0.15206962588400186,0.1831237601939614,0.20770732654692936,0.02413746524952815,0.05271209906560824,0.01406013589488726,0.04841534367281537,0.00217899255770531,0.01010922125516291,6.3776,269.82,64700,high,2.998723355440249,0.796221397994431,1.8673124765959803,0.5508134651905305,0.7230652020183522,0.5275387066539574
Tajikistan,0.20272585355799133,0.14997708217528205,0.08115821829012515,0.0956716084556367,0.05115841233193634,0.06661159006896569,0.04054665503555123,0.04781168439291445,0.00777604935350299,0.01600491248386892,0.01323612934121747,0.02515239911573822,0.00221192706758305,0.00944519919941477,7.09461514417564e-4,0.00442280132810143,1.1899793017977824e-4,9.002961605783927e-4,0.0306,3.29,3985.912476,low,0.00221192706758305,0.00944519919941477,7.09461514417564e-4,0.00442280132810143,1.1899793017977824e-4,9.002961605783927e-4
Thailand,4.698188022113209,1.9295708615971556,2.112090918725445,1.3184034584513145,1.2213378349332944,1.0336920969464,0.920228740630632,0.6761165085370457,0.23379173134408104,0.2630853943462096,0.30205231718387365,0.3883850265337793,0.04834428932126141,0.1003319974463414,0.01772049037615114,0.06542048188931544,0.00390325661853249,0.01444894162787022,0.1917,2.82,20242.77,low,0.04834428932126141,0.1003319974463414,0.01772049037615114,0.06542048188931544,0.00390325661853249,0.01444894162787022
Timor-Leste,0.0308883933811177,0.01867009422343496,0.00980535820173142,0.00948103911059186,0.00615457055232263,0.00705132547798805,0.0068555102313587,0.0064453156307288,9.593822866488872e-4,0.0015977580616648,0.00147756676017634,0.0025147503091273,4.446868313291626e-4,0.00144532468385308,7.234970504455034e-5,4.103558365150801e-4,1.7796054333093756e-5,8.580457126202379e-5,7e-4,0.55,6824.792339,low,4.446868313291626e-4,0.00144532468385308,7.234970504455034e-5,4.103558365150801e-4,1.7796054333093756e-5,8.580457126202379e-5
Togo,0.2455720396937036,0.20457715438885976,0.12222307274428196,0.15585881619727807,0.07678265078427182,0.10139674413406256,0.04557826629301786,0.06119358562954247,0.0102788981911392,0.02440992004533272,0.02043717239557194,0.03933729801149491,0.00202597132337345,0.01027318388116329,9.437788792205608e-4,0.00782781074870479,1.934492698652104e-4,0.00131548576406527,0.0017,0.2,2577.201963,low,0.00202597132337345,0.01027318388116329,9.437788792205608e-4,0.00782781074870479,1.934492698652104e-4,0.00131548576406527
Tonga,0.00157086626124357,0.00113125361726297,2.975151658561374e-4,2.9817434108892973e-4,1.79781734060126e-4,1.9761133145847928e-4,4.189543805161658e-4,4.5922829514285195e-4,2.864846527558422e-5,4.98171817972437e-5,4.5187786706846755e-5,7.274266572146963e-5,2.573433611158122e-5,9.802033352145984e-5,2.4736865342563996e-6,1.2100396373285894e-5,5.292637255485429e-7,2.660977430919416e-6,0.0017,16.62,7034.92497,mid,4.189543805161658e-4,4.5922829514285195e-4,2.864846527558422e-5,4.98171817972437e-5,4.5187786706846755e-5,7.274266572146963e-5
Trinidad and Tobago,0.13335077396978778,0.04698694686174486,0.06181108305855214,0.03093788629665613,0.03373551984124558,0.02535341949289044,0.02594024341005826,0.01847883826173101,0.00675678826774692,0.00661110305219598,0.00870948111158778,0.01062624713534001,0.00138600646282344,0.0028034108293805,4.947732844120877e-4,0.00169728741489023,1.267155357657548e-4,4.703600304144946e-4,0.0737,53.4,30424.66489,mid,0.02594024341005826,0.01847883826173101,0.00675678826774692,0.00661110305219598,0.00870948111158778,0.01062624713534001
Tunisia,0.5707859115819786,0.2810564079886507,0.2521234113513866,0.1988064296129576,0.15185808590911926,0.1434009186633836,0.11397177072200916,0.09129316900391764,0.0271774942558236,0.0372867959011333,0.03785741472600643,0.05415468805941021,0.00600621025228606,0.01450543616868027,0.00189466067615276,0.00805631620662707,5.138441639521141e-4,0.00219092305284803,0.0609,5.17,12444.3264,low,0.00600621025228606,0.01450543616868027,0.00189466067615276,0.00805631620662707,5.138441639521141e-4,0.00219092305284803
Turkey,8.019571946369043,2.723752001733586,3.486691307114443,1.754039592344184,1.94093139541126,1.4370417064539505,1.6237752841209805,1.108213142031668,0.3972196597601167,0.39561164094305645,0.4990900639711652,0.5972541379954966,0.09023251034191963,0.17870000684830362,0.02927574548806327,0.1092007984344937,0.0068370501929686,0.02537432369893229,0.8299,10,31338.26652,low,0.09023251034191963,0.17870000684830362,0.02927574548806327,0.1092007984344937,0.0068370501929686,0.02537432369893229
Turkmenistan,0.24759976709045237,0.10249529843313182,0.09624095453148696,0.06643414276775321,0.05529013620778211,0.04936072701382543,0.0530494017644721,0.03762498130694203,0.0101068782177449,0.0122894697149945,0.01453978487861974,0.01962044427715499,0.00302963280226885,0.00628270084995719,7.642519546106754e-4,0.00286781362152153,1.9937303391866264e-4,9.969455491200536e-4,0.1348,22.57,16434.13991,mid,0.0530494017644721,0.03762498130694203,0.0101068782177449,0.0122894697149945,0.01453978487861974,0.01962044427715499
Tuvalu,7.781495046771877e-5,6.563614776654377e-5,1.682573011177175e-5,1.783370766503685e-5,1.0095009738760583e-5,1.2250441494312705e-5,2.0081923163391928e-5,2.5795933521616325e-5,1.500185950097654e-6,2.887699271328432e-6,2.586210575059979e-6,4.372507664022494e-6,1.2401505728974071e-6,6.048324291059133e-6,1.4315187059977502e-7,7.939972032158369e-7,2.7778265296167066e-8,1.5119542869872398e-7,1e-4,6.81,5352.978625,mid,2.0081923163391928e-5,2.5795933521616325e-5,1.500185950097654e-6,2.887699271328432e-6,2.586210575059979e-6,4.372507664022494e-6
Uganda,0.930926278110234,0.7762871705430325,0.3971277126333768,0.5037893633597653,0.25286052694628797,0.351974320428898,0.18894620099686232,0.25958529894916954,0.03679370357077725,0.08277741696385306,0.06392586681946653,0.12851057000040672,0.00886822805194313,0.04651218913011959,0.0028957670085536,0.01933016610322208,5.681019628642131e-4,0.004579979624766,0.0124,0.31,2684.920359,low,0.00886822805194313,0.04651218913011959,0.0028957670085536,0.01933016610322208,5.681019628642131e-4,0.004579979624766
Ukraine,1.9590138395286123,0.8135223074710518,0.8908504244227888,0.570067836233125,0.4919946136442473,0.4074790436375448,0.3831834396068978,0.28185151850122897,0.09326779580750864,0.1064834190923208,0.12410875197757752,0.1621075068017197,0.02134710991553475,0.04819134256969997,0.00734537728701865,0.03116982042360905,0.00175764992788533,0.00705000161725848,0.0589,1.41,17846.4082,low,0.02134710991553475,0.04819134256969997,0.00734537728701865,0.03116982042360905,0.00175764992788533,0.00705000161725848
United Arab Emirates,1.3891343494424389,0.40121713682151816,0.6166485108431905,0.22774571665087992,0.3280482037546025,0.206548528213387,0.283169073124282,0.18231555025336352,0.07218235353450926,0.06096861235264214,0.08485756978085789,0.08839963953876978,0.0157565649192425,0.02817205743334066,0.00520293878459368,0.01721820933714216,0.00129407949813079,0.00423972509494663,0.6985,64.99,67401.12129,mid,0.283169073124282,0.18231555025336352,0.07218235353450926,0.06096861235264214,0.08485756978085789,0.08839963953876978
United Kingdom of Great Britain and Northern Ireland,3.834976618091562,1.223952688620289,1.088097539570547,0.44788210766638314,1.771501353170278,0.9087138703053904,0.7566819199261173,0.5631287116160898,0.11629180048641533,0.1116660948181063,0.4512845396288376,0.4366124577329702,0.03154992618427987,0.07451356238079627,0.00749406326139151,0.02920679800023467,0.00459832612090969,0.01406198673314072,9.5769,143.22,51004.42717,high,3.834976618091562,1.223952688620289,1.088097539570547,0.44788210766638314,1.771501353170278,0.9087138703053904
United Republic of Tanzania,1.5215960508376052,0.6388796047388712,0.4673869946300844,0.3134356438864777,0.214967352381612,0.1686109775808869,0.33662691777337134,0.25191934980510666,0.04779624596815531,0.0548002260220117,0.05581756295112381,0.07363963132581663,0.02257669624124595,0.05411142229794036,0.00367428740854601,0.01536093951154673,7.030468330551351e-4,0.00230302154156032,1e-4,0.01,3493.083008,low,0.02257669624124595,0.05411142229794036,0.00367428740854601,0.01536093951154673,7.030468330551351e-4,0.00230302154156032
United States of America,63.27606770470814,15.782921213277197,22.201322052807456,5.033790613578248,16.89332977179888,8.65846470103923,13.867357847977962,8.38202284450422,2.7037145299317675,2.1741592491893407,4.315339681287537,4.11887211848916,0.7520913017343361,1.223010270588459,0.17799528816527024,0.5043654884473211,0.07195628650450932,0.22135554171685223,133.5058,405.46,71307.40173,high,63.27606770470814,15.782921213277197,22.201322052807456,5.033790613578248,16.89332977179888,8.65846470103923
Uruguay,0.32566411933986594,0.11406869031756987,0.150329255200978,0.07626019207213042,0.08121311483088027,0.06051477938704369,0.06350392981686051,0.04498881322134281,0.01662199091467953,0.01658938335528916,0.02096742949355993,0.02463692915433546,0.00338723701057816,0.0066976634007689,0.00119026525152394,0.00409185009560156,2.7417700675869496e-4,0.00104516147974688,0.1075,30.56,29431.88501,mid,0.06350392981686051,0.04498881322134281,0.01662199091467953,0.01658938335528916,0.02096742949355993,0.02463692915433546
Uzbekistan,1.117632842392762,0.5669399739892875,0.4507072086224108,0.3777084148747924,0.2674216179967524,0.2716122124519191,0.22905119821469816,0.18954299798918103,0.04384841842146873,0.06391468875698841,0.06553718623313319,0.10037214007824018,0.01296281280487634,0.03279153089887624,0.00321474191861884,0.01470287972460043,7.806429592407422e-4,0.00382870407212282,0.2183,6.61,9247.643827,low,0.01296281280487634,0.03279153089887624,0.00321474191861884,0.01470287972460043,7.806429592407422e-4,0.00382870407212282
Vanuatu,0.00266710601119523,0.0032237344504239,5.601777838530023e-4,6.911606111009845e-4,3.397810468680431e-4,4.554318300094907e-4,7.079293176430696e-4,0.00125325068917527,5.3035399802873767e-5,1.1468645235680686e-4,8.503362375082761e-5,1.6225423896916262e-4,4.642911958464927e-5,3.3132540703504536e-4,4.491776441355344e-6,2.868282675386075e-5,8.975571201213836e-7,7.568793064091304e-6,1e-4,0.51,3135.836649,low,4.642911958464927e-5,3.3132540703504536e-4,4.491776441355344e-6,2.868282675386075e-5,8.975571201213836e-7,7.568793064091304e-6
Venezuela,0,0,0,0,0,0,0,0,0,0,0,0,0,0,0,0,0,0,0.49370000000000003,17.93,NA,high,0,0,0,0,0,0
Viet Nam,3.2540971885652703,1.5255720387518823,1.240807176093223,0.976325524142663,0.7251621588837538,0.7135418078321851,0.6861128219714666,0.5283508153230543,0.12798954488063968,0.17449508460017102,0.18642091149998744,0.2772877828662288,0.04170464444961788,0.09352303609515032,0.01026103104923449,0.04487285778001947,0.00251906596352374,0.01112805837157658,0.057,0.6,12048.90199,low,0.04170464444961788,0.09352303609515032,0.01026103104923449,0.04487285778001947,0.00251906596352374,0.01112805837157658
Yemen,0,0,0,0,0,0,0,0,0,0,0,0,0,0,0,0,0,0,0.0098,0.31,NA,high,0,0,0,0,0,0
Zambia,0.4848618079138146,0.3898777857732141,0.2097130245647232,0.26342476075070304,0.1319055088562565,0.17473364198929808,0.09957669139145411,0.11847873022413972,0.02007050217709864,0.04624612220795431,0.03425267925346857,0.06310545353746609,0.00547451337397313,0.02327818903090172,0.00169537053729181,0.00904005789043222,4.181607389936035e-4,0.00235067303953609,8e-4,0.04,3503.034914,low,0.00547451337397313,0.02327818903090172,0.00169537053729181,0.00904005789043222,4.181607389936035e-4,0.00235067303953609
Zimbabwe,0.1900540974603189,0.18007446181818365,0.061121881798088,0.07697683288763711,0.03868950016453491,0.05142739820872212,0.04431694800204759,0.06737360814782783,0.00565353818318417,0.01293058731048545,0.01028070472856385,0.01996640550011624,0.00283504313000668,0.01447211128206841,5.240068080641845e-4,0.00299644479544366,1.002818399158685e-4,6.512930094737775e-4,0.0587,3.94,3184.784602,low,0.00283504313000668,0.01447211128206841,5.240068080641845e-4,0.00299644479544366,1.002818399158685e-4,6.512930094737775e-4
Global,NA,NA,NA,NA,NA,NA,NA,NA,NA,NA,NA,NA,NA,NA,NA,NA,NA,NA,NA,NA,NA,NA,159.08669238563536,17.837294210914596,58.72680781621401,6.152092469301863,42.094287482792645,9.846635423990927
