Country,Severity,selected_Mean_total_billions,selected_SD_total_billions
Afghanistan,Health,0.00129858898758324,0.01965180547371078
Afghanistan,Stage_III_IVT1_2,0.00326672424447638,0.02204458927522984
Afghanistan,Stage_IVT3,5.608792348256909e-4,0.00666287637521203
Afghanistan,Stage_IVT4,8.616140216223687e-4,0.00877890666055648
Afghanistan,Stage_I_II,0.00275172713005405,0.03079159943189283
Albania,Health,2.1697715495561093e-4,0.00100069870157853
Albania,Stage_III_IVT1_2,4.6316627447847846e-4,0.00194696248960899
Albania,Stage_IVT3,1.3300945515034275e-4,0.00122491501708753
Albania,Stage_IVT4,1.270267725516415e-4,6.975708315023498e-4
Albania,Stage_I_II,3.8987460577278254e-4,0.00175809260450156
Algeria,Health,0.00462279145662549,0.0232630830732298
Algeria,Stage_III_IVT1_2,0.01055743981457726,0.04371248040868732
Algeria,Stage_IVT3,0.00251710413971616,0.01690773167163672
Algeria,Stage_IVT4,0.0031487801182168,0.01831353794641815
Algeria,Stage_I_II,0.00872326491886209,0.04013750104998755
Andorra,Health,1.87981186378577e-4,2.3032097083709144e-4
Andorra,Stage_III_IVT1_2,6.995676368890399e-4,8.540286049613633e-4
Andorra,Stage_IVT3,2.0260532588708955e-4,3.960413353105645e-4
Andorra,Stage_IVT4,2.358874290852803e-4,5.09790069051879e-4
Andorra,Stage_I_II,3.2972263946836933e-4,3.711637688994778e-4
Angola,Health,0.00323085064912762,0.0177937196882901
Angola,Stage_III_IVT1_2,0.00545524101250986,0.0280245668987892
Angola,Stage_IVT3,0.00122186981138152,0.01337559753648832
Angola,Stage_IVT4,0.00160422447045944,0.02081706488516119
Angola,Stage_I_II,0.00564507336275464,0.03320324433927048
Antigua and Barbuda,Health,1.362147898971244e-4,1.85251659502591e-4
Antigua and Barbuda,Stage_III_IVT1_2,6.692517357118677e-4,8.102873804636083e-4
Antigua and Barbuda,Stage_IVT3,1.9841216304431576e-4,3.994035196583378e-4
Antigua and Barbuda,Stage_IVT4,2.3274833206781185e-4,5.230364909810349e-4
Antigua and Barbuda,Stage_I_II,2.3262968381017733e-4,2.7229094878344895e-4
Argentina,Health,0.09071345750799915,0.1254835387165766
Argentina,Stage_III_IVT1_2,0.32055326073709395,0.4084171010508785
Argentina,Stage_IVT3,0.09065311382666452,0.186672511010643
Argentina,Stage_IVT4,0.11213591874015504,0.249705675582041
Argentina,Stage_I_II,0.15098458086144648,0.17586037021002668
Armenia,Health,0.00303297341368947,0.0048289874668249
Armenia,Stage_III_IVT1_2,0.01035527744449608,0.01421806243405601
Armenia,Stage_IVT3,0.00303203545289016,0.00671256635293723
Armenia,Stage_IVT4,0.00366707741068513,0.00915526719314135
Armenia,Stage_I_II,0.0050237939362489,0.00663140015207793
Australia,Health,0.4189065616846294,0.2704794910661076
Australia,Stage_III_IVT1_2,2.4457800501653484,0.8441369072772709
Australia,Stage_IVT3,0.5441265163105805,0.584793202474569
Australia,Stage_IVT4,0.697129162560961,0.7782941330916966
Australia,Stage_I_II,0.8966287215072383,0.47395065176098333
Austria,Health,0.07851868542963514,0.05565781164253168
Austria,Stage_III_IVT1_2,0.4331134198547626,0.19687957864208863
Austria,Stage_IVT3,0.0961974679543584,0.10850656109148668
Austria,Stage_IVT4,0.11610063485976067,0.13827988167825592
Austria,Stage_I_II,0.17266445269893255,0.10075135086727492
Azerbaijan,Health,0.00112878511358127,0.00471579646440244
Azerbaijan,Stage_III_IVT1_2,0.00222995936209359,0.00866566415534504
Azerbaijan,Stage_IVT3,6.001483896577456e-4,0.00332898170795886
Azerbaijan,Stage_IVT4,6.446850194440298e-4,0.00387109306789355
Azerbaijan,Stage_I_II,0.0019295759379578,0.00773801287370091
Bahamas,Health,0.00198917713239604,0.00160701865210328
Bahamas,Stage_III_IVT1_2,0.02158126500118636,0.01135328920395847
Bahamas,Stage_IVT3,0.00473531221640001,0.00547375928026898
Bahamas,Stage_IVT4,0.0057515844810239,0.00744151347470379
Bahamas,Stage_I_II,0.0044301217015843,0.00292870604200485
Bahrain,Health,4.3600384800310233e-4,0.00172872254686548
Bahrain,Stage_III_IVT1_2,0.00112109334213017,0.00354832328996885
Bahrain,Stage_IVT3,3.1069519457435575e-4,0.00151558332902746
Bahrain,Stage_IVT4,3.383445406276768e-4,0.00167607383449319
Bahrain,Stage_I_II,7.404527798033777e-4,0.00249648770016889
Bangladesh,Health,0.00806209053850719,0.04431253382617033
Bangladesh,Stage_III_IVT1_2,0.03655124038731307,0.19041673639648185
Bangladesh,Stage_IVT3,0.01204265094403674,0.10603678334461056
Bangladesh,Stage_IVT4,0.00958373109062993,0.06616388469920863
Bangladesh,Stage_I_II,0.01112968911812692,0.07641642977292278
Barbados,Health,2.788075484854393e-4,4.346192791339191e-4
Barbados,Stage_III_IVT1_2,0.00158128981967264,0.00210677147447876
Barbados,Stage_IVT3,4.4634112372296975e-4,9.004854541352155e-4
Barbados,Stage_IVT4,5.502899160702538e-4,0.00121333763140596
Barbados,Stage_I_II,4.926969299973585e-4,6.509207163390519e-4
Belarus,Health,9.804145108023657e-4,0.00414179686421123
Belarus,Stage_III_IVT1_2,0.00230071613709561,0.00855703005806064
Belarus,Stage_IVT3,6.671345901158218e-4,0.00444915611106418
Belarus,Stage_IVT4,5.879422262996172e-4,0.00291548858993278
Belarus,Stage_I_II,0.00174915108255825,0.00701665739145164
Belgium,Health,0.10478871907590924,0.07408728302982387
Belgium,Stage_III_IVT1_2,0.9314266618601568,0.4180406796468655
Belgium,Stage_IVT3,0.20880166219545307,0.2308427003906283
Belgium,Stage_IVT4,0.24737162159572323,0.2928366634477267
Belgium,Stage_I_II,0.22962787290372016,0.13428916347107725
Belize,Health,5.232193090633827e-4,9.154048651917628e-4
Belize,Stage_III_IVT1_2,0.00219070331020206,0.00305416015917411
Belize,Stage_IVT3,6.140363202670909e-4,0.001481788342986
Belize,Stage_IVT4,7.177261218687629e-4,0.00169256229969571
Belize,Stage_I_II,9.246460160388016e-4,0.001350937434006
Benin,Health,6.996788705705296e-4,0.00635416294230993
Benin,Stage_III_IVT1_2,0.00284769056788983,0.01495321994800955
Benin,Stage_IVT3,5.009496529703255e-4,0.0060079405039973
Benin,Stage_IVT4,6.53524786458669e-4,0.00543703832118746
Benin,Stage_I_II,0.0010027067354611,0.01001500984098016
Bhutan,Health,8.058525315595821e-5,4.427178017309292e-4
Bhutan,Stage_III_IVT1_2,4.0444701704126336e-4,0.00165845123694703
Bhutan,Stage_IVT3,8.578502713298135e-5,5.227252224238267e-4
Bhutan,Stage_IVT4,9.86825790704307e-5,5.997262041450201e-4
Bhutan,Stage_I_II,1.2805111558146235e-4,6.303014569213807e-4
Bolivia,Health,9.913451945449635e-4,0.00599078659813719
Bolivia,Stage_III_IVT1_2,0.00240333009114862,0.01063576669662588
Bolivia,Stage_IVT3,4.991098634729725e-4,0.00397912914671388
Bolivia,Stage_IVT4,6.139934409451126e-4,0.00450318243107189
Bolivia,Stage_I_II,0.00175795972564481,0.00931412974657348
Bosnia and Herzegovina,Health,0.00303645985093377,0.00453119776779065
Bosnia and Herzegovina,Stage_III_IVT1_2,0.01181776952030958,0.01582423403557556
Bosnia and Herzegovina,Stage_IVT3,0.00344015410614389,0.0074100700176682
Bosnia and Herzegovina,Stage_IVT4,0.00421488961752467,0.01042282950331113
Bosnia and Herzegovina,Stage_I_II,0.00533494134050886,0.00670636634495047
Botswana,Health,0.00754530818858381,0.00867285342565753
Botswana,Stage_III_IVT1_2,0.005100506835581,0.0057393633003438
Botswana,Stage_IVT3,0.00123468148136637,0.00225687267047291
Botswana,Stage_IVT4,0.00169699933090052,0.00342218253171333
Botswana,Stage_I_II,0.01423491296491777,0.01487994807636627
Brazil,Health,0.37294272660062416,0.4145557203875552
Brazil,Stage_III_IVT1_2,0.5923764069765646,0.6524220220600633
Brazil,Stage_IVT3,0.15908376729384738,0.29565186705263485
Brazil,Stage_IVT4,0.18664804134346,0.3707562203836811
Brazil,Stage_I_II,0.7119499545932138,0.7286193092888292
Brunei Darussalam,Health,1.511456517327996e-4,5.758381285938684e-4
Brunei Darussalam,Stage_III_IVT1_2,2.8056905071722837e-4,9.31522088302734e-4
Brunei Darussalam,Stage_IVT3,7.670820640804358e-5,4.0596154955246016e-4
Brunei Darussalam,Stage_IVT4,8.192702454882218e-5,4.271593663825143e-4
Brunei Darussalam,Stage_I_II,2.722989254015701e-4,0.00102566522672224
Bulgaria,Health,6.949305540789514e-4,0.00286719898114323
Bulgaria,Stage_III_IVT1_2,0.00110141465597915,0.00379000301875972
Bulgaria,Stage_IVT3,3.0986371171275396e-4,0.0020341157377049
Bulgaria,Stage_IVT4,3.28672417151712e-4,0.00183002128600392
Bulgaria,Stage_I_II,0.0011900466957479,0.00431665363757799
Burkina Faso,Health,0.00118769745232167,0.01196464262686461
Burkina Faso,Stage_III_IVT1_2,0.00452774033473029,0.03199343983998535
Burkina Faso,Stage_IVT3,0.00104680791011632,0.01788977094880573
Burkina Faso,Stage_IVT4,8.876460849272503e-4,0.01109122654387722
Burkina Faso,Stage_I_II,0.00211580293822921,0.02023806363002714
Burundi,Health,6.728636560199377e-5,0.01015615896535701
Burundi,Stage_III_IVT1_2,8.192021151345327e-4,0.00845890564468661
Burundi,Stage_IVT3,1.486025364353713e-4,0.00247155301793401
Burundi,Stage_IVT4,1.7718077307776617e-4,0.00358231472689868
Burundi,Stage_I_II,6.141841684250627e-4,0.01131664204524002
Cabo Verde,Health,2.461999771225962e-5,2.0202954410417293e-4
Cabo Verde,Stage_III_IVT1_2,2.021379831119915e-4,0.00108808705701002
Cabo Verde,Stage_IVT3,3.9992063265106776e-5,4.184700291008526e-4
Cabo Verde,Stage_IVT4,6.162777085109229e-5,3.858518392108541e-4
Cabo Verde,Stage_I_II,4.497117570924523e-5,2.467174745899608e-4
Cambodia,Health,0.00110053451516857,0.00735091458613291
Cambodia,Stage_III_IVT1_2,0.00213687379694653,0.01167519738092482
Cambodia,Stage_IVT3,3.993410610941295e-4,0.00395066417852461
Cambodia,Stage_IVT4,5.539086299214405e-4,0.00334609914594076
Cambodia,Stage_I_II,0.00169909872296585,0.01097206234823064
Cameroon,Health,0.00160335219335166,0.01218512486767743
Cameroon,Stage_III_IVT1_2,0.00639759830536641,0.0423223943033613
Cameroon,Stage_IVT3,0.00134537524937475,0.01383843062082076
Cameroon,Stage_IVT4,0.00190676853084158,0.0135733927844856
Cameroon,Stage_I_II,0.00254333709011209,0.01885146809695095
Canada,Health,0.4051529254779442,0.3032967048771312
Canada,Stage_III_IVT1_2,3.469774225435686,1.2761064617132034
Canada,Stage_IVT3,0.8275513511046269,0.8987785162632717
Canada,Stage_IVT4,0.976306817582293,1.0741412391649363
Canada,Stage_I_II,0.7525771469788164,0.45880125710076414
Central African Republic,Health,6.346787104280502e-5,0.00120421274184477
Central African Republic,Stage_III_IVT1_2,1.901427649537612e-4,0.00154486206103699
Central African Republic,Stage_IVT3,3.6230376113232326e-5,4.25703033014196e-4
Central African Republic,Stage_IVT4,6.655297289838635e-5,5.517350142013635e-4
Central African Republic,Stage_I_II,2.9760602315229203e-5,0.00235478775601062
Chad,Health,8.826690159008066e-4,0.01206230745767614
Chad,Stage_III_IVT1_2,0.00264242992615062,0.02219139373136156
Chad,Stage_IVT3,4.101673422864491e-4,0.00795959750204666
Chad,Stage_IVT4,6.604902735835359e-4,0.0093253966074521
Chad,Stage_I_II,0.00186505182073033,0.01940480148403009
Chile,Health,0.003577675997437,0.01327566809477063
Chile,Stage_III_IVT1_2,0.00974556467119826,0.03052921957354951
Chile,Stage_IVT3,0.0026593724235731,0.013045161751169
Chile,Stage_IVT4,0.00269241564963719,0.01267987888512648
Chile,Stage_I_II,0.00659472839489721,0.02200271984807332
China,Health,1.5263257789143556,1.0281839523580891
China,Stage_III_IVT1_2,12.190687485064007,5.0656522840643285
China,Stage_IVT3,2.9734854976910605,3.2728479501634635
China,Stage_IVT4,3.348945174189601,3.811152642117308
China,Stage_I_II,3.3143987828639565,1.8731190135050988
Colombia,Health,0.00476157554568989,0.02016706545899303
Colombia,Stage_III_IVT1_2,0.01784188256220848,0.0702001594848764
Colombia,Stage_IVT3,0.00422946468383161,0.02709301191303302
Colombia,Stage_IVT4,0.00433108474855804,0.02317857037674686
Colombia,Stage_I_II,0.00907191650761944,0.0381625956685354
Comoros,Health,2.5683239795526925e-5,2.4936536283138325e-4
Comoros,Stage_III_IVT1_2,6.807822202577501e-5,4.913169347815501e-4
Comoros,Stage_IVT3,2.189593597035685e-5,2.6893806296225426e-4
Comoros,Stage_IVT4,2.2279637649091384e-5,2.055196942187968e-4
Comoros,Stage_I_II,4.931512194321658e-5,4.251739854539759e-4
Congo,Health,2.379454831052349e-4,0.00192069283108294
Congo,Stage_III_IVT1_2,6.461958330485887e-4,0.00324779807166509
Congo,Stage_IVT3,1.593976196717471e-4,0.00134720943756611
Congo,Stage_IVT4,1.822158956160202e-4,0.00153083841449931
Congo,Stage_I_II,4.3306145616877473e-4,0.00338557340150035
Costa Rica,Health,0.00747829368174303,0.01038935587581464
Costa Rica,Stage_III_IVT1_2,0.03745505859851928,0.04763938955310928
Costa Rica,Stage_IVT3,0.01097704493266913,0.02147053574325464
Costa Rica,Stage_IVT4,0.012980471285194,0.03148729895184734
Costa Rica,Stage_I_II,0.01304769679493252,0.01552071473635494
Croatia,Health,0.00573205145419928,0.00726234788415891
Croatia,Stage_III_IVT1_2,0.02782781783273045,0.03346462741740438
Croatia,Stage_IVT3,0.00788574777939054,0.01483107433842909
Croatia,Stage_IVT4,0.0093434244604479,0.01972546608098284
Croatia,Stage_I_II,0.01021900318474542,0.01130271200663932
Cuba,Health,0,0
Cuba,Stage_III_IVT1_2,0,0
Cuba,Stage_IVT3,0,0
Cuba,Stage_IVT4,0,0
Cuba,Stage_I_II,0,0
Cyprus,Health,2.658762974652549e-4,0.00102118108981538
Cyprus,Stage_III_IVT1_2,4.608177188095229e-4,0.00158399767053662
Cyprus,Stage_IVT3,1.2246870960902335e-4,6.902622067027106e-4
Cyprus,Stage_IVT4,1.2569022535103728e-4,5.483427852600657e-4
Cyprus,Stage_I_II,4.4085601931985745e-4,0.00147547212545923
Czechia,Health,0.06601799050183937,0.04720546669939737
Czechia,Stage_III_IVT1_2,0.45296823327849867,0.21341188980294867
Czechia,Stage_IVT3,0.10203545187949035,0.11767332171901866
Czechia,Stage_IVT4,0.1211253007727775,0.1453335388356823
Czechia,Stage_I_II,0.14305729178493903,0.08686932735298013
Côte d'Ivoire,Health,0.00209779851028943,0.01483312669541133
Côte d'Ivoire,Stage_III_IVT1_2,0.0063993366499941,0.03742029200434404
Côte d'Ivoire,Stage_IVT3,0.0019644045170395,0.01915772167509406
Côte d'Ivoire,Stage_IVT4,0.00175985645745272,0.01560570762372075
Côte d'Ivoire,Stage_I_II,0.00303081019226586,0.01824834936420032
Democratic Republic of the Congo,Health,0.00131681307643817,0.04706852113739002
Democratic Republic of the Congo,Stage_III_IVT1_2,0.00503002127994602,0.05017801620064635
Democratic Republic of the Congo,Stage_IVT3,0.00133878282570541,0.01929357191008204
Democratic Republic of the Congo,Stage_IVT4,0.00180362771845327,0.02590483808320091
Democratic Republic of the Congo,Stage_I_II,3.5898291753906815e-5,0.077348969975446
Denmark,Health,0.0520349491393168,0.0367023792115819
Denmark,Stage_III_IVT1_2,0.636644548516973,0.27458026225755094
Denmark,Stage_IVT3,0.1438675295078232,0.15871466436854956
Denmark,Stage_IVT4,0.1722671316723326,0.20077817986603477
Denmark,Stage_I_II,0.11291750196514463,0.06510505056534205
Djibouti,Health,5.0591233625198814e-5,4.469182969315257e-4
Djibouti,Stage_III_IVT1_2,1.6088073856148052e-4,8.679343017116949e-4
Djibouti,Stage_IVT3,4.383271113138922e-5,3.2559161666514285e-4
Djibouti,Stage_IVT4,5.962868834881719e-5,4.931394050992211e-4
Djibouti,Stage_I_II,1.1171921191365796e-4,7.672521838765527e-4
Dominica,Health,7.062277562203142e-5,1.0938005485838956e-4
Dominica,Stage_III_IVT1_2,3.665632791226364e-4,4.8056269124042495e-4
Dominica,Stage_IVT3,1.0576796963577412e-4,2.3600625568795115e-4
Dominica,Stage_IVT4,1.2317423686316063e-4,3.255244002394575e-4
Dominica,Stage_I_II,1.2492929092448938e-4,1.6964511434010017e-4
Dominican Republic,Health,0.00117780407076298,0.00504364165371206
Dominican Republic,Stage_III_IVT1_2,0.00304079939962518,0.01163799201818471
Dominican Republic,Stage_IVT3,8.214778774394361e-4,0.00475658591125376
Dominican Republic,Stage_IVT4,9.450992584362568e-4,0.00602702136359987
Dominican Republic,Stage_I_II,0.0021611953301955,0.0097928832032453
Ecuador,Health,0.00149270809745377,0.00686516373968176
Ecuador,Stage_III_IVT1_2,0.00333931219960748,0.01411141026060332
Ecuador,Stage_IVT3,0.00104853136864697,0.00703625180586896
Ecuador,Stage_IVT4,0.0011221569184479,0.00620818941138002
Ecuador,Stage_I_II,0.00282092634297324,0.0137021923561472
Egypt,Health,0.01328065017731456,0.05802233121095893
Egypt,Stage_III_IVT1_2,0.02163028303309684,0.09232465054524204
Egypt,Stage_IVT3,0.00514779260553177,0.03291902100437378
Egypt,Stage_IVT4,0.00579719209665616,0.03811241120206653
Egypt,Stage_I_II,0.02278069268717764,0.10127045947947358
El Salvador,Health,3.3237607706554264e-4,0.00184232657740342
El Salvador,Stage_III_IVT1_2,0.00125329135852301,0.0053395329852929
El Salvador,Stage_IVT3,2.1127988057734984e-4,0.00143766034100369
El Salvador,Stage_IVT4,2.6463661864441375e-4,0.00146687102092589
El Salvador,Stage_I_II,6.424211758579262e-4,0.00304245488516048
Equatorial Guinea,Health,2.4189068857416137e-4,0.00105269260068404
Equatorial Guinea,Stage_III_IVT1_2,4.851848491883751e-4,0.00190948266134625
Equatorial Guinea,Stage_IVT3,1.1798641860225973e-4,8.773909762849795e-4
Equatorial Guinea,Stage_IVT4,1.1815652524388884e-4,6.010462907487538e-4
Equatorial Guinea,Stage_I_II,4.3836988070458e-4,0.00182772210420948
Eritrea,Health,0,0
Eritrea,Stage_III_IVT1_2,0,0
Eritrea,Stage_IVT3,0,0
Eritrea,Stage_IVT4,0,0
Eritrea,Stage_I_II,0,0
Estonia,Health,0.00264452482798022,0.00328908748268297
Estonia,Stage_III_IVT1_2,0.00959014462948005,0.01115702810255406
Estonia,Stage_IVT3,0.00268208216536173,0.00493025979033068
Estonia,Stage_IVT4,0.00327325868067259,0.00737612438315175
Estonia,Stage_I_II,0.0046684910688872,0.00528417459787632
Eswatini,Health,1.0760436294712276e-4,5.465218845116055e-4
Eswatini,Stage_III_IVT1_2,1.0916630961737668e-4,5.441441299164727e-4
Eswatini,Stage_IVT3,2.4161485841942335e-5,2.0712729159368644e-4
Eswatini,Stage_IVT4,2.5117868617883502e-5,1.7196151277869978e-4
Eswatini,Stage_I_II,1.9182785468455175e-4,9.840237243609075e-4
Ethiopia,Health,0.00410691843088451,0.05953647454254625
Ethiopia,Stage_III_IVT1_2,0.01482968040957025,0.11688705170718114
Ethiopia,Stage_IVT3,0.00278397331952966,0.05172115243340026
Ethiopia,Stage_IVT4,0.0050232519938899,0.05299238731561318
Ethiopia,Stage_I_II,0.0070167040820393704,0.08153879166719148
Fiji,Health,7.968486701717471e-5,4.298359690311398e-4
Fiji,Stage_III_IVT1_2,3.6660705647410226e-5,1.585456629723761e-4
Fiji,Stage_IVT3,8.307085184753588e-6,6.21824213333508e-5
Fiji,Stage_IVT4,7.958163051416699e-6,4.91869319107573e-5
Fiji,Stage_I_II,1.370261262376548e-4,6.710316303105944e-4
Finland,Health,0.01524624729379905,0.01879845263890002
Finland,Stage_III_IVT1_2,0.06083886320735365,0.072807245943517
Finland,Stage_IVT3,0.01751593986048569,0.03308840194394261
Finland,Stage_IVT4,0.02029908883291603,0.04362869593721288
Finland,Stage_I_II,0.02616184547114304,0.02804646667046107
France,Health,0.4939716907455305,0.32820369420190826
France,Stage_III_IVT1_2,2.2652259182180363,0.8481688301753231
France,Stage_IVT3,0.5221767570056217,0.5675468223155679
France,Stage_IVT4,0.6728397658265861,0.7457159131503768
France,Stage_I_II,1.0436842410381155,0.5737921670490492
Gabon,Health,2.4027863772619492e-4,0.00101441318603775
Gabon,Stage_III_IVT1_2,4.356859951696778e-4,0.00172627687876108
Gabon,Stage_IVT3,1.1676561987545092e-4,7.880293684781887e-4
Gabon,Stage_IVT4,1.2911152566323286e-4,6.445603018992234e-4
Gabon,Stage_I_II,4.0264071187669735e-4,0.00158772412523787
Gambia,Health,9.954955547301392e-5,8.765703087444994e-4
Gambia,Stage_III_IVT1_2,6.694482185250432e-4,0.00418816548712671
Gambia,Stage_IVT3,1.3225365076033335e-4,0.0014306392525134
Gambia,Stage_IVT4,1.0696980433809117e-4,0.00148911090512831
Gambia,Stage_I_II,1.424724446724591e-4,0.00144740073369127
Georgia,Health,2.880293450570147e-4,0.00112506652632609
Georgia,Stage_III_IVT1_2,5.628967902446443e-4,0.00220472899665096
Georgia,Stage_IVT3,1.4579472682914123e-4,7.444118935550038e-4
Georgia,Stage_IVT4,1.5909139679856724e-4,7.572250101601676e-4
Georgia,Stage_I_II,5.482482141054896e-4,0.00221056995300623
Germany,Health,0.9300824517993088,0.6196955071416397
Germany,Stage_III_IVT1_2,6.113150613581993,2.0833601766766794
Germany,Stage_IVT3,1.1620212530820344,1.1906538573584244
Germany,Stage_IVT4,1.273587706870086,1.3267994533191103
Germany,Stage_I_II,2.108994466367573,1.1993608577973285
Ghana,Health,0.00199662601190247,0.01254734198290361
Ghana,Stage_III_IVT1_2,0.00933320810879898,0.04898513169904157
Ghana,Stage_IVT3,0.00221543232607337,0.01776594402223372
Ghana,Stage_IVT4,0.00301275535169381,0.01988156073662288
Ghana,Stage_I_II,0.00323431622476548,0.01966679478962685
Greece,Health,0.01615239234531889,0.02141037657316583
Greece,Stage_III_IVT1_2,0.05011158364390978,0.06116782751784153
Greece,Stage_IVT3,0.01465672293914096,0.02824059293257693
Greece,Stage_IVT4,0.01737774388091968,0.03805331221573726
Greece,Stage_I_II,0.02871385344059407,0.03325340575299307
Grenada,Health,1.1088121914760932e-4,1.7624214246904308e-4
Grenada,Stage_III_IVT1_2,5.645811540227793e-4,8.111723705812719e-4
Grenada,Stage_IVT3,1.6150736528381732e-4,3.633074969817387e-4
Grenada,Stage_IVT4,2.1604996372163576e-4,6.186958556762847e-4
Grenada,Stage_I_II,1.9468568943933017e-4,2.7374604460710024e-4
Guatemala,Health,0.00170406845079521,0.00798642476755345
Guatemala,Stage_III_IVT1_2,0.00453019120716358,0.02043979732483355
Guatemala,Stage_IVT3,9.4967822738349e-4,0.00812780356629312
Guatemala,Stage_IVT4,0.00125013110933539,0.00817085083115814
Guatemala,Stage_I_II,0.00274366440346545,0.01220588297409928
Guinea,Health,6.117012078226822e-4,0.00664994928620206
Guinea,Stage_III_IVT1_2,0.00307615144012363,0.02033092594757235
Guinea,Stage_IVT3,5.435447274204836e-4,0.00633867008341956
Guinea,Stage_IVT4,0.00100515528081264,0.00939506941381983
Guinea,Stage_I_II,0.00100553901545687,0.0087910652623432
Guinea-Bissau,Health,4.6237542844501675e-5,8.951506459482094e-4
Guinea-Bissau,Stage_III_IVT1_2,3.0136343389684084e-4,0.00193882470754156
Guinea-Bissau,Stage_IVT3,3.379131008698755e-5,6.629037410550941e-4
Guinea-Bissau,Stage_IVT4,6.348432510933258e-5,5.630980715220228e-4
Guinea-Bissau,Stage_I_II,1.0864006101700844e-4,0.00163339679037902
Guyana,Health,8.930612515341973e-5,3.6424312811307054e-4
Guyana,Stage_III_IVT1_2,2.137333757450575e-4,8.144042686094952e-4
Guyana,Stage_IVT3,5.849882226988365e-5,4.3892810546194505e-4
Guyana,Stage_IVT4,6.146860263563244e-5,3.965912450176757e-4
Guyana,Stage_I_II,1.5273440132452455e-4,5.976110438286238e-4
Haiti,Health,5.222917945727934e-4,0.00502836253062894
Haiti,Stage_III_IVT1_2,0.00116638896813055,0.0086040325248991
Haiti,Stage_IVT3,2.6338071996068353e-4,0.00342711038218338
Haiti,Stage_IVT4,3.2229982520675803e-4,0.0029958361243131
Haiti,Stage_I_II,5.406675769766219e-4,0.00633449067153009
Honduras,Health,6.130429659732178e-4,0.0044782884939341
Honduras,Stage_III_IVT1_2,0.0014960234189992,0.00828177724155102
Honduras,Stage_IVT3,4.477431737331995e-4,0.00355120386994807
Honduras,Stage_IVT4,4.470836141759982e-4,0.00378716814186109
Honduras,Stage_I_II,0.00100323806713778,0.00628016380678221
Hungary,Health,0.01866102315179336,0.02375169330838656
Hungary,Stage_III_IVT1_2,0.02624520659669063,0.03209485367160222
Hungary,Stage_IVT3,0.00755017875632922,0.0148987365806296
Hungary,Stage_IVT4,0.00876913294566833,0.02080145848653897
Hungary,Stage_I_II,0.03350615769490742,0.03829968781205888
Iceland,Health,0.00372127599315257,0.00258490926678306
Iceland,Stage_III_IVT1_2,0.01754980747622264,0.00796436999091848
Iceland,Stage_IVT3,0.00397701951714326,0.00440295268393838
Iceland,Stage_IVT4,0.00475268892871322,0.00543437565803163
Iceland,Stage_I_II,0.00824460818111315,0.00480235645479281
India,Health,0.06754149685313637,0.35048905387363155
India,Stage_III_IVT1_2,0.31475409197913856,1.5779228149635065
India,Stage_IVT3,0.07663042599547708,0.5904524307893498
India,Stage_IVT4,0.0851478952103503,0.5547066866068736
India,Stage_I_II,0.1362984226841825,0.779375463444945
Indonesia,Health,0.02187971812094638,0.1005934245180395
Indonesia,Stage_III_IVT1_2,0.06360314115534586,0.30700158995410004
Indonesia,Stage_IVT3,0.01519116717025102,0.09470797944061228
Indonesia,Stage_IVT4,0.01378767282073913,0.07923552015631828
Indonesia,Stage_I_II,0.03429537918330964,0.15914469499244202
Iran,Health,0.08652765196812963,0.14938699337056807
Iran,Stage_III_IVT1_2,0.39697807808357866,0.5866064361778044
Iran,Stage_IVT3,0.11408775922563158,0.25980590534489295
Iran,Stage_IVT4,0.15206946541538674,0.42732030228587137
Iran,Stage_I_II,0.15078561066126456,0.2125960355041556
Iraq,Health,0.00558327189792887,0.02962489156178092
Iraq,Stage_III_IVT1_2,0.01287848070709737,0.0551948633459348
Iraq,Stage_IVT3,0.00265545820944431,0.02157176808682089
Iraq,Stage_IVT4,0.00363346889474913,0.02182592824086203
Iraq,Stage_I_II,0.01036723141117995,0.04263870728330445
Israel,Health,0.11267047592293492,0.08366563542456294
Israel,Stage_III_IVT1_2,0.4346150683910211,0.21325788785945715
Israel,Stage_IVT3,0.09537175964935904,0.10756187567557816
Israel,Stage_IVT4,0.11718129922653615,0.14235158123859176
Israel,Stage_I_II,0.2471854604843264,0.1487988760460171
Italy,Health,0.27586829680764274,0.23630766665111705
Italy,Stage_III_IVT1_2,1.874519781433578,0.9111130275800452
Italy,Stage_IVT3,0.5502338354843492,0.636246856444597
Italy,Stage_IVT4,0.4904432882899604,0.5820302593152384
Italy,Stage_I_II,0.5287634897747743,0.4458961716192774
Jamaica,Health,0.00177566430318905,0.00342528282698518
Jamaica,Stage_III_IVT1_2,0.01072352131248568,0.0166986325591203
Jamaica,Stage_IVT3,0.00304076988157546,0.00756255920603163
Jamaica,Stage_IVT4,0.00369739488459306,0.00967988019045554
Jamaica,Stage_I_II,0.00291828953077665,0.00464459700872046
Japan,Health,0.49136410038277223,0.32432783601564463
Japan,Stage_III_IVT1_2,3.176191682233024,1.0971646073441197
Japan,Stage_IVT3,0.7201423985739216,0.7711305531982521
Japan,Stage_IVT4,0.6404302323028829,0.6908952255471078
Japan,Stage_I_II,1.0399346465620285,0.5470253891490121
Jordan,Health,0.00103885890501997,0.00532592950157999
Jordan,Stage_III_IVT1_2,0.00255284333279034,0.01171075190502
Jordan,Stage_IVT3,5.030407998605267e-4,0.00371275313152165
Jordan,Stage_IVT4,7.014901563564639e-4,0.0046003842373319
Jordan,Stage_I_II,0.00170633938809796,0.00939525950908641
Kazakhstan,Health,0.00342040180286647,0.01306732818849906
Kazakhstan,Stage_III_IVT1_2,0.00561146035235971,0.01982274256800979
Kazakhstan,Stage_IVT3,0.00126571471302625,0.00711340964694443
Kazakhstan,Stage_IVT4,0.0014205076874225,0.00636097125706979
Kazakhstan,Stage_I_II,0.00654050967954995,0.02477767977071865
Kenya,Health,0.00274938389040058,0.0214621127670687
Kenya,Stage_III_IVT1_2,0.0125841798246095,0.0698530729350414
Kenya,Stage_IVT3,0.00220987649988792,0.02075540683628085
Kenya,Stage_IVT4,0.00306671081464957,0.02425248775820478
Kenya,Stage_I_II,0.00540764683746739,0.03323607807440901
Kiribati,Health,5.524260569193704e-6,5.836664748713936e-5
Kiribati,Stage_III_IVT1_2,2.223958541848985e-6,1.6448675267553556e-5
Kiribati,Stage_IVT3,4.257179908717081e-7,4.714935306652636e-6
Kiribati,Stage_IVT4,4.660974095872668e-7,7.769452941832274e-6
Kiribati,Stage_I_II,1.1137066048519776e-5,1.0496005582020235e-4
Kuwait,Health,0.01354943827951767,0.01649732840206301
Kuwait,Stage_III_IVT1_2,0.05977547585466548,0.07039909278190487
Kuwait,Stage_IVT3,0.01709769942490931,0.03247186618872469
Kuwait,Stage_IVT4,0.02005591189047158,0.04105352925310977
Kuwait,Stage_I_II,0.02348496586889352,0.02523486355685439
Kyrgyzstan,Health,4.198877977408128e-4,0.00297277223135053
Kyrgyzstan,Stage_III_IVT1_2,6.18761007753047e-4,0.00351855540544479
Kyrgyzstan,Stage_IVT3,1.1060975307722726e-4,0.00128467132245292
Kyrgyzstan,Stage_IVT4,1.7026805115501263e-4,0.00139927105803093
Kyrgyzstan,Stage_I_II,6.235055274040783e-4,0.00409944530641606
Lao People's Democratic Republic,Health,5.546697150903838e-4,0.00346547776194775
Lao People's Democratic Republic,Stage_III_IVT1_2,6.404759135873215e-4,0.00319253519686574
Lao People's Democratic Republic,Stage_IVT3,1.279660619139278e-4,0.00113173604854072
Lao People's Democratic Republic,Stage_IVT4,1.757611211463633e-4,0.00115790822414829
Lao People's Democratic Republic,Stage_I_II,7.755162029094599e-4,0.00432213564555535
Latvia,Health,0.00251932105554442,0.00325701152342454
Latvia,Stage_III_IVT1_2,0.00969664096300566,0.01196404130152072
Latvia,Stage_IVT3,0.00273793921031972,0.0052594778924191
Latvia,Stage_IVT4,0.00318097853458231,0.00644534857977171
Latvia,Stage_I_II,0.00437109502093372,0.00500298980298854
Lebanon,Health,0.00984602944296739,0.01698990909376356
Lebanon,Stage_III_IVT1_2,0.0424657796203579,0.06275317154345234
Lebanon,Stage_IVT3,0.01219081884952337,0.02971498062197935
Lebanon,Stage_IVT4,0.01520797491848027,0.04368154048975137
Lebanon,Stage_I_II,0.01708991458580893,0.02533272604937848
Lesotho,Health,5.8162050978843566e-5,5.752069149338729e-4
Lesotho,Stage_III_IVT1_2,7.902456912537672e-5,5.293122808994197e-4
Lesotho,Stage_IVT3,1.1599753081490296e-5,2.3788259109164072e-4
Lesotho,Stage_IVT4,2.03241881283828e-5,2.380142793882567e-4
Lesotho,Stage_I_II,7.980239394114673e-5,0.00125834724047889
Liberia,Health,7.084985878402297e-5,0.00193987463315151
Liberia,Stage_III_IVT1_2,6.590777697282544e-4,0.00658865202310168
Liberia,Stage_IVT3,1.370478652583879e-4,0.00274352802128451
Liberia,Stage_IVT4,1.993114934847416e-4,0.00252204888024486
Liberia,Stage_I_II,9.209823741638104e-5,0.00330973660190932
Libya,Health,6.096274766154053e-4,0.0028964030665652
Libya,Stage_III_IVT1_2,0.00176789268052076,0.00746029099799232
Libya,Stage_IVT3,3.9513402624433944e-4,0.00270866608809284
Libya,Stage_IVT4,4.572624465030783e-4,0.00264904106535837
Libya,Stage_I_II,0.00103122862829833,0.00530340357659541
Lithuania,Health,0.00519917429529233,0.00641925551498861
Lithuania,Stage_III_IVT1_2,0.0209464147692529,0.02476006871064509
Lithuania,Stage_IVT3,0.00606908927964577,0.01218345799287489
Lithuania,Stage_IVT4,0.00706406943411444,0.01505189426187269
Lithuania,Stage_I_II,0.00917201891195108,0.01041887464041736
Luxembourg,Health,0.01265289769424293,0.00868746572404233
Luxembourg,Stage_III_IVT1_2,0.06448842793410627,0.02692715611369545
Luxembourg,Stage_IVT3,0.01451080381682068,0.01612830170851955
Luxembourg,Stage_IVT4,0.0171796458790673,0.02009197462117894
Luxembourg,Stage_I_II,0.02776327380850824,0.01614815746980001
Madagascar,Health,7.331242149930221e-4,0.01912330109268112
Madagascar,Stage_III_IVT1_2,8.641950205686891e-4,0.00779622196917745
Madagascar,Stage_IVT3,1.2979916645516212e-4,0.00268367642635326
Madagascar,Stage_IVT4,2.982648601304466e-4,0.00332778715740939
Madagascar,Stage_I_II,0.00170538016138587,0.03237570148056256
Malawi,Health,2.966517522874629e-5,0.00808421737500491
Malawi,Stage_III_IVT1_2,0.00165372898356586,0.01156672531209854
Malawi,Stage_IVT3,2.864120978416364e-4,0.00438814043198849
Malawi,Stage_IVT4,3.645910156747563e-4,0.00343251568030111
Malawi,Stage_I_II,9.83995206217262e-4,0.01515201152829538
Malaysia,Health,0.00568407086113589,0.02249667726348656
Malaysia,Stage_III_IVT1_2,0.00934486037282413,0.03524859462452609
Malaysia,Stage_IVT3,0.00258038545698208,0.01565054540985542
Malaysia,Stage_IVT4,0.00240594220356649,0.01204204778495941
Malaysia,Stage_I_II,0.0110740309705905,0.04344267904634114
Maldives,Health,6.806453281160552e-5,3.1944071512840516e-4
Maldives,Stage_III_IVT1_2,1.2084983681454722e-4,4.972028292317279e-4
Maldives,Stage_IVT3,3.045318966001978e-5,2.0996459506639277e-4
Maldives,Stage_IVT4,3.343646495666695e-5,1.7624590068195768e-4
Maldives,Stage_I_II,1.211281894369622e-4,5.205886070154146e-4
Mali,Health,0.00136186947092787,0.01492859306282342
Mali,Stage_III_IVT1_2,0.00436871795147639,0.03611933501510642
Mali,Stage_IVT3,6.103620830980416e-4,0.00981952332214627
Mali,Stage_IVT4,0.00129817478868204,0.0118125858538608
Mali,Stage_I_II,0.0023131482747723,0.02481324575605313
Malta,Health,0.00125273843577802,0.00154206766719701
Malta,Stage_III_IVT1_2,0.00311589690830351,0.00376141053107939
Malta,Stage_IVT3,8.985915728156613e-4,0.00174611583383782
Malta,Stage_IVT4,0.00103119148764401,0.00219171155119754
Malta,Stage_I_II,0.00221517597218649,0.0023767947718171
Marshall Islands,Health,3.685982111298114e-6,2.6592363717667047e-5
Marshall Islands,Stage_III_IVT1_2,1.5957383701561392e-6,9.372905561198975e-6
Marshall Islands,Stage_IVT3,3.399037413390012e-7,3.4488539009368627e-6
Marshall Islands,Stage_IVT4,3.827406240619477e-7,2.8973724803839347e-6
Marshall Islands,Stage_I_II,7.504788262588134e-6,4.543845216247094e-5
Mauritania,Health,3.121718161659888e-4,0.00195833577080979
Mauritania,Stage_III_IVT1_2,0.00100615006331665,0.00518431301594204
Mauritania,Stage_IVT3,2.645059041002569e-4,0.00216215956101144
Mauritania,Stage_IVT4,2.6102956847826405e-4,0.0018385627967369
Mauritania,Stage_I_II,5.611683042747365e-4,0.00333133174257249
Mauritius,Health,1.272434338661616e-4,5.690039445962225e-4
Mauritius,Stage_III_IVT1_2,2.4839286003844357e-4,9.30825515623186e-4
Mauritius,Stage_IVT3,5.58811262877306e-5,3.391336498841094e-4
Mauritius,Stage_IVT4,7.308135700033256e-5,4.329101617568467e-4
Mauritius,Stage_I_II,2.1781533603120585e-4,8.117043751733167e-4
Mexico,Health,0.2104304799386041,0.3020772050339388
Mexico,Stage_III_IVT1_2,0.9912560139429086,1.2970774693001053
Mexico,Stage_IVT3,0.2691753178545872,0.5744957472705093
Mexico,Stage_IVT4,0.32050691298700607,0.7548260826053389
Mexico,Stage_I_II,0.3615849601338494,0.4426275778069511
Micronesia (Federated States of),Health,NA,NA
Micronesia (Federated States of),Stage_III_IVT1_2,NA,NA
Micronesia (Federated States of),Stage_IVT3,NA,NA
Micronesia (Federated States of),Stage_IVT4,NA,NA
Micronesia (Federated States of),Stage_I_II,NA,NA
Monaco,Health,0,0
Monaco,Stage_III_IVT1_2,0,0
Monaco,Stage_IVT3,0,0
Monaco,Stage_IVT4,0,0
Monaco,Stage_I_II,0,0
Mongolia,Health,3.4237574358147543e-4,0.00152853617694388
Mongolia,Stage_III_IVT1_2,5.273410309391229e-4,0.00228695861813227
Mongolia,Stage_IVT3,1.3698987861092274e-4,9.157808019500236e-4
Mongolia,Stage_IVT4,1.422732447554657e-4,8.393567392648488e-4
Mongolia,Stage_I_II,6.546637903211291e-4,0.00285932809375628
Montenegro,Health,6.876672337011385e-5,3.0586445842663117e-4
Montenegro,Stage_III_IVT1_2,1.2779119486960394e-4,4.498607523302534e-4
Montenegro,Stage_IVT3,3.2773363049511724e-5,1.9827643898746904e-4
Montenegro,Stage_IVT4,3.753768261307719e-5,1.762186023701185e-4
Montenegro,Stage_I_II,1.1509508924631593e-4,4.378723500176552e-4
Morocco,Health,0.00219183410702463,0.01329102577701808
Morocco,Stage_III_IVT1_2,0.00757671044222677,0.03585866802866983
Morocco,Stage_IVT3,0.00139276715459908,0.01204880060460658
Morocco,Stage_IVT4,0.00182240874662025,0.01178608766120348
Morocco,Stage_I_II,0.00353294395886845,0.020130815628296
Mozambique,Health,2.4354678741101755e-4,0.01978599249893266
Mozambique,Stage_III_IVT1_2,0.00186739832348249,0.01381204400016443
Mozambique,Stage_IVT3,2.4739554549537687e-4,0.00646705183096082
Mozambique,Stage_IVT4,7.841221647107125e-4,0.01114475666185613
Mozambique,Stage_I_II,0.0012671439383179,0.02010390943580086
Myanmar,Health,0.00213189977224044,0.01940289660595805
Myanmar,Stage_III_IVT1_2,0.00474376784892898,0.02116376503035978
Myanmar,Stage_IVT3,7.463501141507707e-4,0.00642524591186856
Myanmar,Stage_IVT4,0.00110085009636469,0.01092680971163782
Myanmar,Stage_I_II,0.00432817011383631,0.03158992039965463
Namibia,Health,2.0683772876340585e-4,0.0012746558849204
Namibia,Stage_III_IVT1_2,2.5464239150062914e-4,0.00125910290459431
Namibia,Stage_IVT3,6.193655187849798e-5,4.83016746737487e-4
Namibia,Stage_IVT4,8.327212768136286e-5,5.500408839505035e-4
Namibia,Stage_I_II,4.555736718536311e-4,0.00202845962334984
Nauru,Health,1.9078291658332183e-5,3.297051303782772e-5
Nauru,Stage_III_IVT1_2,9.09713530455478e-6,1.323628285461816e-5
Nauru,Stage_IVT3,2.606997087849039e-6,6.259142034449376e-6
Nauru,Stage_IVT4,2.981014157691286e-6,7.862909646829145e-6
Nauru,Stage_I_II,3.256900845011529e-5,4.6510484710490055e-5
Nepal,Health,7.607186425707254e-4,0.00917881204682801
Nepal,Stage_III_IVT1_2,0.00517253037035731,0.02928734641976885
Nepal,Stage_IVT3,8.985723135139957e-4,0.00860354998222816
Nepal,Stage_IVT4,0.00107904960988492,0.0105135243469926
Nepal,Stage_I_II,0.00160404121794186,0.01335637797621948
Netherlands,Health,0.05518896512662088,0.06631330716662491
Netherlands,Stage_III_IVT1_2,0.13233342451554403,0.15733431002779302
Netherlands,Stage_IVT3,0.03749021745773238,0.06973092178351523
Netherlands,Stage_IVT4,0.04420948739357353,0.09600302207791216
Netherlands,Stage_I_II,0.09636026877059028,0.10366859399048266
New Zealand,Health,0.01339573684387635,0.01644921675624451
New Zealand,Stage_III_IVT1_2,0.04690270534225512,0.05587343785957507
New Zealand,Stage_IVT3,0.01360476932790619,0.02706027451303452
New Zealand,Stage_IVT4,0.01616302110267751,0.03540769411756555
New Zealand,Stage_I_II,0.02339486169215778,0.02566071020905298
Nicaragua,Health,2.825390547686595e-4,0.00183370528516939
Nicaragua,Stage_III_IVT1_2,0.00129282748840751,0.00629095560646868
Nicaragua,Stage_IVT3,2.326414053926396e-4,0.0021037242302717
Nicaragua,Stage_IVT4,3.4097771371322503e-4,0.00223464262946592
Nicaragua,Stage_I_II,6.241852871940667e-4,0.00377569355227745
Niger,Health,0.00119829614189407,0.0282492237196725
Niger,Stage_III_IVT1_2,0.00175719159744884,0.01262735924759507
Niger,Stage_IVT3,3.182129325829204e-4,0.00487139307002164
Niger,Stage_IVT4,3.2184160426654767e-4,0.00575115137260566
Niger,Stage_I_II,0.00234738831745838,0.03323700060548074
Nigeria,Health,0.02050053960347051,0.15432293288247634
Nigeria,Stage_III_IVT1_2,0.01870241951478451,0.1015442465409004
Nigeria,Stage_IVT3,0.00345792048789266,0.03151211799084968
Nigeria,Stage_IVT4,0.00465655216192398,0.0305254613060254
Nigeria,Stage_I_II,0.03533168607397734,0.2603813145374096
North Korea,Health,0,0
North Korea,Stage_III_IVT1_2,0,0
North Korea,Stage_IVT3,0,0
North Korea,Stage_IVT4,0,0
North Korea,Stage_I_II,0,0
North Macedonia,Health,1.849574794707267e-4,7.664143464907708e-4
North Macedonia,Stage_III_IVT1_2,4.87253686868627e-4,0.00180151213938417
North Macedonia,Stage_IVT3,1.5276946652908598e-4,0.00116515195682494
North Macedonia,Stage_IVT4,1.3105260743351968e-4,7.421349435001008e-4
North Macedonia,Stage_I_II,3.316080296630343e-4,0.00124659541034825
Norway,Health,0.07211244162506769,0.0499238371497407
Norway,Stage_III_IVT1_2,0.647839886021477,0.26951270594232685
Norway,Stage_IVT3,0.14447410300322117,0.16170093639076238
Norway,Stage_IVT4,0.17056886857174886,0.19718488813354
Norway,Stage_I_II,0.15564867832544593,0.0902865209984084
Oman,Health,0.01696618065722117,0.02154668605006577
Oman,Stage_III_IVT1_2,0.06148752298397212,0.07743647515988639
Oman,Stage_IVT3,0.01770516649059178,0.03472809972357735
Oman,Stage_IVT4,0.0206529380058567,0.04679664241871763
Oman,Stage_I_II,0.0305219554663311,0.03483902969035644
Pakistan,Health,0.01133656063386886,0.07135900924171694
Pakistan,Stage_III_IVT1_2,0.05284377587640799,0.3025739355053921
Pakistan,Stage_IVT3,0.0093829039637966,0.09176524969114304
Pakistan,Stage_IVT4,0.0162504068131728,0.1151617478860509
Pakistan,Stage_I_II,0.01563949009749602,0.10728124843131448
Palau,Health,2.0070063592180437e-5,3.2297967045666214e-5
Palau,Stage_III_IVT1_2,1.828568448913807e-5,2.6459367162954495e-5
Palau,Stage_IVT3,4.909256980984886e-6,1.0858432260405064e-5
Palau,Stage_IVT4,6.327750269771175e-6,1.4781355370199476e-5
Palau,Stage_I_II,3.4900169089273705e-5,4.763034145691012e-5
Panama,Health,0.01014699422349765,0.01343297596315928
Panama,Stage_III_IVT1_2,0.04000896728518958,0.05037032442911432
Panama,Stage_IVT3,0.01113350544066969,0.02255690664847347
Panama,Stage_IVT4,0.01428941711668873,0.03349561031465142
Panama,Stage_I_II,0.01803058905438056,0.02072724579816178
Papua New Guinea,Health,5.051751334634761e-4,0.00507027415658028
Papua New Guinea,Stage_III_IVT1_2,2.228874328105854e-4,0.00150643815141217
Papua New Guinea,Stage_IVT3,5.440696812471357e-5,4.4827069084876e-4
Papua New Guinea,Stage_IVT4,3.640903750227083e-5,3.7077073207599e-4
Papua New Guinea,Stage_I_II,0.00108827349477492,0.00897964259202518
Paraguay,Health,7.178166738538416e-4,0.00341669371318137
Paraguay,Stage_III_IVT1_2,0.00185469950491511,0.00835915003534898
Paraguay,Stage_IVT3,4.186535676093661e-4,0.00326906778727096
Paraguay,Stage_IVT4,5.343524681235217e-4,0.00299429969952979
Paraguay,Stage_I_II,0.00124292653639583,0.00491749674424758
Peru,Health,0.00349784625721958,0.01706095149348579
Peru,Stage_III_IVT1_2,0.00830710219097872,0.03734866955076355
Peru,Stage_IVT3,0.00192639017929151,0.01276030058953168
Peru,Stage_IVT4,0.00220131462224934,0.01285893154705472
Peru,Stage_I_II,0.00657275233050368,0.02740125987195353
Philippines,Health,0.00912073258006413,0.05228597669029279
Philippines,Stage_III_IVT1_2,0.00639766319214179,0.03177781781169601
Philippines,Stage_IVT3,0.00153520044823207,0.01229490554677169
Philippines,Stage_IVT4,0.00150942122418614,0.01086963293920415
Philippines,Stage_I_II,0.01527132314889192,0.07706970888467883
Poland,Health,0.06176177544071404,0.07979373681734286
Poland,Stage_III_IVT1_2,0.2524336321464732,0.309100556053958
Poland,Stage_IVT3,0.0727972877506304,0.14576126204375855
Poland,Stage_IVT4,0.08354012866629834,0.1759422759925865
Poland,Stage_I_II,0.10779982606330347,0.11945706730601138
Portugal,Health,0.01868720245003714,0.02404604881413537
Portugal,Stage_III_IVT1_2,0.05112878809704605,0.06260091375188442
Portugal,Stage_IVT3,0.01419023226559123,0.02740871856233165
Portugal,Stage_IVT4,0.01797798982290709,0.04077866989340804
Portugal,Stage_I_II,0.03291532711242464,0.03659099155262304
Qatar,Health,0.01741970905580068,0.02136214684884645
Qatar,Stage_III_IVT1_2,0.0681215400922239,0.07899066809829951
Qatar,Stage_IVT3,0.01982690115774323,0.03647464303402714
Qatar,Stage_IVT4,0.02288536637939957,0.04880498051774288
Qatar,Stage_I_II,0.03008828647189092,0.03172466405446187
Republic of Ireland,Health,0.03106765520487957,0.03688334208730404
Republic of Ireland,Stage_III_IVT1_2,0.04072030662312159,0.04712427916778461
Republic of Ireland,Stage_IVT3,0.01193133402265445,0.0228556912354445
Republic of Ireland,Stage_IVT4,0.01342696948686699,0.02901319731059712
Republic of Ireland,Stage_I_II,0.05385472189679163,0.05687238855501473
Republic of Korea,Health,0.13208392629964963,0.10341277244136676
Republic of Korea,Stage_III_IVT1_2,1.3898680461340256,0.4338448137042924
Republic of Korea,Stage_IVT3,0.31501031155386705,0.3358638123847019
Republic of Korea,Stage_IVT4,0.4208443750423178,0.464839450611394
Republic of Korea,Stage_I_II,0.22782622106864148,0.1527899377218483
Republic of Moldova,Health,1.996391330386036e-4,8.177131098470442e-4
Republic of Moldova,Stage_III_IVT1_2,6.646903686209559e-4,0.0025394522515655
Republic of Moldova,Stage_IVT3,1.6746569351924366e-4,0.00124953992543091
Republic of Moldova,Stage_IVT4,1.475249066419935e-4,7.700461963722411e-4
Republic of Moldova,Stage_I_II,3.600657962424611e-4,0.00147701093200379
Romania,Health,0.03081562337047794,0.03888729972226933
Romania,Stage_III_IVT1_2,0.09801418690473312,0.11836164783423588
Romania,Stage_IVT3,0.02775625135276733,0.05343191523940897
Romania,Stage_IVT4,0.03198882328787163,0.06855546135373257
Romania,Stage_I_II,0.05382847643110115,0.06181359467967221
Russian Federation,Health,0.01956892138026678,0.07467734305494195
Russian Federation,Stage_III_IVT1_2,0.0466648632366952,0.1546241811974085
Russian Federation,Stage_IVT3,0.01138892841185567,0.06029940694303713
Russian Federation,Stage_IVT4,0.01188025745777262,0.0512551378578031
Russian Federation,Stage_I_II,0.03467609897130151,0.1234127108820998
Rwanda,Health,2.927045275035228e-4,0.00126224124323049
Rwanda,Stage_III_IVT1_2,3.2894991676410466e-4,0.00125733248134113
Rwanda,Stage_IVT3,1.0621130585381552e-4,6.730468719577304e-4
Rwanda,Stage_IVT4,1.0606328555291762e-4,5.245630047399573e-4
Rwanda,Stage_I_II,4.845002382551029e-4,0.00188850140481746
Saint Kitts and Nevis,Health,1.8085956821830944e-4,1.4494101271091882e-4
Saint Kitts and Nevis,Stage_III_IVT1_2,0.0022719823004671,0.00123274755950572
Saint Kitts and Nevis,Stage_IVT3,5.026642546475218e-4,5.962672121137645e-4
Saint Kitts and Nevis,Stage_IVT4,6.23270206935837e-4,8.08099279530468e-4
Saint Kitts and Nevis,Stage_I_II,3.958431633249817e-4,2.730543751720726e-4
Saint Lucia,Health,2.1415573417470765e-4,3.170691280171737e-4
Saint Lucia,Stage_III_IVT1_2,0.00112509320841815,0.00146429735624945
Saint Lucia,Stage_IVT3,3.217541394951873e-4,7.250080433989655e-4
Saint Lucia,Stage_IVT4,3.927699306130492e-4,9.291338548724224e-4
Saint Lucia,Stage_I_II,3.5294066861386186e-4,4.510425306410946e-4
Saint Vincent and the Grenadines,Health,1.050934378921849e-4,1.604303100575637e-4
Saint Vincent and the Grenadines,Stage_III_IVT1_2,5.185335826956015e-4,7.053047488053873e-4
Saint Vincent and the Grenadines,Stage_IVT3,1.41837438166245e-4,3.0745539274952256e-4
Saint Vincent and the Grenadines,Stage_IVT4,1.725442539592429e-4,3.9162748305858e-4
Saint Vincent and the Grenadines,Stage_I_II,1.7700147604709138e-4,2.2811066864542745e-4
Samoa,Health,1.7329281775344668e-5,1.163942127170022e-4
Samoa,Stage_III_IVT1_2,6.301499357329303e-6,3.1007164244792154e-5
Samoa,Stage_IVT3,1.3997875004139671e-6,1.2697449920673176e-5
Samoa,Stage_IVT4,1.6767833961575156e-6,1.1536844160391614e-5
Samoa,Stage_I_II,3.1963637586041755e-5,2.121179312700265e-4
San Marino,Health,2.9014559186000605e-4,2.0490516452872484e-4
San Marino,Stage_III_IVT1_2,0.00200157840419741,9.05650731975854e-4
San Marino,Stage_IVT3,4.488980975120634e-4,5.044174555535885e-4
San Marino,Stage_IVT4,5.365178213276356e-4,6.330172797142515e-4
San Marino,Stage_I_II,6.419059776563987e-4,3.758328699737663e-4
Sao Tome and Principe,Health,7.591347578948609e-6,6.670306356386309e-5
Sao Tome and Principe,Stage_III_IVT1_2,4.1656135004523066e-5,2.0730428017148725e-4
Sao Tome and Principe,Stage_IVT3,1.0374275704403829e-5,1.035830161919355e-4
Sao Tome and Principe,Stage_IVT4,1.2640881201722412e-5,1.05804103780252e-4
Sao Tome and Principe,Stage_I_II,2.0719683558669953e-5,1.349293302400931e-4
Saudi Arabia,Health,0.01054365761207236,0.04050380280153321
Saudi Arabia,Stage_III_IVT1_2,0.01834636207307751,0.06069418991098635
Saudi Arabia,Stage_IVT3,0.00510162986195789,0.03092564172159093
Saudi Arabia,Stage_IVT4,0.00485681953879797,0.02241936629913814
Saudi Arabia,Stage_I_II,0.01921287154165998,0.07203315399668876
Senegal,Health,7.884755230912651e-4,0.00599155231671607
Senegal,Stage_III_IVT1_2,0.0038686145190267,0.02496162019764182
Senegal,Stage_IVT3,6.560597003903321e-4,0.00811274253312043
Senegal,Stage_IVT4,8.483787669704296e-4,0.00601486099475394
Senegal,Stage_I_II,0.00150758779744479,0.01321161682748738
Serbia,Health,0.0102921771853156,0.01479741895055132
Serbia,Stage_III_IVT1_2,0.03580175081042307,0.04642026046575649
Serbia,Stage_IVT3,0.01051242691102553,0.02253126611429846
Serbia,Stage_IVT4,0.0125735854640663,0.03086545786668334
Serbia,Stage_I_II,0.01795661826598796,0.02151307078137894
Seychelles,Health,1.5513377128710803e-5,6.826033887094534e-5
Seychelles,Stage_III_IVT1_2,2.219945879959737e-5,7.492286845291708e-5
Seychelles,Stage_IVT3,5.975621466430855e-6,3.415571076307144e-5
Seychelles,Stage_IVT4,6.2658333988731635e-6,3.609831651739046e-5
Seychelles,Stage_I_II,2.843416045199709e-5,1.1042834264306844e-4
Sierra Leone,Health,2.5160052203028455e-4,0.00312436328614309
Sierra Leone,Stage_III_IVT1_2,0.00230291072372954,0.01398848520399284
Sierra Leone,Stage_IVT3,2.9131474931427283e-4,0.00435980422333564
Sierra Leone,Stage_IVT4,5.803228543261617e-4,0.00482319860861254
Sierra Leone,Stage_I_II,3.9993439037504735e-4,0.00491044070927941
Singapore,Health,0.04499013128783736,0.05322671110957452
Singapore,Stage_III_IVT1_2,0.11854209774098246,0.139161728640668
Singapore,Stage_IVT3,0.03405196980057979,0.06478214383744432
Singapore,Stage_IVT4,0.03917201665823663,0.08339930306822288
Singapore,Stage_I_II,0.0800114135213976,0.08572820298024993
Slovakia,Health,0.00949275646555153,0.01201749176168003
Slovakia,Stage_III_IVT1_2,0.02954090939337714,0.03537928660624771
Slovakia,Stage_IVT3,0.00886875010481307,0.01743414456290108
Slovakia,Stage_IVT4,0.01034853967034041,0.02535870815014391
Slovakia,Stage_I_II,0.01641965826971114,0.01818094186474916
Slovenia,Health,0.00404296884902781,0.00496301121438326
Slovenia,Stage_III_IVT1_2,0.01630113216813649,0.01978678410619539
Slovenia,Stage_IVT3,0.00462238291710445,0.00920053507513679
Slovenia,Stage_IVT4,0.00551853372986001,0.01135056653421299
Slovenia,Stage_I_II,0.00709370505387169,0.00779249056841809
Solomon Islands,Health,3.2375597291480274e-5,2.9605398788304187e-4
Solomon Islands,Stage_III_IVT1_2,9.768355932914158e-6,6.517307058148468e-5
Solomon Islands,Stage_IVT3,1.0792200140354108e-6,2.733262076822434e-5
Solomon Islands,Stage_IVT4,1.4356280479495371e-6,2.057182723179061e-5
Solomon Islands,Stage_I_II,3.516383451707941e-5,4.5410038751667113e-4
Somalia,Health,5.389202048037589e-4,0.01173842775708001
Somalia,Stage_III_IVT1_2,6.111360309243321e-4,0.00646567614443965
Somalia,Stage_IVT3,8.281759678627231e-5,0.00202239418973728
Somalia,Stage_IVT4,1.90799084388157e-4,0.00193730985869375
Somalia,Stage_I_II,1.94317619920142e-4,0.01818232960788672
South Africa,Health,0.08577035308114393,0.1411424912730667
South Africa,Stage_III_IVT1_2,0.1350193681134232,0.191209851797614
South Africa,Stage_IVT3,0.03861172343910405,0.08651861200542314
South Africa,Stage_IVT4,0.04768566718748977,0.12018024625741797
South Africa,Stage_I_II,0.14622077664395697,0.2055849966021606
South Sudan,Health,0,0
South Sudan,Stage_III_IVT1_2,0,0
South Sudan,Stage_IVT3,0,0
South Sudan,Stage_IVT4,0,0
South Sudan,Stage_I_II,0,0
Spain,Health,0.2096249548698131,0.13839269388510997
Spain,Stage_III_IVT1_2,0.34124275834024287,0.13120582155713578
Spain,Stage_IVT3,0.07813406470603636,0.0841565426888507
Spain,Stage_IVT4,0.09535591757814428,0.10825664136840056
Spain,Stage_I_II,0.4934867940705313,0.26839710704532477
Sri Lanka,Health,0.00175473978673558,0.00875343280335021
Sri Lanka,Stage_III_IVT1_2,0.00327602254776592,0.01404864083278382
Sri Lanka,Stage_IVT3,7.993615563363062e-4,0.00531990065062954
Sri Lanka,Stage_IVT4,7.598343031850876e-4,0.00368678935834298
Sri Lanka,Stage_I_II,0.00316625310424401,0.01496398344935257
Sudan,Health,0.00137774510616469,0.01955315498076372
Sudan,Stage_III_IVT1_2,0.00390429131007069,0.02904301710515298
Sudan,Stage_IVT3,8.115416502007742e-4,0.00867493830745613
Sudan,Stage_IVT4,0.00122067179538386,0.01000307586522826
Sudan,Stage_I_II,0.00333751421409744,0.03332010380152886
Suriname,Health,8.015574001187439e-4,0.00122428995353807
Suriname,Stage_III_IVT1_2,0.00332715507981526,0.00440702021488267
Suriname,Stage_IVT3,0.0010041216985138,0.00238839861518928
Suriname,Stage_IVT4,0.00125826540630178,0.00316739286290894
Suriname,Stage_I_II,0.00141243362902533,0.00186285570225616
Sweden,Health,0.21428127536885533,0.13811299746769332
Sweden,Stage_III_IVT1_2,1.1630365272740597,0.43773991647721394
Sweden,Stage_IVT3,0.27880738036844144,0.30301048934465874
Sweden,Stage_IVT4,0.29739911470391367,0.3361956483541209
Sweden,Stage_I_II,0.463626821182197,0.23965762532020296
Switzerland,Health,0.12225080682136907,0.08085084376764316
Switzerland,Stage_III_IVT1_2,0.7843852462320325,0.29516240675432975
Switzerland,Stage_IVT3,0.15448933094939507,0.1657423626592101
Switzerland,Stage_IVT4,0.1940241843379341,0.21625092855649591
Switzerland,Stage_I_II,0.2606175387860029,0.13745122468952672
Syrian Arab Republic,Health,6.371900989066801e-4,0.00448880060159143
Syrian Arab Republic,Stage_III_IVT1_2,0.00155951490196816,0.00941526017417981
Syrian Arab Republic,Stage_IVT3,4.1998621682559905e-4,0.00331535265797984
Syrian Arab Republic,Stage_IVT4,4.738986198694068e-4,0.00343252994465137
Syrian Arab Republic,Stage_I_II,0.00118244340176459,0.00912481796402993
Taiwan,Health,0.0617802754670714,0.0389524650807536
Taiwan,Stage_III_IVT1_2,1.7867884929939235,0.5840485728835789
Taiwan,Stage_IVT3,0.3213323088594358,0.31757352906702524
Taiwan,Stage_IVT4,0.4992722332481589,0.5937568375057724
Taiwan,Stage_I_II,0.16410704316999905,0.08875996881177382
Tajikistan,Health,3.170570188589496e-4,0.00444480840869005
Tajikistan,Stage_III_IVT1_2,7.170032359033363e-4,0.00476835950749399
Tajikistan,Stage_IVT3,1.5922645847324182e-4,0.00159893897049934
Tajikistan,Stage_IVT4,2.3388094692313867e-4,0.00185643702900178
Tajikistan,Stage_I_II,8.743426572087942e-4,0.00796639315427605
Thailand,Health,0.00566261615593898,0.02312365568614901
Thailand,Stage_III_IVT1_2,0.02114487552792167,0.0827996322993765
Thailand,Stage_IVT3,0.0050816925464122,0.03184619209212779
Thailand,Stage_IVT4,0.0053167985878353,0.02481925699579591
Thailand,Stage_I_II,0.01025665248596123,0.03991657714674372
Timor-Leste,Health,1.129342181548571e-4,7.974477023799149e-4
Timor-Leste,Stage_III_IVT1_2,1.1169008619362888e-4,6.166854484079002e-4
Timor-Leste,Stage_IVT3,2.067875546700604e-5,1.9650962958755091e-4
Timor-Leste,Stage_IVT4,3.434019729809687e-5,2.1095774865966533e-4
Timor-Leste,Stage_I_II,2.2887954839101508e-4,0.00133257975875823
Togo,Health,2.5405987424526906e-4,0.00308122868444501
Togo,Stage_III_IVT1_2,0.00111606606938399,0.00724392670410941
Togo,Stage_IVT3,1.7934919611021014e-4,0.00243545864436886
Togo,Stage_IVT4,3.621497703530269e-4,0.00300017995835353
Togo,Stage_I_II,4.958890669261433e-4,0.00471036561712063
Tonga,Health,1.3337709531890425e-4,2.9428070953363205e-4
Tonga,Stage_III_IVT1_2,6.574033006668142e-5,1.0902343065393518e-4
Tonga,Stage_IVT3,1.7352080550778696e-5,4.3696419528078526e-5
Tonga,Stage_IVT4,2.4452089818528224e-5,7.53001202960785e-5
Tonga,Stage_I_II,2.4187124289176923e-4,4.64185631641568e-4
Trinidad and Tobago,Health,0.0021448967407191,0.0027883452776108
Trinidad and Tobago,Stage_III_IVT1_2,0.01197488787142779,0.01496516598020256
Trinidad and Tobago,Stage_IVT3,0.00347329526966008,0.00719584510560717
Trinidad and Tobago,Stage_IVT4,0.00400769544062679,0.00800978490826517
Trinidad and Tobago,Stage_I_II,0.00372595295422366,0.00429756293616056
Tunisia,Health,8.588679041892606e-4,0.00403788200636697
Tunisia,Stage_III_IVT1_2,0.0023597446834819,0.01047892892064738
Tunisia,Stage_IVT3,5.7083461550618e-4,0.0042297405823489
Tunisia,Stage_IVT4,6.845119843698948e-4,0.00568104939248268
Tunisia,Stage_I_II,0.00150664317168575,0.00622988895381801
Turkey,Health,0.01367330636019245,0.06167075589327329
Turkey,Stage_III_IVT1_2,0.03895374578425874,0.13749388685203096
Turkey,Stage_IVT3,0.00994127091206415,0.05772910142009981
Turkey,Stage_IVT4,0.01068666772691735,0.0610408556587133
Turkey,Stage_I_II,0.02348770460750814,0.08459287445393271
Turkmenistan,Health,0.00892811216169843,0.01412785942836902
Turkmenistan,Stage_III_IVT1_2,0.0217252476436459,0.02940210325762525
Turkmenistan,Stage_IVT3,0.00631468802290381,0.01404872995073324
Turkmenistan,Stage_IVT4,0.00759872099273351,0.01833253568845225
Turkmenistan,Stage_I_II,0.01511759730729558,0.01899940812959496
Tuvalu,Health,5.872003303840688e-6,1.6960481497755e-5
Tuvalu,Stage_III_IVT1_2,3.6531507575953646e-6,6.654848668210694e-6
Tuvalu,Stage_IVT3,9.91165506320143e-7,2.5659852496522766e-6
Tuvalu,Stage_IVT4,1.374074577806133e-6,4.170899797134488e-6
Tuvalu,Stage_I_II,1.0635513054621012e-5,2.2377826781692144e-5
Uganda,Health,0.0016590928419735,0.02888179692140113
Uganda,Stage_III_IVT1_2,0.00437603104683537,0.03031939389855507
Uganda,Stage_IVT3,7.845603121569156e-4,0.00983317596331877
Uganda,Stage_IVT4,0.00119068172906665,0.00870066721368882
Uganda,Stage_I_II,0.00382487046043794,0.04133883854678312
Ukraine,Health,0.00246093450218531,0.01044094808039456
Ukraine,Stage_III_IVT1_2,0.00719237257400363,0.02950869948228227
Ukraine,Stage_IVT3,0.00171620857949056,0.00950062431980261
Ukraine,Stage_IVT4,0.00188888169315744,0.00932144041170775
Ukraine,Stage_I_II,0.004713377107241,0.01932980298215646
United Arab Emirates,Health,0.02546118125196492,0.03140595240948023
United Arab Emirates,Stage_III_IVT1_2,0.1084359894439056,0.13002453274656872
United Arab Emirates,Stage_IVT3,0.03039695136843476,0.05486357171532888
United Arab Emirates,Stage_IVT4,0.03516985909898101,0.07221482056643092
United Arab Emirates,Stage_I_II,0.04426769037084552,0.04807313282771561
United Kingdom of Great Britain and Northern Ireland,Health,0.26078476622182634,0.2689351182900627
United Kingdom of Great Britain and Northern Ireland,Stage_III_IVT1_2,1.8727679537762112,0.8838784887651273
United Kingdom of Great Britain and Northern Ireland,Stage_IVT3,0.5250973624020752,0.6106041806009608
United Kingdom of Great Britain and Northern Ireland,Stage_IVT4,0.5937636319320756,0.6881555006839053
United Kingdom of Great Britain and Northern Ireland,Stage_I_II,0.699059522456098,0.5468122904665909
United Republic of Tanzania,Health,0.00678202063742955,0.02908775994252241
United Republic of Tanzania,Stage_III_IVT1_2,0.00534305684538412,0.02096537082108196
United Republic of Tanzania,Stage_IVT3,0.00108827872077428,0.00520799181315868
United Republic of Tanzania,Stage_IVT4,0.00131294881393562,0.0060826401587754
United Republic of Tanzania,Stage_I_II,0.01323425638579372,0.05705439642839075
United States of America,Health,5.0653474723736265,3.4084174616725216
United States of America,Stage_III_IVT1_2,31.371953301046755,11.911454254732526
United States of America,Stage_IVT3,7.639779394788165,8.362855987681726
United States of America,Stage_IVT4,9.548680161724803,10.630375484366798
United States of America,Stage_I_II,11.294004673817632,6.023915023525489
Uruguay,Health,0.00567358247219371,0.00757615083936683
Uruguay,Stage_III_IVT1_2,0.03009532497586475,0.03702515499577221
Uruguay,Stage_IVT3,0.00839871956532161,0.01666647751807725
Uruguay,Stage_IVT4,0.0105586957365033,0.02446354592251598
Uruguay,Stage_I_II,0.010061598288804,0.01206364732204708
Uzbekistan,Health,0.00256493675557861,0.01339837674354389
Uzbekistan,Stage_III_IVT1_2,0.00418637183044367,0.01995537028506764
Uzbekistan,Stage_IVT3,0.0010651715616004,0.00854619617916034
Uzbekistan,Stage_IVT4,0.00121927609106215,0.01153471931957171
Uzbekistan,Stage_I_II,0.00414191201025744,0.03041061806055092
Vanuatu,Health,1.0671303771276662e-5,1.47232671032915e-4
Vanuatu,Stage_III_IVT1_2,6.949849682506568e-6,4.101774508626464e-5
Vanuatu,Stage_IVT3,1.4051700707498748e-6,1.6703359934203403e-5
Vanuatu,Stage_IVT4,1.5246239143628055e-6,1.3914581276680968e-5
Vanuatu,Stage_I_II,1.77820174118341e-5,2.621574126174995e-4
Venezuela,Health,0,0
Venezuela,Stage_III_IVT1_2,0,0
Venezuela,Stage_IVT3,0,0
Venezuela,Stage_IVT4,0,0
Venezuela,Stage_I_II,0,0
Viet Nam,Health,0.00750969684395292,0.03491751938449575
Viet Nam,Stage_III_IVT1_2,0.01051660930537689,0.04457437749034399
Viet Nam,Stage_IVT3,0.00298081946740202,0.01758346709972985
Viet Nam,Stage_IVT4,0.00311863934466924,0.01615323014354354
Viet Nam,Stage_I_II,0.01438968093415936,0.06170993663508009
Yemen,Health,0,0
Yemen,Stage_III_IVT1_2,0,0
Yemen,Stage_IVT3,0,0
Yemen,Stage_IVT4,0,0
Yemen,Stage_I_II,0,0
Zambia,Health,0.00104639724847759,0.01075281034523798
Zambia,Stage_III_IVT1_2,0.00225300484774751,0.01619652807902925
Zambia,Stage_IVT3,5.554820504981788e-4,0.00536839800317603
Zambia,Stage_IVT4,5.836895098049612e-4,0.00461159330873567
Zambia,Stage_I_II,0.00153150902089917,0.01587992659028608
Zimbabwe,Health,5.803836020713234e-4,0.00674186656951529
Zimbabwe,Stage_III_IVT1_2,6.929656260047977e-4,0.00527065361873768
Zimbabwe,Stage_IVT3,1.5643280283695007e-4,0.00208988005694534
Zimbabwe,Stage_IVT4,2.0258372134127455e-4,0.00202731918295687
Zimbabwe,Stage_I_II,9.76783824360531e-4,0.0118239322211233
