Country,Mean_total_billions_high,SD_total_billions_high,Mean_perio_billions_high,SD_perio_billions_high,Mean_replace_billions_high,SD_replace_billions_high,Mean_total_billions_mid,SD_total_billions_mid,Mean_perio_billions_mid,SD_perio_billions_mid,Mean_replace_billions_mid,SD_replace_billions_mid,Mean_total_billions_low,SD_total_billions_low,Mean_perio_billions_low,SD_perio_billions_low,Mean_replace_billions_low,SD_replace_billions_low,Dent_exp_usd,Dent_exppc_usd,GDP_per_capita_PPP_2021,fits_high,fits_mid,fits_low,selected_Mean_total_billions,SD_total_billions,selected_model
Afghanistan,0.7244879449874714,0.646498182176111,0.3575036659096231,0.4829453229385795,0.24068511080252408,0.3446354745610007,0.1252260056102696,0.17600621485905257,0.0316503127915267,0.07702321610377795,0.06191533241874139,0.1250439776108018,0.00450092733458731,0.02986567694404623,0.00183303258019555,0.01430782178430604,7.837998398269454e-4,0.00425148469025377,0.0167,0.46,2144.16657,FALSE,FALSE,TRUE,0.00450092733458731,0.02986567694404623,low
Albania,0.12439003364193515,0.05385433897240687,0.05292503164010348,0.03648341068704197,0.0306456426697831,0.02684643632333327,0.02490956013620934,0.01874039976478843,0.00566975135019205,0.00659593105811676,0.0075462762943655,0.01088316479835137,0.00156735423393947,0.0033704212958571,4.364018346921742e-4,0.00166931530693355,1.2410294597396397e-4,5.369308323351741e-4,0.0363,12.66,16126.77749,FALSE,FALSE,TRUE,0.00156735423393947,0.0033704212958571,low
Algeria,1.883712378795502,0.8258687367549412,0.7572330287597066,0.5509551818109767,0.4614280427025205,0.39886566813173,0.39217355851829977,0.29893059652936127,0.08320205441753381,0.1088227582625434,0.1194919035348756,0.1646095817529203,0.02251202871653446,0.05037723244068847,0.00556580870138862,0.02359349483796115,0.00172861195577094,0.00648373600447891,0.3237,7.46,14496.86547,FALSE,FALSE,TRUE,0.02251202871653446,0.05037723244068847,low
Andorra,0.00894192997643359,0.00248195342573672,0.00355940121438136,0.00135037269543926,0.00190513186226097,0.00122306741504193,0.00185965783057347,0.00113042632363308,4.01840059962388e-4,3.697288362500197e-4,4.682846652312504e-4,5.03620487503276e-4,1.2228112648216588e-4,2.1510943651882703e-4,2.759499613009676e-5,8.07333412466666e-5,8.625544885571016e-6,2.8247016532829815e-5,0.0146,189.89,59332.20291,FALSE,TRUE,TRUE,0.00185965783057347,0.00113042632363308,mid
Angola,0.8095968745248726,0.42286033755919855,0.3274459450203277,0.29860012392662316,0.2006406194059029,0.21303853210807136,0.16333217816785578,0.1488296662592637,0.03099438927933889,0.0501689469826379,0.0497809772235262,0.08009682325629637,0.00878187228084723,0.0243733095932083,0.001958793828301,0.00994220490222773,4.896303717661379e-4,0.00243583542903366,0.0702,2.33,7408.126591,FALSE,FALSE,TRUE,0.00878187228084723,0.0243733095932083,low
Antigua and Barbuda,0.00409949937458215,0.00139027542612092,0.00141091297166777,7.910879754986633e-4,8.261570381084021e-4,6.335833856116377e-4,9.068254686727176e-4,5.868000522283502e-4,1.5893378299535943e-4,1.757484483725906e-4,1.943406207242843e-4,2.415749081864984e-4,5.7328356719483675e-5,1.0471495405351364e-4,1.0222043039227355e-5,3.46005017248352e-5,3.3133753613739483e-6,1.1115681724380309e-5,0.0048,51.88,25745.49581,FALSE,TRUE,TRUE,9.068254686727176e-4,5.868000522283502e-4,mid
Argentina,1.7160094065897111,0.5744685558235907,0.49588172455801555,0.2894496324573849,0.29929032248732806,0.23055884252285663,0.4071458968674676,0.2768358898178153,0.05688796014432565,0.06139978636588752,0.0722344418869113,0.09235062091959444,0.02869543776295746,0.05563310862783018,0.00388415076006154,0.01441027565975751,0.0011636846916196,0.0043190305297515,1.106,24.55,26300.27426,FALSE,TRUE,TRUE,0.4071458968674676,0.2768358898178153,mid
Armenia,0.17197564945493918,0.07270139184836379,0.07865129206570136,0.05304571701259599,0.04549121693261017,0.03909862085063723,0.03307999309007159,0.02579239115353433,0.00790805734717839,0.00926825296902316,0.01159970785417869,0.01587454677785959,0.00182851361018365,0.00391904555100753,5.85074903242675e-4,0.00220518950837614,1.558086207678482e-4,5.96723855070718e-4,0.113,38.05,15921.70528,FALSE,TRUE,TRUE,0.03307999309007159,0.02579239115353433,mid
Australia,3.95251721361347,0.8744257508625867,1.6037250282488555,0.3386493093691321,0.8228276248685372,0.4184074944255142,0.8208814001077508,0.4785020826235384,0.18227872178721777,0.14383122479258584,0.199212905571001,0.19529527563364105,0.0510433654922685,0.08251640368663989,0.0121960085195752,0.03265538465185975,0.00347901504146422,0.01132964846173694,7.3703,288.25,58182.33695,TRUE,TRUE,TRUE,3.95251721361347,0.8744257508625867,high
Austria,1.1726606803641164,0.32688018826291526,0.5027622057486166,0.18744842546841,0.27321999839947764,0.1668484174163072,0.23385102865923127,0.15421914062943845,0.05681763806849856,0.05182852019661264,0.06617787044572891,0.07339564979822878,0.01373056179294239,0.02297107485101058,0.00363676415220451,0.01057717104783998,0.00125636598878878,0.00388233583917391,2.1157,236.39,62968.94223,TRUE,TRUE,TRUE,1.1726606803641164,0.32688018826291526,high
Azerbaijan,0.5040845031858429,0.19269656352135325,0.1992961895465152,0.12607517204993157,0.11618541112317891,0.096364085786074,0.10541611996816486,0.0744540494445813,0.02202111255218054,0.02445783226603421,0.02853646894435934,0.0395154650814685,0.00655783617968748,0.01396244560583891,0.00141970554037185,0.00529880511924732,4.4748981222172e-4,0.00165002998144798,0.1268,12.61,20111.3757,FALSE,FALSE,TRUE,0.00655783617968748,0.01396244560583891,low
Bahamas,0.01065652297611551,0.00414394580963118,0.0014471344488592901,7.715876506537997e-4,7.86035558982792e-4,5.596802177204479e-4,0.00292450026360978,0.00209253068825465,1.50210287219934e-4,1.5501233994070671e-4,2.022227878863716e-4,2.492495340272106e-4,2.3340672551038627e-4,5.272795776018348e-4,1.0759933404384327e-5,3.461228884777306e-5,3.2818894471359948e-6,1.1454464133623717e-5,0.0329,75.3,31064.68222,TRUE,TRUE,TRUE,0.01065652297611551,0.00414394580963118,high
Bahrain,0.21849913961293635,0.06412574093130118,0.09806013989491574,0.03732381365749947,0.0540042528075834,0.03382108742202262,0.04354550438900672,0.02970849749070935,0.01132759196087365,0.01048699227557116,0.01339499217786194,0.01461928291127458,0.00262602978976989,0.00516568313546636,7.615056713015408e-4,0.00223246703477513,2.6470223855583813e-4,9.740958564517676e-4,0.0625,41.36,54954.67579,FALSE,FALSE,TRUE,0.00262602978976989,0.00516568313546636,low
Bangladesh,3.3238439754756777,1.8868181682350544,1.2628259487054314,1.1661617752090028,0.7563612527666408,0.8233488056112412,0.7352368689795864,0.6684830149366161,0.1283924874182326,0.1969946732997904,0.183881687508082,0.3071356131583749,0.0437846779280748,0.12310944493551657,0.01002489711749224,0.04586428509743594,0.0029599708800634,0.01491104422080777,0.0125,0.08,7441.06914,FALSE,FALSE,FALSE,0.0437846779280748,0.12310944493551657,low
Barbados,0.01407085854748194,0.0061384716867072,0.00601645518378094,0.00418021321291432,0.00352048242859222,0.00317097180604207,0.00280506309799946,0.00217174108243993,6.086210985823379e-4,7.919772559261694e-4,8.943212663545503e-4,0.00127834000419962,1.5193903328026678e-4,3.45677944862728e-4,3.874006152185061e-5,1.5880546713705794e-4,1.2704047364522866e-5,4.875782803389895e-5,0.0152,52.8,15683.88471,FALSE,TRUE,TRUE,0.00280506309799946,0.00217174108243993,mid
Belarus,0.668259182113048,0.24334667660778597,0.28732947072686493,0.1596080848037705,0.15879836001036465,0.12207504094573454,0.1329098963609494,0.09200774633031636,0.02997638808671476,0.03001348972405196,0.03949855071934071,0.04884875560230513,0.00811556409077051,0.01620587019171022,0.00213233515101949,0.00720280140447992,6.786195657334259e-4,0.00236610133319292,0.1371,14.47,27611.18011,FALSE,FALSE,TRUE,0.00811556409077051,0.01620587019171022,low
Belgium,1.1272684883400916,0.3060383804948272,0.4351840186057711,0.17570172136066764,0.23633377127644728,0.1431469589198165,0.23811987630549009,0.14439020661220986,0.04886094231435161,0.04403173262597624,0.05770512270213017,0.0620787560138101,0.01544787476449001,0.02667820829038313,0.00322686178228235,0.00943737399617473,0.00106997724336032,0.00358333021508827,2.1221,185.2,60669.21377,TRUE,TRUE,TRUE,1.1272684883400916,0.3060383804948272,high
Belize,0.00846024331697031,0.0039940225407841,0.00237579297846956,0.00187450192298977,0.00137966139890349,0.00132998114268778,0.00195725885302324,0.00152848518254636,2.3143217952730703e-4,3.1819470165916767e-4,3.529317585016109e-4,5.100858622469415e-4,1.3541650343285537e-4,3.3167134001953354e-4,1.7231807504418687e-5,6.907901869740695e-5,5.154245581435144e-6,2.540470514448688e-5,0.0057,14.08,11677.46101,FALSE,TRUE,TRUE,0.00195725885302324,0.00152848518254636,mid
Benin,0.4242788075612672,0.3279639117187759,0.2078422885496932,0.24732912764835163,0.1365312716949151,0.18222104509284257,0.0722740408661998,0.09105976120993306,0.01751372336513159,0.03836916021688641,0.03195790313846673,0.06286203531792973,0.00366203585815621,0.01543599930065112,0.00130676473598061,0.00779322156928338,4.565561896498297e-4,0.00242699093741173,0.0033,0.28,3464.288629,FALSE,FALSE,FALSE,0.00366203585815621,0.01543599930065112,low
Bhutan,0.02613073508391748,0.01205175548714388,0.00973149895679768,0.00740066740022133,0.00611668720711029,0.00585338026121653,0.00555645926397266,0.00424317555869516,0.00106052231079114,0.00139710443036809,0.00144319213449835,0.00212721671947947,3.414773820420218e-4,8.185159531570517e-4,7.131440238360204e-5,2.923506794945937e-4,2.225343472617744e-5,1.0051479728725932e-4,0,0.06,13458.81267,FALSE,FALSE,FALSE,3.414773820420218e-4,8.185159531570517e-4,low
Bolivia,0.39195345892077493,0.20834697590739,0.1645677043706765,0.1461447186671302,0.10429862242820633,0.10523422061316778,0.07660669918617619,0.06417445357530399,0.01671617657813698,0.02558945616857189,0.02438830965966905,0.03702116793301605,0.00445916846382129,0.01184126143501048,0.00107920689412909,0.00606757675989766,3.9682913981223527e-4,0.00176830981976302,0.0482,4.17,9454.198147,FALSE,FALSE,TRUE,0.00445916846382129,0.01184126143501048,low
Bosnia and Herzegovina,0.1423855645925258,0.05597913366831642,0.05614888075342754,0.03743412010853035,0.03348105353222976,0.02791992186501766,0.02887608530804806,0.02086059875573711,0.00586584544885503,0.00705685976585962,0.0080119053700908709,0.01102491104734771,0.00177820954474315,0.00344434261050943,3.8279901616735816e-4,0.00139138370070485,1.279894160323887e-4,5.099363366188105e-4,0.0727,20.75,18285.67112,FALSE,TRUE,TRUE,0.02887608530804806,0.02086059875573711,mid
Botswana,0.08086665284301295,0.02272079032610546,0.01498991691604465,0.00412967556501785,0.0056761246295142,0.00331007877547744,0.02067218726382372,0.01281626543807093,0.00170175668082199,0.00141685211743362,0.00137910003128115,0.00141179703946064,0.0015112970950336,0.00291764986253934,1.1163807917704264e-4,2.8785042912559734e-4,2.5515173915936125e-5,7.882633978872332e-5,0.0574,24.15,17960.62544,FALSE,TRUE,TRUE,0.02067218726382372,0.01281626543807093,mid
Brazil,9.11648430016064,2.048743166179893,3.0593410555814824,0.8506407674625952,0.9292560435748368,0.4742505710063016,1.9691372295335376,1.0903257796155628,0.35424579014575613,0.29731074274088504,0.23016922820846877,0.22586827557139924,0.15495907806653314,0.2582718721815124,0.02383149306926132,0.06775597761088402,0.00457135830608376,0.01430994874294093,3.7128,17.68,18075.706,FALSE,TRUE,TRUE,1.9691372295335376,1.0903257796155628,mid
Brunei Darussalam,0.0518957038555269,0.01339333575706987,0.01862598826896507,0.00666422735170768,0.01003941084485928,0.00588414177981413,0.01120205034874007,0.00654586263265332,0.00208760876240901,0.00177244306322329,0.00243250908780545,0.0026269540543573,7.393033289142614e-4,0.00127590984474883,1.356962396437951e-4,3.924650072342662e-4,4.83874459559901e-5,1.7595882442193088e-4,0.0091,20.35,78248.79711,FALSE,FALSE,TRUE,7.393033289142614e-4,0.00127590984474883,low
Bulgaria,0.5958976572120539,0.20936455760308076,0.2664490269044924,0.13372278197258716,0.15061364350550954,0.11431991052521384,0.1176547580008456,0.08588082307165229,0.02964788060921219,0.03210842179411536,0.03859819963006329,0.04761781835482033,0.0064107672040749,0.01151660095163053,0.00182860522455612,0.00596751746388764,5.940613357794166e-4,0.00200851585360332,0.1094,15.72,30971.91319,FALSE,FALSE,TRUE,0.0064107672040749,0.01151660095163053,low
Burkina Faso,0.5234471931390864,0.4221646759932879,0.25671458805120045,0.3290198862294419,0.17251477224224995,0.22087514343323392,0.09324246217559123,0.11846910237698158,0.0222135378769134,0.05113731792881668,0.04110025994392856,0.07606028768517988,0.0041684581395824,0.01956594587752839,0.00145638784484693,0.00970024169692742,4.615874555414382e-4,0.00300791426530038,0.0046,0.23,2486.430931,FALSE,FALSE,FALSE,0.0041684581395824,0.01956594587752839,low
Burundi,0.22727232394448477,0.25035924364642287,0.12587636733216828,0.1920304669733311,0.08091038965337291,0.1284119089885858,0.03965179881406831,0.0668503234735058,0.00996388911658708,0.03077020222315737,0.02113461891282839,0.04453862213764428,0.0010729347581901,0.01021291438523337,6.507340417583039e-4,0.00594139674262357,2.185615107057758e-4,0.00196610370426761,0.0013,0.12,836.6655713,FALSE,FALSE,FALSE,0.0010729347581901,0.01021291438523337,low
Cabo Verde,0.015094000413447,0.00829135299572258,0.0062005696830667,0.00565328441440093,0.00376600187014796,0.00407332971474327,0.00309739233874358,0.0028079765968271,6.11024702147637e-4,9.684389131818794e-4,9.890200232795232e-4,0.00158699858781545,1.6998460058370669e-4,4.766049975198895e-4,4.249231030711707e-5,2.201505644230017e-4,1.319676130461128e-5,5.5784228887554255e-5,0.0034,6.12,7685.419214,FALSE,FALSE,TRUE,1.6998460058370669e-4,4.766049975198895e-4,low
Cambodia,0.5172455865765615,0.299378203390182,0.23989967076903032,0.2251497611359758,0.14105111684993504,0.15783957209593572,0.09256655781897528,0.09303142217489165,0.02142910300347862,0.03688431851774695,0.03208813618618214,0.05572516471980748,0.00532388931538849,0.01607900370066776,0.00172729734258938,0.00865434576663982,4.8159965262255407e-4,0.00235170240047282,1e-4,0.01,6225.532655,FALSE,FALSE,FALSE,0.00532388931538849,0.01607900370066776,low
Cameroon,0.6390117488816621,0.4467666281386142,0.2708389078372674,0.30027970488329603,0.17938196535766232,0.216300315887368,0.1313916318940674,0.1471333569154366,0.02706086816209134,0.05422089606302822,0.0436203227239804,0.0906146104790198,0.00651828400869477,0.02227538621302011,0.00220817731783088,0.01147508100075276,5.683533144449037e-4,0.00406908944631068,0.0066,0.26,4793.556282,FALSE,FALSE,FALSE,0.00651828400869477,0.02227538621302011,low
Canada,5.711271497243713,1.4584656826687663,2.315650985151311,0.5410009334397012,1.3671246607983794,0.7014372919092219,1.2503913361995904,0.7955071736309102,0.28094864438763567,0.21495252467720383,0.34466832656402385,0.33054790132641926,0.06654129841140947,0.11659584888103336,0.01675871176901209,0.04465551943201105,0.00502268544239878,0.01546015619712722,12.8291,342.52,56995.11768,TRUE,TRUE,TRUE,5.711271497243713,1.4584656826687663,high
Central African Republic,0.01728559591752384,0.03727267995343259,0.00468104174174048,0.00706419884309826,0.00321497366508166,0.0047984329264333,0.00430247423675706,0.01421125356802485,3.5625847196528974e-4,0.00116349538827508,7.542434275364333e-4,0.0017486790349643,1.6069900763139453e-4,0.00308282374465383,3.648318888644961e-5,2.2569482402355276e-4,9.896634623925447e-6,7.50275046265398e-5,0.0011,0.22,1128.55238,FALSE,FALSE,TRUE,1.6069900763139453e-4,0.00308282374465383,low
Chad,0.42135889162766815,0.3493846236069186,0.2079593855138843,0.2711679815936878,0.13761489079217237,0.18314939395597352,0.07738738919023198,0.1063667747983672,0.01891725851660566,0.05091076432760057,0.03642085599927984,0.07004511362166205,0.00373957138260066,0.01459477546370203,0.00181082414615289,0.0081628457541604409,3.903589992075488e-4,0.00271542949964949,0.0034,0.26,2435.072747,FALSE,FALSE,FALSE,0.00373957138260066,0.01459477546370203,low
Chile,1.8461889763239077,0.4414658768226593,0.8542265004766469,0.25177689282668037,0.2609734443932763,0.14984778848052607,0.3732353509332331,0.22132197840934267,0.10331577369931122,0.0862694662222511,0.06824844777320346,0.07159729261472354,0.02302215052601218,0.03891708324909336,0.0067742965698905,0.01748478342453787,0.00121247182061258,0.00383790839096811,0.4696,24.58,29089.85046,FALSE,FALSE,TRUE,0.02302215052601218,0.03891708324909336,low
China,23.800109291566233,6.147740569594015,8.560153268603003,2.244617864156398,7.261641707941143,3.647220914795418,5.298742700887011,3.389772363793067,1.1928112383179186,0.9927795106109648,1.8704054672621535,1.8847187435429649,0.26629079612023704,0.447362740047851,0.06847418561088434,0.1573627212822408,0.02400877473393898,0.06450915652342613,61.5486,43.96,20843.29783,TRUE,TRUE,TRUE,23.800109291566233,6.147740569594015,high
Colombia,2.089013470767508,0.8393604284047648,0.8168022931902785,0.5259219616190924,0.4848150816840622,0.4306034309056989,0.4388383585296048,0.32163924958090273,0.09132645059958149,0.1147870318334012,0.12274180152012892,0.17868310089705766,0.02558804279733714,0.05233441871349079,0.00593297029217779,0.02171047806998793,0.00201008284437595,0.01132219586493434,0.7051,14,17383.09017,FALSE,FALSE,TRUE,0.02558804279733714,0.05233441871349079,low
Comoros,0.02979504015886836,0.0238234918755643,0.01524339643769771,0.0181120224570251,0.00975621805646277,0.01271466130504289,0.00519623880468064,0.00664820255107683,0.00146740124029627,0.00315004384149604,0.00237168156080679,0.0045849149758789,1.7443405189841892e-4,7.703984541737137e-4,7.532738467578625e-5,4.3949254869871227e-4,3.324732995944752e-5,1.8803077268393165e-4,3e-4,0.3,3449.043575,FALSE,FALSE,TRUE,1.7443405189841892e-4,7.703984541737137e-4,low
Congo,0.07987725356552221,0.04908787456087191,0.02540537925219841,0.02566931837547146,0.01607441440914175,0.01813235748108091,0.01823966711708425,0.01875897113323525,0.00261352199999458,0.00475680917012729,0.00416068559555291,0.00734313831477121,9.726091247652676e-4,0.00330623394389102,1.7791656253152562e-4,8.42255059891466e-4,5.459343879789168e-5,2.6266340147561653e-4,0.0047,1.03,6263.211613,FALSE,FALSE,TRUE,9.726091247652676e-4,0.00330623394389102,low
Costa Rica,0.3055312136559041,0.11044667708795332,0.1296829763576436,0.07439294637491332,0.07443030878376537,0.05965510147982988,0.06399512190700005,0.045324872214984,0.01508324348756031,0.01676940047469808,0.01939752415607681,0.02565008919171501,0.0034137190305122,0.00631639534003817,9.72568113018551e-4,0.0028563208296886,3.0047952605398437e-4,0.00110664280065736,0.1617,31.84,23852.9253,FALSE,TRUE,TRUE,0.06399512190700005,0.045324872214984,mid
Croatia,0.29637638491079904,0.09316364777946204,0.11560139885251088,0.05490145632165659,0.0654522239096815,0.04741597085850641,0.0631669971659759,0.0396754951805294,0.01361243373545952,0.0133732059212494,0.01658510284318849,0.0195050637619838,0.00363861202897615,0.0061606497666865,8.983643700793212e-4,0.00263737505902234,2.64484753393562e-4,7.75451627800266e-4,0.1494,36.8,36930.47013,FALSE,TRUE,TRUE,0.0631669971659759,0.0396754951805294,mid
Cuba,0,0,0,0,0,0,0,0,0,0,0,0,0,0,0,0,0,0,0.3044,26.85,NA,TRUE,TRUE,TRUE,0,0,high
Cyprus,0.15568902928884318,0.04755552599115461,0.06756801105828508,0.0281906913667268,0.03768230487407721,0.02553958078431855,0.03232294588226521,0.02136720786998196,0.00835345555667301,0.00752170833373556,0.009465033576956,0.01081642044638839,0.00178961920884487,0.00304978755515959,5.219341865297048e-4,0.00133577770606394,1.6250004171160871e-4,4.617933506707253e-4,0.0126,14.41,48781.27734,FALSE,FALSE,TRUE,0.00178961920884487,0.00304978755515959,low
Czechia,0.35675275166766834,0.12953792198560643,0.033642414214487,0.01582408147526293,0.0191560659551339,0.01372949199909185,0.09978895677962012,0.07248247393707058,0.00399819570397668,0.00373122860915671,0.00477583727779452,0.00550849888994227,0.00699335572550161,0.01666777695663326,2.501799366689117e-4,6.946924562510589e-4,8.620930106321333e-5,3.267881845790074e-4,0.8438,79.32,47796.03374,TRUE,TRUE,TRUE,0.35675275166766834,0.12953792198560643,high
CÃ´te d'Ivoire,1.0707337537510446,0.6952896725453643,0.502488772676442,0.509041289553306,0.32620004135292763,0.3783220748187021,0.20383980218071793,0.204386805781526,0.05308654722175154,0.09322536892755542,0.07715980387153043,0.13129583348101426,0.009973096988074,0.02984379049699163,0.00385334431760467,0.01930750765129785,0.00109847032392536,0.00569596510350502,0.0066,0.25,6045.204805,FALSE,FALSE,FALSE,0.009973096988074,0.02984379049699163,low
Democratic Republic of the Congo,1.4001147778675005,1.4601367745760396,0.6936696002685615,1.0634249627097994,0.5006476605478315,0.7766487337246732,0.23391397633519137,0.3851010137735289,0.04975740900572371,0.1670121702588141,0.1244932484244582,0.2503668446588118,0.01122864275272867,0.066259097327963,0.00578911379016278,0.04244325423256093,0.00134807672174549,0.00887175228408436,0.0229,0.23,1313.618218,FALSE,FALSE,TRUE,0.01122864275272867,0.066259097327963,low
Denmark,0.8161337071767549,0.2334522107904594,0.3464688762958638,0.12713393396883135,0.18879145045329496,0.121159171664479,0.1710838127748288,0.1094853923405118,0.04320568431722842,0.0395331236319798,0.04886750931067086,0.05299483789471353,0.00944686695313508,0.0160833962305629,0.00271257512008367,0.00827717828140948,8.444999502337713e-4,0.00246937420316837,1.8676,321.67,69715.18097,TRUE,TRUE,TRUE,0.8161337071767549,0.2334522107904594,high
Djibouti,0.02896926645436516,0.01764249273652214,0.01194223283045235,0.01213902341727121,0.00706505103006562,0.00812040455008437,0.00585381589538721,0.00583291808561561,0.00117597784767756,0.00216010564959486,0.0018760993250689,0.00324135126098341,3.0137098650159186e-4,0.00106404927335482,8.729709818674529e-5,3.568634811244585e-4,2.7786019559634807e-5,1.507867121024441e-4,8e-4,0.76,5960.108074,FALSE,FALSE,TRUE,3.0137098650159186e-4,0.00106404927335482,low
Dominica,0.00219434448118699,8.982406219597799e-4,7.978944742788739e-4,5.737293007349613e-4,4.466380786677434e-4,4.096609495793145e-4,4.8753854438367614e-4,3.421809798723848e-4,8.89933322404158e-5,1.1265433045459904e-4,1.153890226801314e-4,1.6353583595689607e-4,2.920975245026155e-5,6.885000841951623e-5,5.57839524383845e-6,1.9801469434778117e-5,1.815638432707928e-6,6.704907681295414e-6,0.0019,26.92,15808.97435,FALSE,TRUE,TRUE,4.8753854438367614e-4,3.421809798723848e-4,mid
Dominican Republic,0.23313330801892132,0.10064682639080091,0.03025992093127594,0.01903649741071587,0.01766071341136464,0.01507860507583147,0.0647355505927466,0.05006408075115884,0.00352579035920176,0.00393255291393066,0.00456604171579457,0.0059651383016154904,0.00418511326919413,0.01021459442155791,2.318582189602349e-4,7.890107841963549e-4,7.064466306325073e-5,2.470857333304811e-4,0.0823,7.94,22053.45899,FALSE,FALSE,TRUE,0.00418511326919413,0.01021459442155791,low
Ecuador,0.8703500173033505,0.3965911233694861,0.3867365050897004,0.2892662786448253,0.22603523565730435,0.20779306888662555,0.174461006760965,0.14117485746800312,0.040691612058095,0.05593321270361203,0.06119781798154151,0.08557338521382442,0.00958701606171894,0.02105556099234857,0.00302156029275828,0.01065894309709556,9.79996816220723e-4,0.00431186728186238,0.1257,7.28,13507.44456,FALSE,FALSE,TRUE,0.00958701606171894,0.02105556099234857,low
Egypt,2.195368371791138,0.9261138472571117,0.48252803715299736,0.33366488631197944,0.28652057962011845,0.2635715001285539,0.5682083520966934,0.4303472391558196,0.053038723445084,0.06678557727518102,0.07467607263353979,0.1130661818434268,0.03765419616557085,0.09943012754747552,0.00387562670676593,0.01428824610275177,0.0011598438796035,0.00409198193226077,0.3293,3.32,15579.01609,FALSE,FALSE,TRUE,0.03765419616557085,0.09943012754747552,low
El Salvador,0.2651499761508013,0.13609446730074784,0.11811643465459408,0.09585737054594703,0.07083038137545744,0.07031919061470039,0.05434582720922369,0.04590859999610088,0.01260605597686499,0.01882325608628698,0.01840383005233017,0.02751606715269691,0.00274118314345222,0.00629100605356863,9.75000953794277e-4,0.00389657418687564,2.4612949112802566e-4,9.59804968557266e-4,0.0628,9.37,10809.7134,FALSE,FALSE,TRUE,0.00274118314345222,0.00629100605356863,low
Equatorial Guinea,0.06927894378714308,0.02883034260870551,0.0276359454845031,0.01845590617377933,0.01620997974577244,0.01439566432681145,0.01460229916508093,0.01061250939646554,0.00317308579693551,0.00377643081098401,0.00416864172695196,0.00567460117524281,7.884658309688128e-4,0.00168322618535323,2.166535213966221e-4,7.286005376232308e-4,6.921486987943838e-5,3.161305950695621e-4,0.0057,4.19,16821.44865,FALSE,FALSE,TRUE,7.884658309688128e-4,0.00168322618535323,low
Eritrea,0,0,0,0,0,0,0,0,0,0,0,0,0,0,0,0,0,0,0.0024,0.39,NA,TRUE,TRUE,TRUE,0,0,high
Estonia,0.13497358836510823,0.04123136563364452,0.05868307544393145,0.02473239233364124,0.032308642350073,0.02207290530757451,0.02748021193844138,0.0185189235355009,0.0068944606148455,0.00647940515904175,0.00810259673112564,0.00965652009517548,0.00153437219039055,0.00258697053241245,4.616272518968225e-4,0.00133953289833805,1.303663544351907e-4,3.9085126361522487e-4,0.149,113,44251.5375,FALSE,TRUE,TRUE,0.02748021193844138,0.0185189235355009,mid
Eswatini,0.04790879704773762,0.02531201257476766,0.02183134575830749,0.01777949555221635,0.01271585865841008,0.01338476620051217,0.00933707586821727,0.00805540925084846,0.00226135243251401,0.00351415494453253,0.00322092161870026,0.00486375968942187,4.6824668406209073e-4,0.0011046368639094,1.5360609803745872e-4,5.969652675938298e-4,5.202885433664157e-5,2.154972074316554e-4,0.0138,12.18,9946.040554,FALSE,FALSE,TRUE,4.6824668406209073e-4,0.0011046368639094,low
Ethiopia,2.942759072319436,2.5037046157784917,1.489221902328357,1.8384036507401835,0.9884922670655774,1.2895332975780525,0.5303549143509962,0.7627269767645298,0.13943593342011498,0.31755583016250105,0.24458391221426015,0.5148237767021702,0.02220398657639426,0.105242363001066,0.01205998140388806,0.08461998468922018,0.00324148598312643,0.01649087297447389,1e-4,0.01,2588.413102,FALSE,FALSE,FALSE,0.02220398657639426,0.105242363001066,low
Fiji,0.04171199054918537,0.02148533629767939,0.01847216547198337,0.01509317569971261,0.01170435613958955,0.01182168856617721,0.00821795522566621,0.00721541249106386,0.00198065405913166,0.00293146496818395,0.00294965025461504,0.00470415538467458,4.162929701539834e-4,9.469886711248808e-4,1.329150523312182e-4,5.05414060351816e-4,3.9693078444926954e-5,1.6537152444976344e-4,0.0069,7.7,10685.19703,FALSE,FALSE,TRUE,4.162929701539834e-4,9.469886711248808e-4,low
Finland,0.5755830435514276,0.1682685297817189,0.23296384129298417,0.09090220731997468,0.12824996276864967,0.08237732024778985,0.12203389995315272,0.07635868725007824,0.02794720204487663,0.02515050258438378,0.03268322323254526,0.03594558357310649,0.00684137279373208,0.01140636589557519,0.00191845066148634,0.0055058131068372,5.499002639704555e-4,0.00160853045437371,0.5937,107.59,56790.37662,FALSE,TRUE,TRUE,0.12203389995315272,0.07635868725007824,mid
France,4.576607509540757,1.12540471683225,1.5619130270398318,0.3657337068457,1.071659054872154,0.5755909030786136,1.008780700941237,0.5822498945712681,0.18608660261953747,0.1499515654992055,0.2696546846338126,0.25696757605222786,0.05961790616188364,0.10011016236574628,0.01195612887889112,0.03539234389869895,0.00622245399438575,0.01987702105069945,12.666,195.39,52517.33549,TRUE,TRUE,TRUE,4.576607509540757,1.12540471683225,high
Gabon,0.08790119116948221,0.03373962650326902,0.03570478289502584,0.02274202236472307,0.01989095375318223,0.01734789311814284,0.0182146186120664,0.01289394947824306,0.00364429891240079,0.00459001845718116,0.00495805835629262,0.00627508659975326,0.00100310081543401,0.00219667050744168,2.541403407402063e-4,0.00110363748532812,8.623035328441696e-5,3.728152503114845e-4,0.0077,3.69,18523.5798,FALSE,FALSE,TRUE,0.00100310081543401,0.00219667050744168,low
Gambia,0.05323887374723697,0.03955683330639319,0.02514182225267642,0.03013146596591665,0.01592501709810068,0.02044117099610698,0.01033860007245654,0.01198797678023306,0.00232823719098013,0.00531830702379789,0.00420537886681184,0.00734366262169085,5.033598829253538e-4,0.0022221937886304,1.6567690543227738e-4,9.032241179301708e-4,6.443719091673886e-5,4.140455116571409e-4,0,0.02,3503.034914,FALSE,FALSE,FALSE,5.033598829253538e-4,0.0022221937886304,low
Georgia,0.152702347896118,0.05849125449440882,0.05947090354126271,0.03866432266161361,0.03452739086402938,0.02820688583397993,0.03237815412734845,0.02167792616081981,0.00659455655899321,0.00788080098786699,0.00809528778904025,0.01030970704912128,0.00184197007610942,0.00347757255509407,4.40037571008139e-4,0.00152060928844495,1.5963356218823014e-4,6.64157156100337e-4,0.0116,3.13,18915.6534,FALSE,FALSE,TRUE,0.00184197007610942,0.00347757255509407,low
Germany,12.192351999412464,2.5570526892088203,6.366080402106016,1.7207746597392144,1.9867291159758849,1.0616605503943757,2.3242857711483205,1.3597656154878324,0.7202403737464168,0.6435317883711832,0.5122297471053175,0.5060814363303134,0.14841605398218674,0.248060286312898,0.04920606909651646,0.14344207778695953,0.01199330133407597,0.03964274978011978,30.8773,372.15,62530.76532,TRUE,TRUE,TRUE,12.192351999412464,2.5570526892088203,high
Ghana,1.0077579817260045,0.6175790749377512,0.4631654702145423,0.45529348831112665,0.2706209938470475,0.30595037824722937,0.19871720112074268,0.1962089675573056,0.0454599189729739,0.08338119415843039,0.06582646831269351,0.10617385369456182,0.01054823134946191,0.02964764688451774,0.00327507742211098,0.0169301975107117,0.00116143648872884,0.00528545327522553,8e-4,0.03,6607.502974,FALSE,FALSE,FALSE,0.01054823134946191,0.02964764688451774,low
Greece,0.7644443440872478,0.2556308505425704,0.3191986624936647,0.15786762957752343,0.18282276310059564,0.1345190440132275,0.15877110228806968,0.10492348642867325,0.03768373275292677,0.04063825813837503,0.04591693151467357,0.05351565559937384,0.00930360545655735,0.01790826838157078,0.0025026353033476,0.00905163171964964,8.551220540326483e-4,0.00311296263607635,0.8265,77.14,33531.15511,FALSE,TRUE,TRUE,0.15877110228806968,0.10492348642867325,mid
Grenada,0.00333414825732727,0.00143679718540564,0.00119260399626273,8.753725205721011e-4,7.044924646320106e-4,6.530357218111097e-4,7.561892926110216e-4,5.449577541765112e-4,1.3803616492513384e-4,1.622887503874643e-4,1.7947885780645698e-4,2.486088456459858e-4,4.416096104072315e-5,9.533930732402016e-5,8.612202370819067e-6,2.964843963416561e-5,3.0600827701791116e-6,1.2246157295318368e-5,0.0035,32.04,15298.12311,FALSE,TRUE,TRUE,7.561892926110216e-4,5.449577541765112e-4,mid
Guatemala,0.5065885746903833,0.2286232531161502,0.20026846165010767,0.1537558856416082,0.11262351404324936,0.1061853250703598,0.10377969829989785,0.08300224197905232,0.01944424060418311,0.02795190652517016,0.02656160225558395,0.03905714786294625,0.00621720938518182,0.01383661063442877,0.0016685009355795,0.00760271896162322,5.535203351375511e-4,0.00281392702149496,0.1624,9.22,11825.14092,FALSE,FALSE,TRUE,0.00621720938518182,0.01383661063442877,low
Guinea,0.24043287472497213,0.17907451359817225,0.10749750170139126,0.12801042640465027,0.06711575489112394,0.08589157964331703,0.04804540750708023,0.0552885495033873,0.00976916743400015,0.02018611856524302,0.0173252546704351,0.03083644581173534,0.00267601950686866,0.01045317854668355,6.113954513881986e-4,0.00396701509755764,2.005174321800719e-4,0.00161811561645685,0.0032,0.23,3738.805126,FALSE,FALSE,FALSE,0.00267601950686866,0.01045317854668355,low
Guinea-Bissau,0.0307245070101482,0.02690024581889352,0.01463846116412923,0.01831740107192313,0.0088681479655984,0.01318870164523555,0.00623650575751995,0.00825747468795307,0.00145043861510647,0.00350161156423016,0.0022976823319409,0.0046097406774332,2.58479962398155e-4,0.00159187094999532,7.878341164246722e-5,7.245142843158439e-4,3.4116233370386665e-5,2.484001983927062e-4,5e-4,0.25,2483.850629,FALSE,FALSE,TRUE,2.58479962398155e-4,0.00159187094999532,low
Guyana,0.03726912904719955,0.01373874258342852,0.0141495291048575,0.00861792003457343,0.00805767806143523,0.00660140218972386,0.00828467766392005,0.00579304843542974,0.00163108477710442,0.00184466524144626,0.00203626897011597,0.00273705375561748,4.7560588830375926e-4,9.62586431109291e-4,1.0584231673940512e-4,3.8782001668238744e-4,4.233396370202825e-5,1.668942716101648e-4,0.0113,14.38,22865.9271,FALSE,FALSE,TRUE,4.7560588830375926e-4,9.62586431109291e-4,low
Haiti,0.3007872145452393,0.2440959339381572,0.1481277134206699,0.18295567922095377,0.09320587685930434,0.1342497115357156,0.0568206742150902,0.07152320721709404,0.01316818957345587,0.02968982554725965,0.0260785585366215,0.04747156934660553,0.00205963425024566,0.01058548755187375,0.00101793989222171,0.00629332914941398,4.073678370070248e-4,0.00295544301375558,0.0263,2.34,3134.950149,FALSE,FALSE,TRUE,0.00205963425024566,0.01058548755187375,low
Honduras,0.2522036687482025,0.15943567954809837,0.1079550317352407,0.11543600028974749,0.06947222498009589,0.07611859280107959,0.05335579622745571,0.05130136300470511,0.01104851719490148,0.02020390570346546,0.01787540009525988,0.02927598041796541,0.00260648021973355,0.00808307208953021,7.683388832980366e-4,0.0040289888980571,3.1197748312281537e-4,0.0019067197826465,0.052,5.42,6202.980788,FALSE,FALSE,TRUE,0.00260648021973355,0.00808307208953021,low
Hungary,0.78522479609784,0.25298506844218244,0.3310915156170608,0.15525868899056125,0.17875216723999865,0.12852218943828464,0.16322212027490848,0.10502532877344233,0.0370146226097533,0.03689568758111389,0.0453179053902636,0.0507433104110209,0.00899350161817138,0.01621771438362605,0.0022072559159502002,0.00610696382425844,8.787479465014619e-4,0.00349345942231029,0.3639,37.29,38887.19095,FALSE,TRUE,TRUE,0.16322212027490848,0.10502532877344233,mid
Iceland,0.04726042184979311,0.01350122126667034,0.0205377329801455,0.00728518632866521,0.01099723836334854,0.00682155377344485,0.00968521171874363,0.00631593633562494,0.00245052828316637,0.00231026775120815,0.00275752496708657,0.00296152323893971,5.72886755031265e-4,0.00110494387788367,1.5948022161759224e-4,5.604003529922424e-4,5.654306214671117e-5,1.9245964472482008e-4,0.1455,407.54,61610.21327,TRUE,TRUE,TRUE,0.04726042184979311,0.01350122126667034,high
India,49.746030586472806,28.374669605410272,22.72302976731193,20.576702144382224,13.212009478567175,14.631610962500073,10.023892001854415,9.429207776094104,2.3366261276388736,3.8217000777631127,3.5951458336401094,5.828923675717739,0.5369732867417691,1.5713527443869162,0.17399194586937988,1.0470450788690169,0.06178868607961662,0.34732164515522984,0.0645,0.05,8050.018575,FALSE,FALSE,FALSE,0.5369732867417691,1.5713527443869162,low
Indonesia,11.398087570293807,5.402350900889998,4.7993450698045965,3.6565939192956702,2.924163241986758,3.000778778717686,2.3056793421921906,1.766656788613494,0.5299377726358178,0.7399769328850877,0.6821551379248777,0.9893384083444976,0.12030255915279424,0.3088565267757508,0.03742082705184081,0.17601943417858615,0.01170617734118797,0.07109885677384153,0.2666,1,12757.07464,FALSE,FALSE,TRUE,0.12030255915279424,0.3088565267757508,low
Iran,4.156182761204679,2.0052883596247235,1.9120766146306345,1.4298901023512778,1.081360517986132,1.0653145869438525,0.7922853103270732,0.6243787924921181,0.19935396012608889,0.26723415805600526,0.2528876708504327,0.35744944207759893,0.04144975213434328,0.10320147362511917,0.0127863237691313,0.05486962100976728,0.00517401253723993,0.0227487116217105,3.5071,42.12,12731.75358,FALSE,TRUE,TRUE,0.7922853103270732,0.6243787924921181,mid
Iraq,1.8763134406976447,0.8840026570162134,0.8328315071063342,0.6132397790014416,0.47954984075758,0.4753890733755711,0.3777332017013806,0.3072424392116973,0.08639228146338077,0.11542737016680268,0.122362220889503,0.1801961025677461,0.02018718936807308,0.04761631009592285,0.00654350389189094,0.02704414667444903,0.00246628423862555,0.01103099619422076,1e-4,0.01,12731.75358,FALSE,FALSE,FALSE,0.02018718936807308,0.04761631009592285,low
Israel,0.4247568107850058,0.13077240856656017,0.088530999701583707,0.04033801737023514,0.04859083054140502,0.03295289787198643,0.11013188863244038,0.0717623429066278,0.01060837012960851,0.01041539338214752,0.01227153638650608,0.01432548323111822,0.00748915938050501,0.01510818473485262,6.231166702461053e-4,0.00172953465214162,2.5953821227481634e-4,9.613256593838072e-4,1.8272,201.81,46162.08227,TRUE,TRUE,TRUE,0.4247568107850058,0.13077240856656017,high
Italy,4.082868936229902,1.3340706213254292,0.963534017656169,0.3918197257697028,1.5920119871773597,0.8239482185918168,0.9770335096128944,0.6615079196059775,0.10784236664155332,0.10198520617267592,0.4051916988248722,0.3961307065855957,0.05146118904481366,0.09724601691545492,0.00649702355698008,0.02183782996838623,0.00687842996806658,0.02159039686060263,19.123,316.82,49825.39341,TRUE,TRUE,TRUE,4.082868936229902,1.3340706213254292,high
Jamaica,0.11162767021431176,0.05863543914460081,0.05098328292750429,0.04264506104247007,0.03039933839392331,0.0316611017984874,0.02218224088196557,0.01909252532290161,0.0055475042468633,0.00777253016877039,0.00757689761429147,0.01140605944298897,9.97145543759501e-4,0.00286060317045732,2.887215422005163e-4,0.00146574478400812,1.655301123518672e-4,0.00102834748217188,0.0449,15.62,9577.164211,FALSE,TRUE,TRUE,0.02218224088196557,0.01909252532290161,mid
Japan,6.864416699680106,1.5301703272027425,2.424460761314167,0.5529285058959089,1.7904213617161229,0.9075055827921806,1.4953474095146249,0.8621758405503285,0.25026828122386396,0.2064150802867405,0.4462031579062062,0.43479966534221814,0.08903019177365422,0.14585145951829917,0.01851449629791857,0.05798167274878958,0.00570771081393049,0.01841820327019491,28.7336,227.7,44355.34872,TRUE,TRUE,TRUE,6.864416699680106,1.5301703272027425,high
Jordan,0.33018248324899147,0.17532236275619656,0.13141904842429472,0.11527050458237928,0.07675678575445838,0.07859055124273222,0.0702079776521141,0.05916686827662069,0.01324096843881909,0.02242437034927106,0.01977063804002052,0.02934844536590663,0.00391341852211729,0.01016782026565342,8.535956319959165e-4,0.0040171262241518,3.915017480792218e-4,0.00172524371678277,0.0747,7.42,9182.496161,FALSE,FALSE,TRUE,0.00391341852211729,0.01016782026565342,low
Kazakhstan,0.7139741093163791,0.23280486390218263,0.17223149896482465,0.093109696591873,0.09502485439791936,0.0746182057379048,0.17815745409909964,0.11910367029436685,0.0200137892314684,0.02010021331109365,0.0239749627255661,0.02939769351104796,0.01135286956454263,0.02231451997444458,0.00141942118194994,0.00541683589457578,5.434605915567464e-4,0.00229702737728387,0.061,3.27,32945.85157,FALSE,FALSE,TRUE,0.01135286956454263,0.02231451997444458,low
Kenya,0.7719953603790111,0.502542697766759,0.28187350042691217,0.3097549009385957,0.1691853026215765,0.20443183818267455,0.17476147617585078,0.1858003092957032,0.02964132692997881,0.05496996379372727,0.0461269509797159,0.0818326155143368,0.00861236754827821,0.0329350048640649,0.00179863154314444,0.00956236395291186,7.386111070709583e-4,0.00543506551352372,1e-4,0.01,5338.852434,FALSE,FALSE,FALSE,0.00861236754827821,0.0329350048640649,low
Kiribati,0.00228626008548869,0.00192644619875076,0.0010288820741386,0.00135213826884084,6.834447528459983e-4,9.715137296875058e-4,4.354206106593422e-4,5.516434964522483e-4,9.665048204518893e-5,2.1536549500402057e-4,1.6988382403837436e-4,3.205574360561207e-4,2.240139703553302e-5,1.080342507850448e-4,7.479255914637778e-6,6.925094387872875e-5,3.4439880434087166e-6,2.4906501224929493e-5,3e-4,2.61,3020.493999,FALSE,FALSE,TRUE,2.240139703553302e-5,1.080342507850448e-4,low
Kuwait,0.22360981113927228,0.06897349190129537,0.04723499121154094,0.02080466436855144,0.02555623772148259,0.01793349164128063,0.05787582862321157,0.03693245681858996,0.00534201042649333,0.00501974605683113,0.00647157997549277,0.00728483070850255,0.00411715063515621,0.00893405917592029,3.6299948375753254e-4,0.00110690425926394,1.338283928248394e-4,4.5461294340294064e-4,0.2182,46.41,50651.95758,FALSE,TRUE,TRUE,0.05787582862321157,0.03693245681858996,mid
Kyrgyzstan,0.18887705335409155,0.11705847666999472,0.08303851193383588,0.0854048463097304,0.05311610243085948,0.05855464522757682,0.03587029509856197,0.03630340200395219,0.00845615417206977,0.01534515799054326,0.01292279081102735,0.02328298801924698,0.00182227865522301,0.00579803951380905,6.643321318065759e-4,0.00357464715339116,2.2331704826126088e-4,0.00146682729843596,0.0039,0.6,5736.478834,FALSE,FALSE,TRUE,0.00182227865522301,0.00579803951380905,low
Lao People's Democratic Republic,0.16482414431496492,0.09067126250885364,0.06050536369722555,0.05502412604781599,0.03798456686946616,0.04103823941738179,0.0354456033335605,0.033547216723499,0.00637135158853628,0.01033906357241231,0.00911990418045616,0.01947915801953989,0.00198498045078217,0.00550207556879241,4.07559985512229e-4,0.00197295327449149,1.232061378644527e-4,5.633174157181807e-4,0.0045,0.63,8080.435532,FALSE,FALSE,TRUE,0.00198498045078217,0.00550207556879241,low
Latvia,0.14926797113120652,0.04578244987331897,0.06204282936995081,0.02923472081942288,0.03354248518780834,0.02295902604531587,0.03111578066501149,0.02252481910300174,0.00702127776926484,0.00726049698334611,0.00847776862046966,0.01207385068793992,0.00168036903120004,0.00288274371362781,4.1411108507083047e-4,0.00125269662394795,1.2659092273229456e-4,4.312749984871486e-4,0.112,58.08,36912.01306,FALSE,TRUE,TRUE,0.03111578066501149,0.02252481910300174,mid
Lebanon,0.22519858793822492,0.10510373526412864,0.09569036556586422,0.07533965321824454,0.05884672698857054,0.05436439838361524,0.04471303748853603,0.03866169227556643,0.01034400903681517,0.01475936071975027,0.01438543084830118,0.02512480613897425,0.00217010242317771,0.00519557588448827,6.542803376905018e-4,0.0031319098031628,1.8110549152677033e-4,7.350552837456127e-4,0.1049,17.29,11599.77551,FALSE,TRUE,TRUE,0.04471303748853603,0.03866169227556643,mid
Lesotho,0.06886146225119805,0.05579156712940533,0.03597849113366205,0.0442159242863928,0.023150073577755,0.03061189586025597,0.0122930665784891,0.01770183838250556,0.00353007736933601,0.00806464548672515,0.00630977764716031,0.01327251970844764,4.65146827619272e-4,0.00238961407358543,2.3926604643073553e-4,0.00162208514472418,6.010639444506485e-5,4.388085854786388e-4,0.0093,4.56,2544.782496,FALSE,FALSE,TRUE,4.65146827619272e-4,0.00238961407358543,low
Liberia,0.07144492189347783,0.07192781717014124,0.03387514594566138,0.05129318338829859,0.02525890662828915,0.03517726453898911,0.01474733416398448,0.0241918851903837,0.00319423282930835,0.0085406202838867,0.00660073584988724,0.01695235067284058,4.8663123493336894e-4,0.00335497271866188,2.349761804270847e-4,0.00167698063255308,5.619047747350878e-5,4.429567234449813e-4,7e-4,0.16,1539.208923,FALSE,FALSE,FALSE,4.8663123493336894e-4,0.00335497271866188,low
Libya,0.35143725866619546,0.1642677521057683,0.16126578548931322,0.12332784021498096,0.094701283836496,0.08275461126726881,0.06750819417854906,0.05814442504445036,0.01676999996894537,0.0231617063120765,0.02238360526617632,0.03415926314346592,0.00321371627045848,0.00692775937129681,0.00121978686173273,0.00440699091686825,2.8280841152012625e-4,0.00119422095247292,0.0615,9.34,12641.50977,FALSE,FALSE,TRUE,0.00321371627045848,0.00692775937129681,low
Lithuania,0.2288393775147132,0.06806675600395157,0.08849216454647775,0.03854334215970372,0.05028093757371799,0.03388016428341944,0.04898599414318618,0.03201389485411671,0.0101560022679619,0.00980918534976379,0.0123721986416164,0.01489245980818237,0.00277356793343926,0.00466841831775463,6.597317217603788e-4,0.00204520594075683,1.8387967386231005e-4,5.513102002656528e-4,0.199,71.47,45873.52732,FALSE,TRUE,TRUE,0.04898599414318618,0.03201389485411671,mid
Luxembourg,0.10454977217002502,0.02664363339390131,0.03633094267182529,0.01229056977164289,0.01953702212460678,0.01132588035344307,0.0233312370438333,0.01401458799044858,0.00436925062823026,0.0039614213567487604,0.00485373131104349,0.00562392133638857,0.00133978649183935,0.00220207704645564,2.5533927117756683e-4,6.8465407323612e-4,7.429014917129093e-5,2.2198417240514785e-4,0.212,345.35,136772.4438,TRUE,TRUE,TRUE,0.10454977217002502,0.02664363339390131,high
Madagascar,0.3519619885646787,0.35187758828271765,0.15905921894463862,0.23595836102558615,0.11331133217366827,0.15975862702800878,0.06509796203562354,0.10793737467453164,0.01434079505901977,0.0425571169896172,0.02641032758477051,0.0592125174103708,0.00165701375564806,0.01990252352653885,9.82761240784858e-4,0.00786414693066797,3.0864254812346104e-4,0.00173631224609537,0.0042,0.15,1577.432461,FALSE,FALSE,TRUE,0.00165701375564806,0.01990252352653885,low
Malawi,0.2090359841989844,0.2130100393409956,0.0948843526698842,0.14000131488003775,0.06565661923417657,0.09125715064190106,0.04086776134793372,0.07074701316378218,0.00852776939009342,0.02267698708816477,0.01448329628138547,0.0344559723264872,0.00221681814236567,0.01153615275375791,7.048112942270824e-4,0.00392748210248994,1.7132573755545972e-4,0.00124769376012174,0.0025,0.12,1687.593582,FALSE,FALSE,FALSE,0.00221681814236567,0.01153615275375791,low
Malaysia,1.051298396758107,0.35107201777515473,0.221662783361644,0.12202683090734669,0.12786312589301457,0.09381391356445427,0.2660188597625308,0.1794916679140725,0.02438744406268723,0.02727260467158142,0.03005740808899488,0.03904535920688497,0.01745066040178713,0.03718334011550974,0.00174271034622789,0.00604265737732454,4.0876760264426314e-4,0.00131310048310557,0.2268,6.91,29822.84918,FALSE,FALSE,TRUE,0.01745066040178713,0.03718334011550974,low
Maldives,0.0324962940825925,0.01357957321219226,0.01400070339890465,0.0092122033884871,0.00837314047578995,0.00688660419801504,0.00640389765154455,0.00494709038337065,0.0015450474293504,0.00183956247219571,0.0019978633128892,0.00270370512840763,3.236486390012568e-4,6.077156785385497e-4,9.296042023492295e-5,3.0945581274209664e-4,2.9524864079931847e-5,1.141481257941906e-4,6e-4,1.7,19052.62249,FALSE,FALSE,TRUE,3.236486390012568e-4,6.077156785385497e-4,low
Mali,0.47504019066554887,0.413103487017281,0.22358695296437484,0.30010862512680236,0.14433193532385427,0.20057795518521035,0.09005521381284055,0.12686788756654035,0.02081690316016722,0.05249644418786507,0.0365531320004699,0.08859289687409982,0.00391874415718089,0.0176484220974188,0.00117641715560781,0.00933727994194389,3.278983852122136e-4,0.00242902885387885,0.0013,0.07,2796.227938,FALSE,FALSE,FALSE,0.00391874415718089,0.0176484220974188,low
Malta,0.03496457611112965,0.00972306207932211,0.01174275418731026,0.00494982597222356,0.00642876420555306,0.0044170669271255,0.00789849515442919,0.0051977668399266,0.00136750285714449,0.00136402595750889,0.00163668436383324,0.00211163780924536,4.8469871408717897e-4,9.208866123885688e-4,8.571825334292626e-5,2.682256247550871e-4,2.277905427586437e-5,8.022727379543156e-5,0.0444,91.64,56802.01025,FALSE,TRUE,TRUE,0.00789849515442919,0.0051977668399266,mid
Marshall Islands,0.00132559803165375,7.903611805197187e-4,5.255411799320825e-4,5.353770195135376e-4,3.3849481803633057e-4,3.636593570243476e-4,2.7649734779494915e-4,2.573041692877667e-4,5.583847977394071e-5,1.089935055707846e-4,8.401795896158239e-5,1.4323295768431084e-4,1.3634840585037652e-5,4.584986648074376e-5,3.366816925858452e-6,1.5447716285858195e-5,1.0342753733801487e-6,5.389241785514905e-6,3e-4,5.84,6705.875292,FALSE,FALSE,TRUE,1.3634840585037652e-5,4.584986648074376e-5,low
Mauritania,0.12696892892537293,0.07971829705460808,0.05761910618032521,0.05923541844308066,0.03511971411955054,0.03839285456330516,0.02427551677629334,0.02551161509521584,0.00553427418945365,0.01118970538183161,0.00894147632390647,0.01681117263456233,0.00118788290210506,0.00360859954679424,3.750676807142598e-4,0.00175636070204637,9.802790276214418e-5,6.27688229980474e-4,0.0017,0.43,5836.565808,FALSE,FALSE,FALSE,0.00118788290210506,0.00360859954679424,low
Mauritius,0.05412166018759106,0.01977148195228784,0.01895300409222734,0.0118007968349804,0.01104232024614375,0.00904318402106523,0.01185719162612995,0.00826002709161842,0.00211635502463181,0.00244876725022439,0.00277022401656879,0.00415188691570956,6.764305286073305e-4,0.00132708876795218,1.3498069236080206e-4,4.5301243388049217e-4,3.6322085623779736e-5,1.313056306670841e-4,0.0168,13.26,22737.57294,FALSE,FALSE,TRUE,6.764305286073305e-4,0.00132708876795218,low
Mexico,2.6526912714563724,1.1083026598584824,0.36485311392914266,0.2416333357939386,0.21566632967581295,0.1748772661748306,0.7308319212285735,0.5922488860199147,0.04136256290120654,0.04665811963265732,0.0543883229490845,0.07957953767420961,0.04940428566486816,0.12773557393808793,0.00277791130562862,0.00953583483533265,8.000419980256205e-4,0.00304712858866747,2.103,16.7,20782.58774,FALSE,TRUE,TRUE,0.7308319212285735,0.5922488860199147,mid
Micronesia,0.00179358680772213,0.00128081937682777,7.798278790777202e-4,8.997538969170298e-4,4.6609721792276095e-4,5.814034092563729e-4,3.544932160896457e-4,4.1736297379068405e-4,6.835497523080928e-5,1.47640306433974e-4,1.211466101085302e-4,2.424345539475271e-4,1.5819077713459846e-5,6.453069731887824e-5,4.232045898546757e-6,2.5905546293009337e-5,1.3800853058236162e-6,8.729213464629825e-6,5e-4,5.3,3944.705715,FALSE,FALSE,TRUE,1.5819077713459846e-5,6.453069731887824e-5,low
Monaco,0,0,0,0,0,0,0,0,0,0,0,0,0,0,0,0,0,0,NA,NA,NA,NA,NA,NA,0,0,high
Mongolia,0.16397906138725377,0.07061359262673085,0.07212946172786051,0.04918458824839908,0.04097242823625877,0.03574115012498612,0.03165921654015757,0.025486569487834988,0.00711891468808928,0.00988574498833037,0.00996203195497464,0.01536440855345984,0.00171958465831182,0.0036498011332075,4.957027508133059e-4,0.00167033845467003,1.391979118758364e-4,5.077409973083655e-4,0.0352,10.65,14792.25091,FALSE,FALSE,TRUE,0.00171958465831182,0.0036498011332075,low
Montenegro,0.03783774827100646,0.01319781002420128,0.01565782248143691,0.00859667938679415,0.0093763371738728,0.00712380434986635,0.00755505071380955,0.00550818263099071,0.00177346161885515,0.00208486293702412,0.00217580127106481,0.00290818196685389,4.2045257345635047e-4,7.853507272445313e-4,1.2008370349132602e-4,4.1284604146428185e-4,3.305047476030459e-5,1.0942673158148856e-4,0.0057,9.18,23842.06192,FALSE,FALSE,TRUE,4.2045257345635047e-4,7.853507272445313e-4,low
Morocco,1.140355157878722,0.6174320634348599,0.4799767969107456,0.43570060554774287,0.2885319242434789,0.2993405047942308,0.22392817548114577,0.20986959964010152,0.04549821948945833,0.07332174969601146,0.0703310251500434,0.12726524903302647,0.01170887632681117,0.03182589830492459,0.0033095181985339,0.0138471608409775,8.814277993416272e-4,0.00448098166043206,0.0821,2.31,8623.265625,FALSE,FALSE,TRUE,0.01170887632681117,0.03182589830492459,low
Mozambique,0.41021355316213826,0.4147433123344874,0.1935192448642577,0.2903404791403371,0.14091850938988246,0.1963690505513168,0.07915993451270951,0.12968353929649226,0.01900546979980311,0.05304535934868093,0.03302239109350888,0.07774964550866258,0.00373725706449024,0.02191833063555406,0.0014672063261924,0.00822319905155507,3.9633284303044233e-4,0.00240080822451831,0.0049,0.16,1457.235409,FALSE,FALSE,FALSE,0.00373725706449024,0.02191833063555406,low
Myanmar,1.9304244132696693,1.2631907875280548,0.937985435369126,0.9738952604266718,0.5680553324880742,0.6604498869321044,0.36212639333239854,0.40971438310547553,0.08564498268542685,0.15934727475822347,0.15389906942702522,0.28901564366441546,0.01596169686040153,0.05712205537867494,0.00669618399190944,0.04030586253364544,0.00165230251823771,0.00928794680108852,4e-4,0.01,5178.447182,FALSE,FALSE,FALSE,0.01596169686040153,0.05712205537867494,low
Namibia,0.04495626195276097,0.02366901128634271,0.01372747542567448,0.01215566400894112,0.00815074782881039,0.00816945544620682,0.01039044366164785,0.00926863991634845,0.00134814054493547,0.00223849654265869,0.00202330779070228,0.00402990952626723,6.098711357229886e-4,0.00176174410981524,8.478522580868193e-5,3.7305936322488725e-4,2.229352957769773e-5,1.12363934014927e-4,0.0028,1.13,9709.099306,FALSE,FALSE,TRUE,6.098711357229886e-4,0.00176174410981524,low
Nauru,3.989921653315108e-4,1.8844549208785652e-4,1.5903486382799162e-4,1.2625984738032426e-4,9.431575304619904e-5,9.264381221548202e-5,8.258832389995445e-5,6.84843625580949e-5,1.6406816420529216e-5,2.381538517864096e-5,2.3352864900657546e-5,3.963855386599427e-5,4.21352144205341e-6,9.990423018967014e-6,1.0862725280314253e-6,4.390105531881448e-6,3.1337163574500085e-7,1.325991810178172e-6,2e-4,14.8,12196.64515,FALSE,TRUE,TRUE,8.258832389995445e-5,6.84843625580949e-5,mid
Nepal,0.48413475309420106,0.3410248426269401,0.18750395680264284,0.2100889051318117,0.1224347579499452,0.1437714099617757,0.09902789233153056,0.11938017707592184,0.0183439647223707,0.03651617747725358,0.02790293436282458,0.06026365263309463,0.0055527604490263,0.01957202924550178,0.00141684890288999,0.00701468504085002,3.146785047505008e-4,0.00187262859573466,0.0891,3.13,4546.2297,FALSE,FALSE,TRUE,0.0055527604490263,0.01957202924550178,low
Netherlands,2.2240866519667644,0.6193657025819256,0.9336126571932862,0.33720520488029826,0.5105362955899955,0.3071205023874458,0.4546097756409323,0.29165176904326423,0.11073898752189626,0.1016777025413214,0.12419187653816348,0.13870072609988388,0.02437272536361281,0.040437922324271,0.00658473315816592,0.01762500454863767,0.00184862075721396,0.00543407689641519,3.6785,213.48,68573.56488,FALSE,TRUE,TRUE,0.4546097756409323,0.29165176904326423,mid
New Zealand,0.6126704892154841,0.18480388957002455,0.2713039270912341,0.11238581730005562,0.14997615437621636,0.09676035401435289,0.12237014687109476,0.08522212896466373,0.03114058911133451,0.02959469735317955,0.03802460795229771,0.04482655019141626,0.00626895716776707,0.01095023657556648,0.00205999050695638,0.0063190273598011,5.422629395806319e-4,0.00167562142961436,0.5353,106.27,47996.67988,FALSE,TRUE,TRUE,0.12237014687109476,0.08522212896466373,mid
Nicaragua,0.21579459004605317,0.124769229757695,0.096593618040092,0.08951833362507094,0.06090900784056597,0.06937855369785123,0.04077087582928772,0.04001316103398576,0.00997675346304265,0.01673765455008934,0.01360702064564865,0.02450210538631167,0.00224868803584116,0.00678188773972665,7.609170784732672e-4,0.00376013483656893,1.4901010956408175e-4,9.404771226966036e-4,0.0314,4.81,7119.169234,FALSE,FALSE,TRUE,0.00224868803584116,0.00678188773972665,low
Niger,0.5004873280518635,0.4894559258780061,0.24247373665930216,0.36833520191989366,0.17499301994436417,0.2464607422472091,0.08830493412652218,0.13434025419736118,0.01978803639006501,0.05506008264578514,0.04363911718803107,0.08904305037892817,0.00377681534492449,0.02144550048201764,0.0021911086659392,0.01328695371892304,3.3343221539552855e-4,0.0027612765337694,1e-4,0.01,1585.59922,FALSE,FALSE,FALSE,0.00377681534492449,0.02144550048201764,low
Nigeria,6.960827318124381,4.672569076009275,3.1967434622042483,3.3158113728017242,2.0187207665387463,2.345734261709091,1.3009039876870208,1.351632991109553,0.2905187829401834,0.5692295475205092,0.500178562126149,0.8584278138069779,0.0724132893681365,0.24851590054884964,0.02261726821744806,0.12498390660321612,0.00683392575513312,0.03855103457803158,0.1375,0.68,5491.700341,FALSE,FALSE,TRUE,0.0724132893681365,0.24851590054884964,low
North Korea,0,0,0,0,0,0,0,0,0,0,0,0,0,0,0,0,0,0,0.0895,3.5,NA,TRUE,TRUE,TRUE,0,0,high
North Macedonia,0.11633651943692729,0.04351564851754271,0.0479959851400969,0.02864998781565414,0.0271494758538134,0.02224418428735161,0.02327715466729936,0.01614636328113238,0.00511323402940752,0.00595600910636329,0.00638321164168004,0.00833216632272615,0.00143627442105833,0.00361538735939606,4.206202872760955e-4,0.00164752338826811,1.1169030361419792e-4,4.989164899591114e-4,0.0319,15.34,22142.97287,FALSE,FALSE,TRUE,0.00143627442105833,0.00361538735939606,low
Norway,0.7054851391890891,0.18532057056354648,0.2683739186024323,0.0918261748838598,0.14468442948798158,0.08674752671187025,0.1522469880830404,0.09477032951068864,0.0330735656759254,0.02968133304355155,0.03595359845886888,0.040222983323129,0.00917136041720655,0.01787396052860785,0.00223324794317707,0.00670802690614342,5.998490725684295e-4,0.00206469103552856,2.1691,404.99,88984.13867,TRUE,TRUE,TRUE,0.7054851391890891,0.18532057056354648,high
Oman,0.178018269100834,0.05918411392424242,0.03252226029066883,0.01652060952461349,0.0185504281502341,0.01400148456834999,0.04581815405445044,0.03095145546531578,0.00367846636459882,0.00360993585516352,0.00450202310646601,0.00570566133307771,0.00319488151504138,0.00776375973032419,2.4388838517333704e-4,7.786307325493566e-4,6.690759055389757e-5,2.548764849999164e-4,0.1327,30.82,38719.45877,FALSE,TRUE,TRUE,0.04581815405445044,0.03095145546531578,mid
Pakistan,8.674924003694226,5.398831991781266,4.163664899825325,4.0489888228732145,2.600484535063938,3.012415085601852,1.5595164749769788,1.6955316691342863,0.4013930835604827,0.7784284754085272,0.6414626753796989,1.148882351548392,0.07907181886960651,0.26872230091497257,0.03281179845567368,0.1680875696974028,0.00600516411558148,0.03602772184531524,0.0489,0.24,5367.273647,FALSE,FALSE,FALSE,0.07907181886960651,0.26872230091497257,low
Palau,4.4453810734959446e-4,1.902664137856823e-4,1.2346205456668837e-4,8.996888752552444e-5,7.49307829414583e-5,7.106495543736419e-5,1.0676205368391892e-4,7.865112483291472e-5,1.3877827459472416e-5,1.785909252885246e-5,1.8489565679198916e-5,2.6078433107492528e-5,6.545672059489169e-6,1.7090601475216408e-5,1.0285248045372425e-6,3.793370517817391e-6,2.56837768210394e-7,1.0948010770891043e-6,5e-4,25.39,15663.17159,FALSE,TRUE,TRUE,1.0676205368391892e-4,7.865112483291472e-5,mid
Panama,0.16226504177997744,0.05238740979419343,0.04177916104707014,0.0215404871707812,0.02269258446286996,0.01766216074902362,0.03915439455340322,0.02587491956096025,0.00483938669484941,0.00552258825963108,0.00560913142148705,0.00710565636816828,0.00266704447372319,0.0061408430073877,3.4269288614707083e-4,0.00109070799782308,8.530415325922669e-5,3.2502690727065716e-4,0.1354,32.1,30932.76278,FALSE,TRUE,TRUE,0.03915439455340322,0.02587491956096025,mid
Papua New Guinea,0.25273809263993796,0.17533398766783315,0.1168566485911094,0.12871658671635755,0.07309469705266923,0.089149439601968,0.04668817903218043,0.05343681426008337,0.01144996447582499,0.02322693373772511,0.01827510718876797,0.0330271999481465,0.00257630884664223,0.01065203022010845,0.00106979660301053,0.00537616074111848,2.4741933021474864e-4,0.00149697170110826,0.0358,4.17,3976.903801,FALSE,FALSE,TRUE,0.00257630884664223,0.01065203022010845,low
Paraguay,0.15541782444434774,0.06971067570246363,0.03621932331759622,0.02656049653787532,0.02201658926972929,0.02140007476374783,0.03845365320686973,0.02856313774337243,0.00397415005576285,0.00500152379889617,0.00535768061074286,0.007922950936344,0.0026728385787295,0.00702101818541863,3.3080469429402383e-4,0.00134650406408955,6.856103501472901e-5,3.1374780003166837e-4,0.0513,7.18,15406.16706,FALSE,FALSE,TRUE,0.0026728385787295,0.00702101818541863,low
Peru,1.1582331922712403,0.4979397494710603,0.421423441840332,0.3144063115839638,0.2498413464263582,0.22374941641283175,0.24668601922666217,0.18252087100061867,0.04445700927383062,0.05699908969685793,0.06047660506348487,0.08528547732806185,0.01531532260871933,0.03479161595256058,0.00360864282244026,0.01502833165684408,8.947011346785238e-4,0.00422182059905077,0.2678,8.24,15280.55121,FALSE,FALSE,TRUE,0.01531532260871933,0.03479161595256058,low
Philippines,3.634797890545365,1.951812694109825,1.5266484483557914,1.336445473558942,0.9574092957710184,0.9672026807362302,0.7017249664006004,0.595428401373176,0.15428428772660777,0.22871519817608815,0.2197728910638229,0.3423168692399236,0.04009046564111709,0.11140661369823927,0.01515324083536766,0.06111979864021162,0.00273946551597034,0.01366952607918738,0.0165,0.15,8857.789951,FALSE,FALSE,FALSE,0.04009046564111709,0.11140661369823927,low
Poland,1.942794052734545,0.5916166570529294,0.6003315286965422,0.28366404308580284,0.3224828515216445,0.23640155476372884,0.4469005571513743,0.2784240063296894,0.06701660080892892,0.06494373887225442,0.0785488036975205,0.09952776174173952,0.02937503473990857,0.06430215455538575,0.00457428206258796,0.01395409992329768,0.00123735591532074,0.00504814478086692,1.7024,44.83,41059.58478,FALSE,TRUE,TRUE,0.4469005571513743,0.2784240063296894,mid
Portugal,0.8609320483800879,0.27265682415453024,0.3551299276871489,0.1651417658795371,0.19826328414389627,0.13672320394552312,0.17978225207414153,0.1254947733378999,0.0409991873823885,0.04113784037361385,0.04896968143788681,0.06231588276652552,0.01022109325307398,0.01972092045555337,0.00301129705193981,0.01020499536958352,7.630388905177435e-4,0.0028614253774958,0.8695,84.7,38657.66772,FALSE,TRUE,TRUE,0.17978225207414153,0.1254947733378999,mid
Qatar,0.22421233900782064,0.07607263097210135,0.02442577038340698,0.00898816896888232,0.0128585343891602,0.00750134689353607,0.06116212137997529,0.04298239319452292,0.00299565058691222,0.00277330844434889,0.00318004459538448,0.00349474198113464,0.00462906683753123,0.01168194832449319,1.9760983374128983e-4,6.203764224042238e-4,5.270502555547377e-5,1.832122909178396e-4,0.2287,83.07,116832.5703,FALSE,TRUE,TRUE,0.06116212137997529,0.04298239319452292,mid
Republic of Ireland,0.7596898193668431,0.19676056643300116,0.2831144851268111,0.08932169006945527,0.14944758717733808,0.08678914957779026,0.16459386396925926,0.10151959861785012,0.03399879706573343,0.02991464548540614,0.03677473431341298,0.03960894707074762,0.01021390888468507,0.01894062294337887,0.00228885694539612,0.00647577045966421,6.099734697429726e-4,0.00194883490640327,0.5148,104,116903.6124,FALSE,TRUE,TRUE,0.16459386396925926,0.10151959861785012,mid
Republic of Korea,2.2079690896216575,0.5276820505308009,0.9440503347262926,0.2017495091374255,0.7649969466110137,0.39917045374958826,0.4622956528456595,0.2862276715331596,0.09661944291603844,0.082610208300429,0.18651807307527887,0.1855700396955528,0.02432335401991267,0.04565771523233757,0.00788204142872319,0.0238882863023193,0.00260190317416403,0.00837667271950692,7.2547,139.93,48419.64325,TRUE,TRUE,TRUE,2.2079690896216575,0.5276820505308009,high
Republic of Moldova,0.10108727915747848,0.04197410911251316,0.03308627007037757,0.02403154625777974,0.01913707559775363,0.01776500326939467,0.02326633923472378,0.01745057361586542,0.00366348499581596,0.00458247925160981,0.00489838264171011,0.00735370115031999,0.00148951261535345,0.00354086156320959,2.7680056633611164e-4,0.00116605237478274,7.241038133592632e-5,3.3247525402072177e-4,0.0051,1.43,15682.07033,FALSE,FALSE,TRUE,0.00148951261535345,0.00354086156320959,low
Romania,0.8319484660993303,0.2613770561311078,0.2229094478847263,0.11527992264385303,0.12188798155222492,0.08218439489995281,0.2023993813212071,0.12688619811067176,0.02582109999210921,0.025231952939209788,0.03173956027353515,0.03900894631422953,0.01272827642353025,0.0247321303226352,0.00183979242351524,0.00633198386598128,4.908028778621993e-4,0.00176659191674329,0.3761,19.27,37730.37084,FALSE,TRUE,TRUE,0.2023993813212071,0.12688619811067176,mid
Russian Federation,11.534597732920068,3.777615583394521,4.729189668464083,2.227383119653861,2.6485341410000864,1.9388229326305848,2.3664754718845273,1.6439880100773796,0.5306764458229367,0.535459037647971,0.6433736796248775,0.8038443928465759,0.13182843384407947,0.26029412598118984,0.03813124644613731,0.12832361102255624,0.00983722382996116,0.03341885812321812,0.8921,6.08,38638.42969,FALSE,FALSE,TRUE,0.13182843384407947,0.26029412598118984,low
Rwanda,0.03785602454305219,0.01561796223119849,0.00919064310070196,0.00559902147664796,0.00636938193446817,0.00442650534550478,0.00882753332965548,0.00605859901040854,0.00112108228576465,0.00122266574358066,0.00156471580202788,0.001781739454959,6.50650729029152e-4,0.00145261911566408,7.832889713663473e-5,2.7430268744157933e-4,4.587191999277395e-5,2.3542088249870716e-4,0.0035,0.28,2733.435668,FALSE,FALSE,TRUE,6.50650729029152e-4,0.00145261911566408,low
Saint Kitts and Nevis,0.00163323431668073,6.177357969075911e-4,3.045802122628476e-4,1.7390896061140603e-4,1.7528741298897e-4,1.3951455358070486e-4,4.3145291453327845e-4,3.1052272751358776e-4,3.554903406878115e-5,3.775878296746647e-5,4.292143361583614e-5,5.563226012918172e-5,3.078020563007041e-5,8.071903079083506e-5,2.363457293252232e-6,8.441592917567394e-6,5.694851222126768e-7,2.2577568763604617e-6,0.003,56.98,26896.61771,TRUE,TRUE,TRUE,0.00163323431668073,6.177357969075911e-4,high
Saint Lucia,0.00460187518377744,0.00176859663960641,0.00119400635254701,8.079873075495247e-4,6.900442458352961e-4,6.316087659718283e-4,0.00111969741800718,7.737790287579372e-4,1.288322893312873e-4,1.525892559426565e-4,1.6850643326825357e-4,2.3167692741400513e-4,7.976064702456244e-5,2.1281333820347812e-4,9.11838569982162e-6,3.39728433862061e-5,2.3218014426984992e-6,8.536697994710356e-6,0.0054,29.98,19101.1653,FALSE,TRUE,TRUE,0.00111969741800718,7.737790287579372e-4,mid
Saint Vincent and the Grenadines,0.00554953297688632,0.00237737981049891,0.00239550429883554,0.0016933177850039,0.00135881342864878,0.0011914448062317,0.00112269507833562,8.629457431344077e-4,2.698759866790283e-4,3.29875229440508e-4,3.2553803354974745e-4,4.7384452886778e-4,6.56709645307178e-5,1.492383829780871e-4,1.986875458506243e-5,8.76644276755306e-5,5.355670689202728e-6,2.1915700863674808e-5,0.0026,23.29,16200.89946,FALSE,TRUE,TRUE,0.00112269507833562,8.629457431344077e-4,mid
Samoa,0.00650454252581868,0.00405201138257725,0.00295030577412544,0.00294822084220428,0.0017894452880081,0.00212716242919297,0.00124779106343104,0.00117755253999246,2.757363850139474e-4,5.029865055767573e-4,4.606701667012911e-4,7.802295699088882e-4,5.762744015392505e-5,1.962483923951059e-4,2.3107764280525268e-5,1.2390126707140334e-4,5.294879660567176e-6,3.126534049777299e-5,0.001,5.16,6214.016928,FALSE,FALSE,TRUE,5.762744015392505e-5,1.962483923951059e-4,low
San Marino,0.00308387163348193,8.583693737263166e-4,0.00112186901869196,4.346293887844256e-4,6.177313322919518e-4,4.008897018867037e-4,6.575654545185643e-4,3.9388265919017794e-4,1.2893566030906705e-4,1.2147212636245448e-4,1.4267928228330664e-4,1.5679807920835828e-4,4.1607535244895135e-5,7.984526956355046e-5,9.41866029485152e-6,3.095071699904231e-5,2.27139082655712e-6,7.509152479300764e-6,0.0075,222.24,64745.13168,TRUE,TRUE,TRUE,0.00308387163348193,8.583693737263166e-4,high
Sao Tome and Principe,0.00181199781550142,0.00157369850855569,3.496550164652071e-4,3.756629958192973e-4,2.1102849815794592e-4,2.4742905345130785e-4,5.162069716744378e-4,6.468223970827508e-4,3.283286776621053e-5,6.310624332450379e-5,5.055588498154841e-5,8.63145742906863e-5,3.263490234568538e-5,1.2999097777687015e-4,2.380559253358838e-6,1.226059648642732e-5,6.092747043650598e-7,3.758617949553256e-6,1e-4,0.61,5732.694561,FALSE,FALSE,TRUE,3.263490234568538e-5,1.2999097777687015e-4,low
Saudi Arabia,5.299327541439082,1.4978309514906265,2.2909698153942184,0.8499324673977393,1.2384236125955592,0.7772399946797596,1.0631088863124964,0.7011767726825672,0.26348468931595437,0.2337580040183496,0.3079435083862873,0.33994376880394434,0.05923216579173449,0.11550046858620144,0.01745360868804996,0.05293981893910478,0.00489742370109492,0.01844098860238525,1.2518,36.73,62690.49666,FALSE,FALSE,TRUE,0.05923216579173449,0.11550046858620144,low
Senegal,0.4595293690267679,0.32927775221422406,0.2092681692184713,0.2441581773649446,0.14482719245305398,0.1821441850708591,0.08230173899803207,0.09255928215053172,0.02122385581118002,0.04054414131410049,0.03124018978239676,0.05840487900375048,0.00514769954489748,0.01836227392471789,0.00192950120575355,0.0083729392957754,6.45592074975134e-4,0.00510225880566796,0.0044,0.27,4173.677414,FALSE,FALSE,FALSE,0.00514769954489748,0.01836227392471789,low
Serbia,0.27357944518770244,0.0976117011127396,0.07517614005788723,0.04664778091129597,0.04189421394203167,0.03509529113312151,0.06335290533143201,0.04244312608714381,0.00805048681211154,0.00890774557963021,0.01016118601911286,0.01385505072089967,0.00439553215259368,0.01017894072801457,5.776006348822082e-4,0.002058988433494,1.7913869720067446e-4,7.859068417808649e-4,0.11,15.79,23404.99711,FALSE,TRUE,TRUE,0.06335290533143201,0.04244312608714381,mid
Seychelles,0.00799804314504963,0.00268997547529905,0.00335756656323233,0.00168935998836267,0.00185086067267539,0.00137569093575338,0.00158376346424269,0.00106973420256457,3.67094288062107e-4,3.646310966544109e-4,4.606500818010597e-4,5.694792311925559e-4,9.0751079503927e-5,1.6060262620979206e-4,2.3217551096251436e-5,7.128694729170727e-5,8.439171223291455e-6,3.433244496901999e-5,0.0013,13.61,29979.82727,FALSE,FALSE,TRUE,9.0751079503927e-5,1.6060262620979206e-4,low
Sierra Leone,0.10118576055505848,0.0920473332099802,0.04042475993463418,0.05447583811511374,0.02753275173045713,0.03781854254541766,0.02137537774623159,0.02884606261904524,0.00395920672901021,0.00887436662607721,0.00663747046285811,0.01350454825221788,7.834098970926553e-4,0.00497166470187696,3.0714884845750546e-4,0.00181124504905751,9.919913636422664e-5,5.366075373673878e-4,0.0014,0.18,2851.952081,FALSE,FALSE,TRUE,7.834098970926553e-4,0.00497166470187696,low
Singapore,0.7092580700212128,0.19569451729806825,0.18872917561903887,0.06687132778853742,0.10111009377445151,0.06244514189197708,0.16645597691760222,0.0988468095088424,0.02344110586964749,0.02138826988473058,0.02489476771487682,0.02750389836311641,0.01119088902116585,0.01971004263735981,0.00147937822538512,0.00421779402392236,4.944675981499444e-4,0.0018163122459461,1.1604,204.66,132617.354,FALSE,TRUE,TRUE,0.16645597691760222,0.0988468095088424,mid
Slovakia,0.395323725932753,0.12274213402987616,0.1542292036175188,0.07057758407293974,0.08632883828491802,0.05886377640463899,0.08172657273854526,0.05143395195793823,0.01759385562299518,0.01665501856892604,0.02135405553674553,0.02439704613392921,0.00495530956760439,0.0087314751425982,0.00107786324499193,0.00323048286645455,4.0255377290635095e-4,0.00174794539601335,0.3082,56.55,38346.09358,FALSE,TRUE,TRUE,0.08172657273854526,0.05143395195793823,mid
Slovenia,0.10322875582696454,0.0312676570295415,0.02779203027903019,0.01268950444645563,0.01504870483236337,0.01054880847102132,0.02392970344670416,0.01416141732251377,0.00311580919775138,0.00303757516147541,0.00384849104452374,0.00446521352742154,0.00162809186091779,0.00321092652876363,1.9458335746540563e-4,5.35287958743476e-4,7.334385112893166e-5,2.6622066015966343e-4,0.1215,58.73,45914.05724,FALSE,TRUE,TRUE,0.02392970344670416,0.01416141732251377,mid
Solomon Islands,0.02036283442654055,0.01738591290300588,0.01041793028938343,0.01353195221324755,0.00659768551093885,0.00875743845375114,0.00350704407923587,0.00477704599447517,9.876146084395103e-4,0.00217742367686513,0.00159959985925294,0.00311424354339647,1.4279119359184798e-4,7.241691537495564e-4,7.272693527910901e-5,4.478127307125312e-4,2.2636748312832677e-5,1.6481115286127068e-4,0.0021,3.26,2518.421624,FALSE,FALSE,TRUE,1.4279119359184798e-4,7.241691537495564e-4,low
Somalia,0.18400369516573845,0.20704296328392308,0.08656386547720277,0.12339955346490653,0.05771160474362959,0.0804682782998182,0.036689729867153,0.06409827810253094,0.00707446603248394,0.01839686688604707,0.01404236960079819,0.03120726453555361,0.00168854585218227,0.01332039661730309,6.118882406490858e-4,0.00382796580869032,2.683564090612711e-4,0.00198587151268654,0.0026,0.17,1392.46426,FALSE,FALSE,FALSE,0.00168854585218227,0.01332039661730309,low
South Africa,1.937905991596572,0.8403649685095632,0.751792449012341,0.5359083086535038,0.4294009347279031,0.403283201717114,0.3949307575577219,0.2896373114733022,0.07677228944497541,0.1033524359215712,0.10515931831200606,0.1589225273972336,0.02285845589512309,0.05354089057826091,0.00471065814723552,0.0198166835491355,0.00204269455193286,0.00961728156345814,2.2861,38.86,13711.29357,FALSE,TRUE,TRUE,0.3949307575577219,0.2896373114733022,mid
South Sudan,0,0,0,0,0,0,0,0,0,0,0,0,0,0,0,0,0,0,0.0011,0.09,NA,TRUE,TRUE,TRUE,0,0,high
Spain,1.3500713726449944,0.36535958683118575,0.2908256630682677,0.08220079368586135,0.19491165367144067,0.10801697162064317,0.2943094196604126,0.1715360382974006,0.03318710277321792,0.02624178824696814,0.04890589925046863,0.05031877400721434,0.01974457140863496,0.03551316034335101,0.00228546682808355,0.00581123152449514,9.91207556229341e-4,0.00346955744370578,8.3063,178.03,44251.66582,TRUE,TRUE,TRUE,1.3500713726449944,0.36535958683118575,high
Sri Lanka,0.9132547462651848,0.39953659240208544,0.3730448824046739,0.2710558924534113,0.21700702836312383,0.20776947841761056,0.18487929919109392,0.13828916596984558,0.03947809389151327,0.05019482449393069,0.05466638263669202,0.07832234695526093,0.01008421356223224,0.02113818861331707,0.0025849250115371,0.01041220280190157,7.970508127890122e-4,0.00314091026337932,0.04,1.82,14316.13522,FALSE,FALSE,TRUE,0.01008421356223224,0.02113818861331707,low
Sudan,0.4857052927154385,0.42027316822864175,0.176809123073458,0.22489154268255088,0.11452109236701584,0.15805691490157495,0.10311389959333855,0.13619479062122627,0.01614618636036987,0.03387370933412305,0.03083201264913581,0.05717669424963853,0.00551969389368933,0.02667783724267109,0.00144514640991495,0.00778434153851858,4.113957847874685e-4,0.00230676741164241,0.0463,1.07,3248.975586,FALSE,FALSE,TRUE,0.00551969389368933,0.02667783724267109,low
Suriname,0.0119700642562748,0.00522774588376867,0.00212779528345156,0.00141902750266469,0.00121110127682245,0.0010574562322749,0.00303714168714246,0.00226396398264477,2.2627631831357008e-4,2.6155558459598524e-4,2.9840151769016125e-4,3.989817639388858e-4,2.2897059548084795e-4,5.882411785222505e-4,1.5337904625117026e-5,5.539103136508782e-5,4.6539028783605185e-6,2.373166382266201e-5,0.0095,15.9,18458.235,FALSE,TRUE,TRUE,0.00303714168714246,0.00226396398264477,mid
Sweden,1.887031598712904,0.4610932578223889,0.6287881841500528,0.1452464582049607,0.3643080796661355,0.1900519955664746,0.407738439997526,0.23707239945373476,0.07633615329838105,0.06182902271202355,0.09020429337873424,0.08914127950201083,0.0275829953420402,0.04733342054681745,0.0048590039779824,0.01174442350238644,0.00197152926320086,0.00728865092158631,3.3758,327.04,62731.70062,TRUE,TRUE,TRUE,1.887031598712904,0.4610932578223889,high
Switzerland,1.3808973789649437,0.32201550414878044,0.5923139610490943,0.13985382087131945,0.21795949326224587,0.11224995992621915,0.29278947302701885,0.1812042225371116,0.0796727869896249,0.06608254212000385,0.05520857052880653,0.05596534770353646,0.01619846666612906,0.02859105858619565,0.00487486471596329,0.01200460350607748,0.00102597346995472,0.00386820661379956,4.2189,493.73,81001.41112,TRUE,TRUE,TRUE,1.3808973789649437,0.32201550414878044,high
Syrian Arab Republic,0.13465872369431764,0.1116768359229483,0.04001370933214657,0.04553977423352132,0.02437096813891481,0.03090431436343533,0.03235182379139845,0.03761445636866529,0.00384329529368541,0.00691520489410373,0.00617471128818924,0.0122164813328772,0.00167941770183602,0.00720819279006679,3.0092391117684755e-4,0.00163336766795706,7.104356152073126e-5,4.458852663495872e-4,0.028,1.66,4592.838601,FALSE,FALSE,TRUE,0.00167941770183602,0.00720819279006679,low
Taiwan,2.7011406410318837,0.6911506523372315,1.6501829802443362,0.49223344963930454,0.6240913164410729,0.4350516502878823,0.4249179021773002,0.284035863319372,0.1461723480283127,0.12643979447708678,0.16143588179100823,0.19499449520554615,0.02292777287924721,0.04342200827005841,0.01157816103490306,0.03519142720943914,0.00267800964777576,0.01174929311731705,6.3776,269.82,64700,TRUE,TRUE,TRUE,2.7011406410318837,0.6911506523372315,high
Tajikistan,0.142298308581237,0.11000255710912968,0.05505263452227801,0.07102440074484054,0.03490782153142696,0.04454908683886174,0.03003605428740429,0.03499732759094211,0.00529482884722867,0.01118755196808806,0.00896955152127606,0.01799448234508706,0.00151245776079846,0.00549068217382693,3.8826741833666975e-4,0.00251125879423305,8.757223795851813e-5,6.414178905443205e-4,0.0306,3.29,3985.912476,FALSE,FALSE,TRUE,0.00151245776079846,0.00549068217382693,low
Thailand,3.1845798640404746,1.2488327042826082,1.2537279862057804,0.7991850997139285,0.7080884772165436,0.5966296318232356,0.6600750111701018,0.4511829329278516,0.13742138865943784,0.15652551361220293,0.1789336528993633,0.2460869312929168,0.03831411852688058,0.08254014722318209,0.00938729080644744,0.02944692836556881,0.00331431120935798,0.01415357039087908,0.1917,2.82,20242.77,FALSE,FALSE,TRUE,0.03831411852688058,0.08254014722318209,low
Timor-Leste,0.01987451905036449,0.01257403467185193,0.00578776953765448,0.00577642360064701,0.00378155130234146,0.00415635657092743,0.00451141226137239,0.00432605776752163,6.002607689057299e-4,9.884361833693593e-4,8.794476909748262e-4,0.00159193167726418,3.20870658417441e-4,9.408397612838444e-4,4.375387335392913e-5,1.9607763946786477e-4,7.421319279754042e-6,7.256860109254689e-5,7e-4,0.55,6824.792339,FALSE,FALSE,TRUE,3.20870658417441e-4,9.408397612838444e-4,low
Togo,0.1598343316111837,0.1339967846310176,0.07424775522177969,0.10187162543886066,0.0513297554597216,0.06493560132950263,0.02854646168567811,0.03872116924248006,0.00668741709261179,0.01561979574946304,0.01250830332171466,0.02435831210385579,0.00146529676915061,0.00645597262649891,6.279809954279201e-4,0.00370060368895919,1.7654254081825844e-4,0.00125824116544252,0.0017,0.2,2577.201963,FALSE,FALSE,FALSE,0.00146529676915061,0.00645597262649891,low
Tonga,0.00329007402093224,0.00194099304175042,0.00144366983069347,0.001338791510374,8.893938551093379e-4,9.743122665624148e-4,6.311804135604532e-4,5.673548956232491e-4,1.4286865226850374e-4,2.2278673510836748e-4,2.1786028291084645e-4,3.586470959194158e-4,2.940716327269003e-5,8.840946580649278e-5,1.0005753197465896e-5,4.150271075462602e-5,3.333387406257283e-6,1.5205628629047564e-5,0.0017,16.62,7034.92497,FALSE,TRUE,TRUE,6.311804135604532e-4,5.673548956232491e-4,mid
Trinidad and Tobago,0.07934768707333859,0.02622145950162644,0.0291306470261123,0.01513517488815192,0.0162822797984292,0.01176330179048717,0.01684383482478149,0.01077597862212142,0.00336421140047331,0.00338679634836762,0.00406347723308213,0.00503088527904934,0.00105647153221956,0.00188678062186148,2.162823659511014e-4,6.635679880901022e-4,7.622841938471797e-5,2.913010605072191e-4,0.0737,53.4,30424.66489,FALSE,TRUE,TRUE,0.01684383482478149,0.01077597862212142,mid
Tunisia,0.4971343077783879,0.2344462181833633,0.21888157779048176,0.1698591049638726,0.1261695420353855,0.11743846149089145,0.0973055460308003,0.07864319159178368,0.0225517635128393,0.03044260487507393,0.03140450606818087,0.04705737605378108,0.00521811509043145,0.01270982307514759,0.00132017604560441,0.00575740319667679,5.134485258179424e-4,0.00273613245116035,0.0609,5.17,12444.3264,FALSE,FALSE,TRUE,0.00521811509043145,0.01270982307514759,low
Turkey,4.906201756946492,1.5939440480827023,1.8513144172822624,0.9362923286643868,1.0384919972781956,0.7559643180439538,1.0276843053804576,0.6420597619355894,0.2099004202281533,0.20035243763105215,0.25211887932532495,0.3093280010646186,0.0642779002964002,0.11899491772060904,0.01387643988693744,0.04357980978912996,0.00458994436674679,0.01752148181694908,0.8299,10,31338.26652,FALSE,FALSE,TRUE,0.0642779002964002,0.11899491772060904,low
Turkmenistan,0.1258405343275704,0.05210553467765295,0.03203454018201931,0.02301999164586327,0.01888453978840265,0.0165074735456128,0.02970671436165845,0.02135631747618351,0.00356026721720639,0.00432194614362542,0.00459048087009042,0.00661475922590734,0.0019563468732643,0.00446972381291274,2.4754914149436073e-4,9.41674707225192e-4,8.25117631625497e-5,3.676354122838755e-4,0.1348,22.57,16434.13991,FALSE,TRUE,TRUE,0.02970671436165845,0.02135631747618351,mid
Tuvalu,1.499072292701889e-4,1.0822589392926256e-4,4.612883830406097e-5,5.110687086807169e-5,2.8485386517255416e-5,3.608623832654627e-5,3.39449494696313e-5,3.701914471823396e-5,4.889021131346695e-6,9.203874771148896e-6,7.253664903927216e-6,1.298484077597191e-5,2.4190426779978295e-6,8.468258541730672e-6,3.514986561309745e-7,1.5047765488594594e-6,1.4201369680951857e-7,1.0326663063934464e-6,1e-4,6.81,5352.978625,FALSE,TRUE,TRUE,3.39449494696313e-5,3.701914471823396e-5,mid
Uganda,0.8714885265885223,0.7371423543798199,0.4231772151910052,0.5379225035156018,0.2677051549531786,0.3416348647035271,0.15484012478992878,0.2068096852357065,0.03839692683738016,0.08942287071340463,0.06491273908616925,0.143382188551434,0.00706894794581524,0.03204519713344243,0.00269599020141963,0.01563271117439351,7.559151341015288e-4,0.00628176926216768,0.0124,0.31,2684.920359,FALSE,FALSE,TRUE,0.00706894794581524,0.03204519713344243,low
Ukraine,2.12625019406971,0.8582450949295504,0.9199784930731172,0.5923036915794989,0.5190615841123292,0.4473091347511175,0.42106984350993065,0.3000006304169194,0.10004024267995264,0.11583318397452393,0.1318533272191909,0.16525806842377952,0.02458745287188536,0.0500374037239235,0.00685429750482167,0.0241397627720342,0.00223248327203258,0.00817502434146423,0.0589,1.41,17846.4082,FALSE,FALSE,TRUE,0.02458745287188536,0.0500374037239235,low
United Arab Emirates,1.0417693581698908,0.27737060247655865,0.39834240653842445,0.1458661041076681,0.20967922106139583,0.124507767929919,0.22048613119942187,0.13189575609622267,0.04535353230728056,0.0387168737349733,0.05431931045718801,0.05856203091840551,0.01401565064640755,0.02399970429054177,0.00333954793058027,0.00956933782254487,9.063542792027356e-4,0.00251572492443483,0.6985,64.99,67401.12129,FALSE,TRUE,TRUE,0.22048613119942187,0.13189575609622267,mid
United Kingdom of Great Britain and Northern Ireland,2.939852319779119,1.1502136897561326,0.754020055808468,0.39635947617453743,1.2409306136023657,0.7644121078688961,0.5586680957893793,0.4284701293894169,0.08142613102138775,0.08758390357946995,0.30554549817551774,0.3127480488405432,0.02711082369106916,0.06613821078187905,0.00461282725055434,0.01733724386511279,0.00370816921178229,0.0116541175783658,9.5769,143.22,51004.42717,TRUE,TRUE,TRUE,2.939852319779119,1.1502136897561326,high
United Republic of Tanzania,0.8317951575789968,0.36422121562681686,0.21274875498218196,0.13815766979960542,0.1049157054489459,0.08377770494303685,0.17797324851135116,0.13436037824411917,0.02213418280148965,0.0255966299950467,0.02708869345041388,0.03630605160225417,0.01328615014579416,0.03140676994257893,0.00182851496488636,0.0068474523561031,3.8548510512895787e-4,0.00119293358764296,1e-4,0.01,3493.083008,FALSE,FALSE,FALSE,0.01328615014579416,0.03140676994257893,low
United States of America,44.29584428612886,10.58159638862457,13.574736716128958,3.1507402805731206,10.320530066735252,5.204837487485143,9.999453780952736,5.847667556286858,1.6441147859426888,1.2839706425587942,2.621567649273837,2.5108120656012427,0.6073997798387916,1.02195416766445,0.111422268996341,0.30989335181919964,0.04893103175107687,0.13955271061662541,133.5058,405.46,71307.40173,TRUE,TRUE,TRUE,44.29584428612886,10.58159638862457,high
Uruguay,0.08503303352146781,0.03470609226670428,0.00925047524079798,0.0050393955187129,0.00510332903974977,0.00396177582993934,0.02280660426236414,0.01721792549023016,0.00103330620733807,0.0010407230818849,0.00132508812552704,0.00158740574061929,0.00177241255771137,0.00422871587864877,7.30222721133584e-5,2.938980217004342e-4,2.2841321973259405e-5,1.0558221477914208e-4,0.1075,30.56,29431.88501,FALSE,TRUE,TRUE,0.02280660426236414,0.01721792549023016,mid
Uzbekistan,0.8999074494686199,0.4512338149151129,0.3453132450779642,0.2976373509171978,0.2121487776416694,0.21827721864585803,0.19033566719000072,0.16267584545461125,0.03496618360348364,0.05538741868408129,0.05376700805566123,0.0827549546310553,0.01167617214276553,0.03207847191074499,0.0028824984330192,0.01434664889723888,7.908886210697067e-4,0.00384796716167624,0.2183,6.61,9247.643827,FALSE,FALSE,TRUE,0.01167617214276553,0.03207847191074499,low
Vanuatu,0.00790714502131673,0.00615814059352861,0.003926465180292,0.00471915925720039,0.00246173158573714,0.00313630435283027,0.00145184263080369,0.00168935868903592,3.652745781907047e-4,7.532896307669056e-4,6.20433368049186e-4,0.00117922743937927,6.222243928779475e-5,2.7786565000284595e-4,2.4106811275107364e-5,1.7348146356127025e-4,7.80273426526593e-6,5.089813317060519e-5,1e-4,0.51,3135.836649,FALSE,FALSE,FALSE,6.222243928779475e-5,2.7786565000284595e-4,low
Venezuela,0,0,0,0,0,0,0,0,0,0,0,0,0,0,0,0,0,0,0.49370000000000003,17.93,NA,TRUE,TRUE,TRUE,0,0,high
Viet Nam,5.212731356692618,2.5479970165696764,2.3860641191320417,1.8708421862676323,1.4213334921134064,1.3321883456499397,0.9923765152405812,0.7920331626787318,0.25146154323805403,0.3251020146375887,0.3474525001175914,0.4926885296532425,0.05595774184612474,0.12523487601925376,0.02220510659340983,0.08620109997946206,0.00604860341229515,0.02593269213089603,0.057,0.6,12048.90199,FALSE,FALSE,FALSE,0.05595774184612474,0.12523487601925376,low
Yemen,0,0,0,0,0,0,0,0,0,0,0,0,0,0,0,0,0,0,0.0098,0.31,NA,TRUE,TRUE,TRUE,0,0,high
Zambia,0.5478385486325231,0.43684433925363014,0.26740871010679085,0.33453922306006034,0.1705144191786479,0.2116035790262238,0.09591509761073055,0.11467615777929448,0.02324061682235413,0.0509858961456305,0.04148772978849991,0.07910191563714677,0.00411403710074653,0.01947636551324657,0.00201670291978299,0.01210148768992191,4.889650743780382e-4,0.00272555651563331,8e-4,0.04,3503.034914,FALSE,FALSE,FALSE,0.00411403710074653,0.01947636551324657,low
Zimbabwe,0.5777749434826677,0.46141299961823673,0.30025515861773866,0.3562711234665114,0.18806997735870729,0.23669313960069557,0.1011991091328956,0.1253123350334661,0.02654695769128582,0.05870437406247893,0.04825002612841567,0.08416285255991288,0.00486799766423093,0.01965513934557469,0.00238469618081108,0.01496672619830763,6.604598620887755e-4,0.00373326163188081,0.0587,3.94,3184.784602,FALSE,FALSE,TRUE,0.00486799766423093,0.01965513934557469,low
