LocationHeader,Region,Superregion,iso3c,selected_Mean_total_billions,selected_SD_total_billions,selected_Mean_perio_billions,selected_SD_perio_billions,selected_Mean_replace_billions,selected_SD_replace_billions,selected_model,Dent_exp_usd,Dent_exppc_usd,GDP_per_capita_PPP_2021,Country,Level
Global,NA,NA,NA,131.75238943418302,13.2141545300293,45.7930516944243,4.57782507330865,32.24808281782284,6.8174632918398705,NA,NA,NA,NA,Global,0
"Central Europe, Eastern Europe, and Central Asia",NA,"Central Europe, Eastern Europe, and Central Asia",NA,1.8098775435516916,0.4474338170956061,0.30306189381143056,0.14822914476612364,0.2986980731904287,0.13315401335074725,NA,NA,NA,NA,NA,1
  Central Asia,Central Asia,"Central Europe, Eastern Europe, and Central Asia",NA,0.09908432792475272,0.054672660258880984,0.019112471707005255,0.018944862057409778,0.018205712711752215,0.018087140561535188,NA,NA,NA,NA,NA,2
    Armenia,Central Asia,"Central Europe, Eastern Europe, and Central Asia",ARM,0.03315676618833694,0.02687301518208246,0.00827212509018764,0.01026360387104802,0.01118178039554428,0.01598898600006909,mid,0.113,38.05,15921.70528,Armenia,3
    Azerbaijan,Central Asia,"Central Europe, Eastern Europe, and Central Asia",AZE,0.0060414172789508,0.01244789466110508,0.00149584214514964,0.00559952560601778,4.6636127995086066e-4,0.00199106677127423,low,0.1268,12.61,20111.3757,Azerbaijan,3
    Georgia,Central Asia,"Central Europe, Eastern Europe, and Central Asia",GEO,0.00187822170752265,0.00401788951201135,4.487702784810045e-4,0.0018227407025957,1.337967075977314e-4,5.525861346646637e-4,low,0.0116,3.13,18915.6534,Georgia,3
    Kazakhstan,Central Asia,"Central Europe, Eastern Europe, and Central Asia",KAZ,0.0118854596343183,0.02556913290758135,0.001341030058423,0.00459551788997927,4.045328215391662e-4,0.00143683575856194,low,0.061,3.27,32945.85157,Kazakhstan,3
    Kyrgyzstan,Central Asia,"Central Europe, Eastern Europe, and Central Asia",KGZ,0.00180259482998049,0.00597771101924029,5.865415342634921e-4,0.00323476753034426,1.7601755999519054e-4,0.00104406979765959,low,0.0039,0.6,5736.478834,Kyrgyzstan,3
    Mongolia,Central Asia,"Central Europe, Eastern Europe, and Central Asia",MNG,0.00176985759591399,0.00392168569645337,5.224546241321764e-4,0.00206106391095049,1.542094555473648e-4,6.65578905080763e-4,low,0.0352,10.65,14792.25091,Mongolia,3
    Tajikistan,Central Asia,"Central Europe, Eastern Europe, and Central Asia",TJK,0.00169154713210301,0.00692427823762917,4.136746738696931e-4,0.00244768975920829,1.2060279698792257e-4,8.10353539095017e-4,low,0.0306,3.29,3985.912476,Tajikistan,3
    Turkmenistan,Central Asia,"Central Europe, Eastern Europe, and Central Asia",TKM,0.0301253450502568,0.02229486982696312,0.00350152506990496,0.00438467202189679,0.00480177755983167,0.00679634741936049,mid,0.1348,22.57,16434.13991,Turkmenistan,3
    Uzbekistan,Central Asia,"Central Europe, Eastern Europe, and Central Asia",UZB,0.01073311850736974,0.02908517254705019,0.00253050823259365,0.01256352415832022,7.666341347580288e-4,0.00409666900507016,low,0.2183,6.61,9247.643827,Uzbekistan,3
  Central Europe,Central Europe,"Central Europe, Eastern Europe, and Central Asia",NA,1.4346803268880821,0.3563964405562156,0.21544871201889423,0.08543267239034949,0.23765014418189553,0.1234478122502047,NA,NA,NA,NA,NA,2
    Albania,Central Europe,"Central Europe, Eastern Europe, and Central Asia",ALB,0.0013927557169358,0.00314872722125565,4.008453276659493e-4,0.00162288959581879,1.1866735832575106e-4,5.134705318206532e-4,low,0.0363,12.66,16126.77749,Albania,3
    Bosnia and Herzegovina,Central Europe,"Central Europe, Eastern Europe, and Central Asia",BIH,0.02917534175341442,0.02137785546096513,0.00607274094814171,0.00736405930098617,0.00809187633380715,0.01138680526655817,mid,0.0727,20.75,18285.67112,Bosnia and Herzegovina,3
    Bulgaria,Central Europe,"Central Europe, Eastern Europe, and Central Asia",BGR,0.00641463077439177,0.01313797785327135,0.00201675660361365,0.00691149044267847,6.174674921618948e-4,0.00238979055378623,low,0.1094,15.72,30971.91319,Bulgaria,3
    Croatia,Central Europe,"Central Europe, Eastern Europe, and Central Asia",HRV,0.0621706810534329,0.04032828627121145,0.01320220669885477,0.01304925005129111,0.01618064062972399,0.01945440349103548,mid,0.1494,36.8,36930.47013,Croatia,3
    Czechia,Central Europe,"Central Europe, Eastern Europe, and Central Asia",CZE,0.35575897571944703,0.13072736092758092,0.03414353153329819,0.01600974488352392,0.01875716201276258,0.01315306187356223,high,0.8438,79.32,47796.03374,Czechia,3
    Hungary,Central Europe,"Central Europe, Eastern Europe, and Central Asia",HUN,0.16138573719608493,0.10721340794899584,0.03753001599871015,0.03667115224668197,0.04504712404237325,0.05320774501397048,mid,0.3639,37.29,38887.19095,Hungary,3
    Montenegro,Central Europe,"Central Europe, Eastern Europe, and Central Asia",MNE,4.263414296895779e-4,8.689376899379223e-4,1.194770677141767e-4,4.4314262911324034e-4,3.6378915633334645e-5,1.4888260467772128e-4,low,0.0057,9.18,23842.06192,Montenegro,3
    North Macedonia,Central Europe,"Central Europe, Eastern Europe, and Central Asia",MKD,0.00135858956682233,0.0027822740107505,3.623396348169088e-4,0.00132438590065299,1.0669089719668784e-4,4.360203997307552e-4,low,0.0319,15.34,22142.97287,North Macedonia,3
    Poland,Central Europe,"Central Europe, Eastern Europe, and Central Asia",POL,0.4451221621333392,0.27415830048397877,0.06719273779770152,0.06631971709593729,0.08118115919329737,0.09684714275184084,mid,1.7024,44.83,41059.58478,Poland,3
    Romania,Central Europe,"Central Europe, Eastern Europe, and Central Asia",ROU,0.19903218419507576,0.12601811907219376,0.02544185359851893,0.02508060429624041,0.0313957655265659,0.03775290070564352,mid,0.3761,19.27,37730.37084,Romania,3
    Serbia,Central Europe,"Central Europe, Eastern Europe, and Central Asia",SRB,0.06476399046906153,0.04449329822909446,0.00812822777090478,0.00917765112645423,0.01061252799401447,0.01471842675467119,mid,0.11,15.79,23404.99711,Serbia,3
    Slovakia,Central Europe,"Central Europe, Eastern Europe, and Central Asia",SVK,0.08310779942543993,0.05386498964737666,0.01766347698063304,0.01731681233948061,0.02166128308753056,0.02604422232578398,mid,0.3082,56.55,38346.09358,Slovakia,3
    Slovenia,Central Europe,"Central Europe, Eastern Europe, and Central Asia",SVN,0.02457113745494683,0.0153373375130908,0.00317450205832046,0.00305747863441287,0.0038434006985026,0.00462502211883684,mid,0.1215,58.73,45914.05724,Slovenia,3
  Eastern Europe,Eastern Europe,"Central Europe, Eastern Europe, and Central Asia",NA,0.27611288873885675,0.26493300673910214,0.06850071008553106,0.11964209145599791,0.042842216296780915,0.04651326980934001,NA,NA,NA,NA,NA,2
    Belarus,Eastern Europe,"Central Europe, Eastern Europe, and Central Asia",BLR,0.00749239786110486,0.01471845690521364,0.00214602772935332,0.00733115729161145,6.615426608133655e-4,0.00257213177136976,low,0.1371,14.47,27611.18011,Belarus,3
    Estonia,Eastern Europe,"Central Europe, Eastern Europe, and Central Asia",EST,0.02687473025015995,0.01826519009738772,0.00655706922819266,0.0061955192973021,0.00791898250736116,0.00932041919938473,mid,0.149,113,44251.5375,Estonia,3
    Latvia,Eastern Europe,"Central Europe, Eastern Europe, and Central Asia",LVA,0.03057058182918303,0.02030149869313551,0.00693037015069168,0.00682660840049371,0.00846897063307619,0.01023629282412283,mid,0.112,58.08,36912.01306,Latvia,3
    Lithuania,Eastern Europe,"Central Europe, Eastern Europe, and Central Asia",LTU,0.04882771912246348,0.03102606164535883,0.01044316621526775,0.00985477403525345,0.01250868281920502,0.01460467779267534,mid,0.199,71.47,45873.52732,Lithuania,3
    Republic of Moldova,Eastern Europe,"Central Europe, Eastern Europe, and Central Asia",MDA,0.00138990059683997,0.00321511762880678,2.4407205636506668e-4,9.792002547097103e-4,7.503625588635364e-5,3.646402604701474e-4,low,0.0051,1.43,15682.07033,Republic of Moldova,3
    Russian Federation,Eastern Europe,"Central Europe, Eastern Europe, and Central Asia",RUS,0.13713071586753958,0.25607713950719024,0.03524742134945309,0.11555142797022482,0.0111350453886766,0.04079188633271306,low,0.8921,6.08,38638.42969,Russian Federation,3
    Ukraine,Eastern Europe,"Central Europe, Eastern Europe, and Central Asia",UKR,0.02382684321156589,0.05175560072973521,0.00693258335620749,0.02693119434283047,0.00207395603176223,0.00937064219492562,low,0.0589,1.41,17846.4082,Ukraine,3
High-income,NA,High-income,NA,97.49550942067755,11.445628478568157,34.081562611669625,3.8600432672604805,23.122857503187106,5.6995049656102585,NA,NA,NA,NA,NA,1
  Australasia,Australasia,High-income,NA,4.058309203000528,0.9115787668235473,1.6279226865830447,0.3422940667770532,0.8472481495545023,0.4307855360427514,NA,NA,NA,NA,NA,2
    Australia,Australasia,High-income,AUS,3.9371323120829183,0.90770873619266,1.5968201408961145,0.34108149639783825,0.8098003861135211,0.4286320771270476,high,7.3703,288.25,58182.33695,Australia,3
    New Zealand,Australasia,High-income,NZL,0.12117689091760954,0.08390886939449889,0.03110254568693038,0.02878612453570676,0.03744776344098124,0.04302000141089415,mid,0.5353,106.27,47996.67988,New Zealand,3
  High-income Asia Pacific,High-income Asia Pacific,High-income,NA,9.25001228439152,1.6034979728920862,3.3861523248253955,0.5922313660211533,2.573545939013905,0.9881688395805882,NA,NA,NA,NA,NA,2
    Brunei Darussalam,High-income Asia Pacific,High-income,BRN,6.992620311980037e-4,0.00125287473835441,1.4242403475967595e-4,4.266161985748575e-4,4.4233015450580134e-5,1.5418985630598673e-4,low,0.0091,20.35,78248.79711,Brunei Darussalam,3
    Japan,High-income Asia Pacific,High-income,JPN,6.874684359437,1.5104478712996936,2.4173468808996654,0.5561548482290097,1.7899229893678446,0.9039589777531823,high,28.7336,227.7,44355.34872,Japan,3
    Republic of Korea,High-income Asia Pacific,High-income,KOR,2.2066871438947997,0.5289487572009779,0.9458124880157812,0.20254498648055455,0.7583158218972851,0.39827036115885056,high,7.2547,139.93,48419.64325,Republic of Korea,3
    Singapore,High-income Asia Pacific,High-income,SGP,0.16794151902852114,0.099822941830447,0.02285053187518932,0.02012764618279022,0.02526289473332467,0.02676784835123669,mid,1.1604,204.66,132617.354,Singapore,3
  High-income North America,High-income North America,High-income,NA,49.67427028401684,10.744738265091348,15.854261984504106,3.2871960002975036,11.68833724377772,5.338766438504797,NA,NA,NA,NA,NA,2
    Canada,High-income North America,High-income,CAN,5.656112199049625,1.4396214333352932,2.30158797811008,0.5479099355646806,1.3452759716021483,0.6718092768628655,high,12.8291,342.52,56995.11768,Canada,3
    United States of America,High-income North America,High-income,USA,44.01815808496722,10.647858494270098,13.552674006394026,3.241211539977206,10.343061272175571,5.296328858787583,high,133.5058,405.46,71307.40173,United States of America,3
  Southern Latin America,Southern Latin America,High-income,NA,0.45263251889812994,0.271704130062129,0.06551050270928555,0.06546496851322771,0.0758295790457838,0.09428347813757226,NA,NA,NA,NA,NA,2
    Argentina,Southern Latin America,High-income,ARG,0.40594916634464673,0.2680020563440323,0.05768826731118513,0.0623722284085244,0.0733225848058728,0.09418003623541896,mid,1.106,24.55,26300.27426,Argentina,3
    Chile,Southern Latin America,High-income,CHL,0.02339824136940727,0.04094719378911551,0.00680851579524867,0.01985480017909783,0.00122656371989013,0.0040988782511075,low,0.4696,24.58,29089.85046,Chile,3
    Uruguay,Southern Latin America,High-income,URY,0.02328511118407592,0.01792650018785288,0.00101371960285175,0.00107430705147729,0.00128043052002087,0.00164140838789008,mid,0.1075,30.56,29431.88501,Uruguay,3
  Western Europe,Western Europe,High-income,NA,34.06028513037053,3.4751987213117452,13.147715113047791,1.9031782889678432,7.937896591795194,1.676599701860703,NA,NA,NA,NA,NA,2
    Andorra,Western Europe,High-income,AND,0.00186951785934886,0.00116145444817606,4.039550318256402e-4,3.659930979950024e-4,4.73740867634962e-4,5.255667763821306e-4,mid,0.0146,189.89,59332.20291,Andorra,3
    Austria,Western Europe,High-income,AUT,1.1585116256579442,0.32870335222499353,0.4965663403452545,0.1847966696908963,0.2695963086156361,0.16729420073423523,high,2.1157,236.39,62968.94223,Austria,3
    Belgium,Western Europe,High-income,BEL,1.12520846001885,0.3146262888925632,0.433871367257055,0.16840684315148277,0.2347474423053341,0.14903598186245348,high,2.1221,185.2,60669.21377,Belgium,3
    Cyprus,Western Europe,High-income,CYP,0.00180518358156156,0.00345472275442615,5.400787340838149e-4,0.00173151742442812,1.6463380618837243e-4,6.18362932622709e-4,low,0.0126,14.41,48781.27734,Cyprus,3
    Denmark,Western Europe,High-income,DNK,0.8228153057352354,0.22863370958171617,0.35143164300167207,0.12604762938059078,0.19038506143631423,0.11608218299310076,high,1.8676,321.67,69715.18097,Denmark,3
    Finland,Western Europe,High-income,FIN,0.11927569846631632,0.07602970770592697,0.02702232738362449,0.02472911440118245,0.03180070743808699,0.0359721764546644,mid,0.5937,107.59,56790.37662,Finland,3
    France,Western Europe,High-income,FRA,4.609270584817725,1.1210989547073786,1.5749004286260593,0.3694491158369327,1.0780566983084443,0.5707721333038451,high,12.666,195.39,52517.33549,France,3
    Germany,Western Europe,High-income,DEU,12.250211293109343,2.6248219641755814,6.3619905224180515,1.738160954892623,2.010769673844538,1.0446914939495566,high,30.8773,372.15,62530.76532,Germany,3
    Greece,Western Europe,High-income,GRC,0.15739435385980735,0.10667204172648526,0.03646480244097237,0.03638944601941789,0.04571050104491853,0.05595584082672659,mid,0.8265,77.14,33531.15511,Greece,3
    Iceland,Western Europe,High-income,ISL,0.04746509430159769,0.01352730502888712,0.02063653007117088,0.0076790555374734,0.01117529835754043,0.00697902248867066,high,0.1455,407.54,61610.21327,Iceland,3
    Republic of Ireland,Western Europe,High-income,IRL,0.16435542969512051,0.09895808120399284,0.03353218791171206,0.02904437662888078,0.03752711357651867,0.03971256437464237,mid,0.5148,104,116903.6124,Republic of Ireland,3
    Israel,Western Europe,High-income,ISR,0.4296089873993285,0.13460210520146493,0.08957012585722932,0.04124767212616077,0.04930447892072897,0.0340511184901042,high,1.8272,201.81,46162.08227,Israel,3
    Italy,Western Europe,High-income,ITA,4.16261633002122,1.339825801379235,0.983100713056728,0.404708628507914,1.611486771171989,0.8195267491982945,high,19.123,316.82,49825.39341,Italy,3
    Luxembourg,Western Europe,High-income,LUX,0.10437670102841136,0.02731334861457093,0.0368625949204804,0.01225925504313436,0.01945883565927133,0.01131260155510504,high,0.212,345.35,136772.4438,Luxembourg,3
    Malta,Western Europe,High-income,MLT,0.00770407632829583,0.00469275594587914,0.00135353296812177,0.00127872984958592,0.00158582903795862,0.00179828240861775,mid,0.0444,91.64,56802.01025,Malta,3
    Monaco,Western Europe,High-income,MCO,0,0,0,0,0,0,high,NA,NA,NA,Monaco,3
    Netherlands,Western Europe,High-income,NLD,0.4541035472762251,0.2948889991457451,0.10995465815278802,0.09752058834123198,0.12722475368467173,0.14009594660586722,mid,3.6785,213.48,68573.56488,Netherlands,3
    Norway,Western Europe,High-income,NOR,0.7068151819465269,0.18910366998726877,0.2704243424943768,0.09382979847479074,0.14437463340005738,0.08726630647869106,high,2.1691,404.99,88984.13867,Norway,3
    Portugal,Western Europe,High-income,PRT,0.17713336185381512,0.11648693778599212,0.0404001663397212,0.03923855100874997,0.04900268484937501,0.05760349889707367,mid,0.8695,84.7,38657.66772,Portugal,3
    San Marino,Western Europe,High-income,SMR,0.00305703839731339,8.543780886233914e-4,0.00110712780467738,4.319704474778537e-4,5.992923739272572e-4,3.8370990339446447e-4,high,0.0075,222.24,64745.13168,San Marino,3
    Spain,Western Europe,High-income,ESP,1.3488133310643318,0.35595694475422923,0.29395688933093367,0.0805876125180109,0.19625002485694512,0.10660826198851264,high,8.3063,178.03,44251.66582,Spain,3
    Sweden,Western Europe,High-income,SWE,1.880986062355268,0.4448203672478024,0.631664688133331,0.14077670111313725,0.367976815511041,0.1864884687685296,high,3.3758,327.04,62731.70062,Sweden,3
    Switzerland,Western Europe,High-income,CHE,1.3863617666907728,0.3294918558022262,0.5991809527502576,0.14305402749869378,0.2217851242240163,0.11687499278495186,high,4.2189,493.73,81001.41112,Switzerland,3
    United Kingdom of Great Britain and Northern Ireland,Western Europe,High-income,GBR,2.940526198906172,1.1227428772632977,0.7527791380176649,0.3884301178888177,1.2384401685040571,0.7488800663752828,high,9.5769,143.22,51004.42717,United Kingdom of Great Britain and Northern Ireland,3
Latin America and Caribbean,NA,Latin America and Caribbean,NA,2.9272977191189025,1.2415883972616886,0.4494273168880036,0.3010237985582317,0.3316387689281547,0.24427362661140448,NA,NA,NA,NA,NA,1
  Andean Latin America,Andean Latin America,Latin America and Caribbean,NA,0.02834822256009523,0.043048967806390746,0.0072862428227365595,0.018820131778158635,0.002202798778249602,0.0063808759595767135,NA,NA,NA,NA,NA,2
    Bolivia,Andean Latin America,Latin America and Caribbean,BOL,0.004165061150534,0.01090079731936916,0.00120211849553005,0.00563700046165336,3.676439927177878e-4,0.00207875562211451,low,0.0482,4.17,9454.198147,Bolivia,3
    Ecuador,Andean Latin America,Latin America and Caribbean,ECU,0.00900648236702087,0.02120179677690285,0.00281328755532767,0.01138812108178538,8.372806328467632e-4,0.00393073429292632,low,0.1257,7.28,13507.44456,Ecuador,3
    Peru,Andean Latin America,Latin America and Caribbean,PER,0.01517667904254036,0.03584508418777411,0.00327083677187884,0.01388280534219117,9.978741526850512e-4,0.00457642666208521,low,0.2678,8.24,15280.55121,Peru,3
  Caribbean,Caribbean,Latin America and Caribbean,NA,0.07147651686394649,0.0284749533976153,0.013640087168454683,0.01095916868059366,0.01577133785175242,0.013756618235929332,NA,NA,NA,NA,NA,2
    Antigua and Barbuda,Caribbean,Latin America and Caribbean,ATG,9.018148857355508e-4,5.987434368003597e-4,1.5787528839824547e-4,1.711288866525894e-4,2.0273196932662913e-4,2.6670321389092783e-4,mid,0.0048,51.88,25745.49581,Antigua and Barbuda,3
    Bahamas,Caribbean,Latin America and Caribbean,BHS,0.01078541086948488,0.0041331066184006,0.00142418799693528,7.576731416635485e-4,7.93486088724817e-4,5.992228083748233e-4,high,0.0329,75.3,31064.68222,Bahamas,3
    Barbados,Caribbean,Latin America and Caribbean,BRB,0.0028022405525381,0.0021607639471752,6.349172406839399e-4,7.919964823088501e-4,8.707172270313113e-4,0.00124496416729908,mid,0.0152,52.8,15683.88471,Barbados,3
    Belize,Caribbean,Latin America and Caribbean,BLZ,0.00201345593516618,0.00166096423690502,2.421650966978652e-4,3.402894916424504e-4,3.463480884268409e-4,5.33843324362198e-4,mid,0.0057,14.08,11677.46101,Belize,3
    Cuba,Caribbean,Latin America and Caribbean,CUB,0,0,0,0,0,0,high,0.3044,26.85,NA,Cuba,3
    Dominica,Caribbean,Latin America and Caribbean,DMA,4.775639680028945e-4,3.4788571018734825e-4,8.325263805649813e-5,1.0429997999263756e-4,1.1304367125100416e-4,1.621201978892637e-4,mid,0.0019,26.92,15808.97435,Dominica,3
    Dominican Republic,Caribbean,Latin America and Caribbean,DOM,0.00451740482306569,0.01155792709530501,2.347879363711079e-4,9.028981574840714e-4,6.954985235294354e-5,2.892183691310759e-4,low,0.0823,7.94,22053.45899,Dominican Republic,3
    Grenada,Caribbean,Latin America and Caribbean,GRD,7.357457024084402e-4,5.38697738927372e-4,1.3036725231100203e-4,1.6311915749619288e-4,1.7899576549706907e-4,2.600757644513078e-4,mid,0.0035,32.04,15298.12311,Grenada,3
    Guyana,Caribbean,Latin America and Caribbean,GUY,4.759801478180279e-4,9.620084407968376e-4,1.1040880306337236e-4,4.2374607223347e-4,3.28823228944277e-5,1.310037340959236e-4,low,0.0113,14.38,22865.9271,Guyana,3
    Haiti,Caribbean,Latin America and Caribbean,HTI,0.00264211997342522,0.01132697283837807,0.00107276119687322,0.00667276264601784,2.9745449245049006e-4,0.00208316565425266,low,0.0263,2.34,3134.950149,Haiti,3
    Jamaica,Caribbean,Latin America and Caribbean,JAM,0.02203840722350475,0.01982143279169969,0.00532287855117082,0.00786056372821509,0.00774333867487436,0.01248039597884814,mid,0.0449,15.62,9577.164211,Jamaica,3
    Saint Kitts and Nevis,Caribbean,Latin America and Caribbean,KNA,0.00165357607085148,6.02534999067687e-4,3.101559570243594e-4,1.7422538838238606e-4,1.7538699468517313e-4,1.3658200902129998e-4,high,0.003,56.98,26896.61771,Saint Kitts and Nevis,3
    Saint Lucia,Caribbean,Latin America and Caribbean,LCA,0.00111451946461228,8.026473593520892e-4,1.283533460222781e-4,1.5190266687667344e-4,1.6849020256889163e-4,2.315201776626531e-4,mid,0.0054,29.98,19101.1653,Saint Lucia,3
    Saint Vincent and the Grenadines,Caribbean,Latin America and Caribbean,VCT,0.00111709737942107,8.542514640002158e-4,2.5251223869973124e-4,3.1311706309084073e-4,3.4503910259331644e-4,4.916294068424412e-4,mid,0.0026,23.29,16200.89946,Saint Vincent and the Grenadines,3
    Suriname,Caribbean,Latin America and Caribbean,SUR,0.00310084808262101,0.0024104594495017,2.2750194874707308e-4,2.774967405752074e-4,3.0335097973050275e-4,4.298560521354355e-4,mid,0.0095,15.9,18458.235,Suriname,3
    Trinidad and Tobago,Caribbean,Latin America and Caribbean,TTO,0.01710033178529091,0.01105870616814778,0.00330796167739989,0.00334394944017493,0.00413052241934464,0.0051172351679109,mid,0.0737,53.4,30424.66489,Trinidad and Tobago,3
  Central Latin America,Central Latin America,Latin America and Caribbean,NA,0.8569861080928922,0.5727136778263147,0.07093511569890122,0.05824567445108012,0.0823596206063997,0.08059655662746178,NA,NA,NA,NA,NA,2
    Colombia,Central Latin America,Latin America and Caribbean,COL,0.02532632118481016,0.05404302404024389,0.00627883362300574,0.02484905007642442,0.00185176422927614,0.00796839866457498,low,0.7051,14,17383.09017,Colombia,3
    Costa Rica,Central Latin America,Latin America and Caribbean,CRI,0.06193420995337964,0.04431352977116919,0.01439481011440779,0.01573366068654667,0.01849015802467839,0.0241840489198572,mid,0.1617,31.84,23852.9253,Costa Rica,3
    El Salvador,Central Latin America,Latin America and Caribbean,SLV,0.00274656247714184,0.00688716595546954,8.639043420718706e-4,0.00388640580637716,2.5510615508958484e-4,0.00122294538657651,low,0.0628,9.37,10809.7134,El Salvador,3
    Guatemala,Central Latin America,Latin America and Caribbean,GTM,0.0060888528627249,0.01495342658525707,0.00141674580451433,0.00605792089643448,4.112874240144496e-4,0.00199559655619751,low,0.1624,9.22,11825.14092,Guatemala,3
    Honduras,Central Latin America,Latin America and Caribbean,HND,0.00269121843270496,0.00859022455586994,8.028820269830196e-4,0.00423835130509046,2.414485896816309e-4,0.00140007331320572,low,0.052,5.42,6202.980788,Honduras,3
    Mexico,Central Latin America,Latin America and Caribbean,MEX,0.7170132294491987,0.5675153519919097,0.04193938946317907,0.04921476229663698,0.05519354752623032,0.0760690280289744,mid,2.103,16.7,20782.58774,Mexico,3
    Nicaragua,Central Latin America,Latin America and Caribbean,NIC,0.00216641654007576,0.00644900398147926,7.203304682909073e-4,0.00374252134791706,2.0052959518795284e-4,0.00109562490210075,low,0.0314,4.81,7119.169234,Nicaragua,3
    Panama,Central Latin America,Latin America and Caribbean,PAN,0.03901929719285631,0.02562274424872547,0.00451821985644849,0.00465507814568328,0.00571577906224124,0.00723226902520941,mid,0.1354,32.1,30932.76278,Panama,3
    Venezuela,Central Latin America,Latin America and Caribbean,VEN,0,0,0,0,0,0,high,0.49370000000000003,17.93,NA,Venezuela,3
  Tropical Latin America,Tropical Latin America,Latin America and Caribbean,NA,1.9704868716019683,1.100398452763958,0.3575658711979111,0.2945309287118225,0.23130501169175297,0.2300952837291186,NA,NA,NA,NA,NA,2
    Brazil,Tropical Latin America,Latin America and Caribbean,BRA,1.967934774645553,1.1003788086466924,0.3572923541754099,0.2945286498264132,0.23121860774275055,0.2300949077692541,mid,3.7128,17.68,18075.706,Brazil,3
    Paraguay,Tropical Latin America,Latin America and Caribbean,PRY,0.00255209695641526,0.00657512939790103,2.735170225012033e-4,0.00115861955738424,8.640394900242563e-5,4.159483646450455e-4,low,0.0513,7.18,15406.16706,Paraguay,3
North Africa and Middle East,NA,North Africa and Middle East,NA,1.4823555443534155,0.733285730353005,0.3236955577573219,0.2781441493405855,0.37675782106874445,0.4294880587570227,NA,NA,NA,NA,NA,1
  North Africa and Middle East,North Africa and Middle East,North Africa and Middle East,NA,1.4823555443534155,0.733285730353005,0.3236955577573219,0.2781441493405855,0.37675782106874445,0.4294880587570227,NA,NA,NA,NA,NA,2
    Afghanistan,North Africa and Middle East,North Africa and Middle East,AFG,0.00571403082344459,0.03036621614916402,0.00268294825107661,0.0186391792962887,7.104919539204725e-4,0.00575907429747538,low,0.0167,0.46,2144.16657,Afghanistan,3
    Algeria,North Africa and Middle East,North Africa and Middle East,DZA,0.02148007239618012,0.04880657211318132,0.00591705996128505,0.02440403125079169,0.00175568369303832,0.00748794775466742,low,0.3237,7.46,14496.86547,Algeria,3
    Bahrain,North Africa and Middle East,North Africa and Middle East,BHR,0.00239583187360165,0.00452081379961376,7.542025615385196e-4,0.00229999946798317,2.317269246460761e-4,8.119388674597352e-4,low,0.0625,41.36,54954.67579,Bahrain,3
    Egypt,North Africa and Middle East,North Africa and Middle East,EGY,0.03675000892463868,0.0937888619238024,0.0036017578524092,0.01451310567437755,0.0010992449426013,0.00512883025307241,low,0.3293,3.32,15579.01609,Egypt,3
    Iran,North Africa and Middle East,North Africa and Middle East,IRN,0.8074567979412028,0.6854028173428457,0.1951683636959879,0.2605521503275563,0.275767776858504,0.4236119405113617,mid,3.5071,42.12,12731.75358,Iran,3
    Iraq,North Africa and Middle East,North Africa and Middle East,IRQ,0.02001457454336011,0.04788531747262768,0.00612291574235018,0.02618776786021526,0.00184802028784766,0.00875223641567303,low,1e-4,0.01,12731.75358,Iraq,3
    Jordan,North Africa and Middle East,North Africa and Middle East,JOR,0.00387822071772046,0.01038310464199412,9.55036081396822e-4,0.00462248113544982,2.813220342675299e-4,0.00143335495742362,low,0.0747,7.42,9182.496161,Jordan,3
    Kuwait,North Africa and Middle East,North Africa and Middle East,KWT,0.05734339143247085,0.03682570529749041,0.00549250322191001,0.00525208254090737,0.00656956219412089,0.00763567769234591,mid,0.2182,46.41,50651.95758,Kuwait,3
    Lebanon,North Africa and Middle East,North Africa and Middle East,LBN,0.04469713412567858,0.03772556332276039,0.01027443569920134,0.01416442333691375,0.01455486116964758,0.0220219247748727,mid,0.1049,17.29,11599.77551,Lebanon,3
    Libya,North Africa and Middle East,North Africa and Middle East,LBY,0.00358355695780756,0.00878144911977644,0.00121221645436842,0.00520673007261081,3.57512534017479e-4,0.00162781728005088,low,0.0615,9.34,12641.50977,Libya,3
    Morocco,North Africa and Middle East,North Africa and Middle East,MAR,0.0122040630600952,0.03330570709669919,0.00344368230977025,0.01635916916426988,9.980757071263058e-4,0.0054375685645939,low,0.0821,2.31,8623.265625,Morocco,3
    Oman,North Africa and Middle East,North Africa and Middle East,OMN,0.0458949120349089,0.03114643529230553,0.00373352722048373,0.00371436526691638,0.0045550697182977,0.00560001099036904,mid,0.1327,30.82,38719.45877,Oman,3
    Qatar,North Africa and Middle East,North Africa and Middle East,QAT,0.06104180978305599,0.04260275130445625,0.00290271073944572,0.00261040114544633,0.00324989420560507,0.00353437937840893,mid,0.2287,83.07,116832.5703,Qatar,3
    Saudi Arabia,North Africa and Middle East,North Africa and Middle East,SAU,0.06070004452404305,0.1097183946946558,0.0176317445332591,0.05305810858779575,0.00548786495008621,0.01897097916061161,low,1.2518,36.73,62690.49666,Saudi Arabia,3
    Sudan,North Africa and Middle East,North Africa and Middle East,SDN,0.00527622683334756,0.02734692893313632,0.00120045182559885,0.00763090555571622,3.318523359412431e-4,0.00237996475770625,low,0.0463,1.07,3248.975586,Sudan,3
    Syrian Arab Republic,North Africa and Middle East,North Africa and Middle East,SYR,0.00195356875548045,0.00860950700589031,2.9198314601614194e-4,0.00176536737105597,7.700895891193577e-5,5.104072794401747e-4,low,0.028,1.66,4592.838601,Syrian Arab Republic,3
    Tunisia,North Africa and Middle East,North Africa and Middle East,TUN,0.00531852510456513,0.01268184096369024,0.00161535614686346,0.00689358198634994,4.7129159276554513e-4,0.00217459640141735,low,0.0609,5.17,12444.3264,Tunisia,3
    Turkey,North Africa and Middle East,North Africa and Middle East,TUR,0.06310833224464929,0.12195278457159266,0.01433962643808092,0.04944990388207957,0.00439383981230211,0.01703752965891529,low,0.8299,10,31338.26652,Turkey,3
    United Arab Emirates,North Africa and Middle East,North Africa and Middle East,ARE,0.2235444422771646,0.13698505881429546,0.04635503587627969,0.04120435975677913,0.05401672119509703,0.05948019122960051,mid,0.6985,64.99,67401.12129,United Arab Emirates,3
    Yemen,North Africa and Middle East,North Africa and Middle East,YEM,0,0,0,0,0,0,high,0.0098,0.31,NA,Yemen,3
South Asia,NA,South Asia,NA,0.6269682014871546,1.482385747153549,0.20769342660311063,0.8526021053879723,0.06063076588734351,0.27779663492761264,NA,NA,NA,NA,NA,1
  South Asia,South Asia,South Asia,NA,0.6269682014871546,1.482385747153549,0.20769342660311063,0.8526021053879723,0.06063076588734351,0.27779663492761264,NA,NA,NA,NA,NA,2
    Bangladesh,South Asia,South Asia,BGD,0.0412651160339262,0.12589212877377626,0.00873232320126996,0.04477573341451603,0.00258032570429048,0.01470200062242576,low,0.0125,0.08,7441.06914,Bangladesh,3
    Bhutan,South Asia,South Asia,BTN,3.240502687474397e-4,7.687642086815474e-4,7.553226362021373e-5,3.1816092926051533e-4,2.2574780310080606e-5,1.0555999113736624e-4,low,0,0.06,13458.81267,Bhutan,3
    India,South Asia,South Asia,IND,0.5057925725903164,1.45410163106846,0.16812380104931912,0.8361469733369954,0.04923618037477582,0.27167053433227406,low,0.0645,0.05,8050.018575,India,3
    Nepal,South Asia,South Asia,NPL,0.00541177958227167,0.02184667000726703,0.00131976086840541,0.00776296471982524,3.765272026547952e-4,0.00242688243502892,low,0.0891,3.13,4546.2297,Nepal,3
    Pakistan,South Asia,South Asia,PAK,0.07417468301189291,0.25832006080059305,0.02944200922049592,0.1603850302894852,0.00841515782531233,0.05607175250654304,low,0.0489,0.24,5367.273647,Pakistan,3
"Southeast Asia, East Asia, and Oceania",NA,"Southeast Asia, East Asia, and Oceania",NA,26.767277749921703,6.2419193540180276,10.271354532394154,2.2592014284828448,7.924520924141829,3.6912447701013953,NA,NA,NA,NA,NA,1
  East Asia,East Asia,"Southeast Asia, East Asia, and Oceania",NA,26.45120789611807,6.230648133130442,10.181039501152238,2.25036001710663,7.897311397108803,3.690730611206597,NA,NA,NA,NA,NA,2
    China,East Asia,"Southeast Asia, East Asia, and Oceania",CHN,23.728027151064452,6.190635832022364,8.522350536106401,2.196482326936057,7.2542336933430285,3.661743487228552,high,61.5486,43.96,20843.29783,China,3
    North Korea,East Asia,"Southeast Asia, East Asia, and Oceania",PRK,0,0,0,0,0,0,high,0.0895,3.5,NA,North Korea,3
    Taiwan,East Asia,"Southeast Asia, East Asia, and Oceania",TWN,2.7231807450536167,0.704985215563163,1.6586889650458367,0.48947481452033553,0.6430777037657748,0.4616568836665436,high,6.3776,269.82,64700,Taiwan,3
  Oceania,Oceania,"Southeast Asia, East Asia, and Oceania",NA,0.0038993205146038066,0.00899425244949366,0.0012850530411625688,0.005244799900785494,5.791010353109992e-4,0.0015270407455335202,NA,NA,NA,NA,NA,2
    Fiji,Oceania,"Southeast Asia, East Asia, and Oceania",FJI,4.133496652947689e-4,0.00107040789156829,1.3191692634194005e-4,5.88875521082092e-4,4.109565428659909e-5,2.12924516849429e-4,low,0.0069,7.7,10685.19703,Fiji,3
    Kiribati,Oceania,"Southeast Asia, East Asia, and Oceania",KIR,2.0981667485531756e-5,9.284789427546714e-5,7.676801183948954e-6,4.668625888406534e-5,2.044435110415869e-6,1.3817788590726062e-5,low,3e-4,2.61,3020.493999,Kiribati,3
    Marshall Islands,Oceania,"Southeast Asia, East Asia, and Oceania",MHL,1.46098457989935e-5,4.494371844232714e-5,4.08399460804179e-6,2.1394947084240123e-5,1.1468876177260689e-6,6.717684596929756e-6,low,3e-4,5.84,6705.875292,Marshall Islands,3
    Micronesia (Federated States of),Oceania,"Southeast Asia, East Asia, and Oceania",FSM,1.7691756783123812e-5,7.361286324968849e-5,5.122428569937707e-6,3.1452431266182254e-5,1.5380926570242369e-6,1.0069004086749947e-5,low,5e-4,5.3,3944.705715,Micronesia (Federated States of),3
    Nauru,Oceania,"Southeast Asia, East Asia, and Oceania",NRU,8.162655386814644e-5,6.474843054449506e-5,1.668467704824489e-5,2.287395782377944e-5,2.39574499380392e-5,3.6709733302601296e-5,mid,2e-4,14.8,12196.64515,Nauru,3
    Palau,Oceania,"Southeast Asia, East Asia, and Oceania",PLW,1.0500073124392972e-4,7.815161923191679e-5,1.3502394335532708e-5,1.7246336529640947e-5,1.828836959097806e-5,2.662260472014609e-5,mid,5e-4,25.39,15663.17159,Palau,3
    Papua New Guinea,Oceania,"Southeast Asia, East Asia, and Oceania",PNG,0.00228419924447317,0.00886850167493049,8.357058110227884e-4,0.00517945238769074,2.2614625132583085e-4,0.00145482959562748,low,0.0358,4.17,3976.903801,Papua New Guinea,3
    Samoa,Oceania,"Southeast Asia, East Asia, and Oceania",WSM,6.397641807376458e-5,1.9961880399084947e-4,2.115496749012795e-5,1.1090647462798416e-4,6.1513285568083105e-6,3.44273028999417e-5,low,0.001,5.16,6214.016928,Samoa,3
    Solomon Islands,Oceania,"Southeast Asia, East Asia, and Oceania",SLB,1.5767756045762088e-4,7.595409283180685e-4,7.434681443709545e-5,4.839110079050789e-4,2.0865812399653715e-5,1.5184058154064302e-4,low,0.0021,3.26,2518.421624,Solomon Islands,3
    Tonga,Oceania,"Southeast Asia, East Asia, and Oceania",TON,6.420064697966177e-4,6.114625643335981e-4,1.4363222927512057e-4,2.3747422984281508e-4,2.225223427307649e-4,3.741999817120682e-4,mid,0.0017,16.62,7034.92497,Tonga,3
    Tuvalu,Oceania,"Southeast Asia, East Asia, and Oceania",TUV,3.463384566706186e-5,3.8854069150608495e-5,4.6060517461154505e-6,8.622143166480408e-6,7.5039569965066976e-6,1.3805210777679176e-5,mid,1e-4,6.81,5352.978625,Tuvalu,3
    Vanuatu,Oceania,"Southeast Asia, East Asia, and Oceania",VUT,6.35667556610778e-5,2.863151408797097e-4,2.6619945103674938e-5,1.6443498011089582e-4,7.840454100652166e-6,5.600547984333792e-5,low,1e-4,0.51,3135.836649,Vanuatu,3
  Southeast Asia,Southeast Asia,"Southeast Asia, East Asia, and Oceania",NA,0.3121705332890308,0.3748335185196607,0.08902997820075423,0.19960806582093588,0.026630425997715083,0.06158876886286275,NA,NA,NA,NA,NA,2
    Cambodia,Southeast Asia,"Southeast Asia, East Asia, and Oceania",KHM,0.00500088722142419,0.01675614027960425,0.00173120800353957,0.00911262349765149,4.6071878171866977e-4,0.00275631496930509,low,1e-4,0.01,6225.532655,Cambodia,3
    Indonesia,Southeast Asia,"Southeast Asia, East Asia, and Oceania",IDN,0.12849114134020717,0.3148761810555779,0.03664092276292472,0.1672736476712693,0.0110024567243928,0.05058858229102302,low,0.2666,1,12757.07464,Indonesia,3
    Lao People's Democratic Republic,Southeast Asia,"Southeast Asia, East Asia, and Oceania",LAO,0.00201562698503374,0.00578425644756064,4.4121035231163016e-4,0.0021668468433808,1.323420162169326e-4,7.149177492831583e-4,low,0.0045,0.63,8080.435532,Lao People's Democratic Republic,3
    Malaysia,Southeast Asia,"Southeast Asia, East Asia, and Oceania",MYS,0.01831745635938133,0.04158676652010117,0.0017348940531032701,0.00612888074649604,5.374083695489577e-4,0.00210364507477788,low,0.2268,6.91,29822.84918,Malaysia,3
    Maldives,Southeast Asia,"Southeast Asia, East Asia, and Oceania",MDV,3.549962532422064e-4,7.812482577246533e-4,1.1109867957131632e-4,4.465725751389767e-4,3.203645070560226e-5,1.3592171373254686e-4,low,6e-4,1.7,19052.62249,Maldives,3
    Mauritius,Southeast Asia,"Southeast Asia, East Asia, and Oceania",MUS,7.072055326688578e-4,0.00146350025865306,1.4465897135624783e-4,5.321213334976969e-4,4.3259801712463113e-5,1.739374734430918e-4,low,0.0168,13.26,22737.57294,Mauritius,3
    Myanmar,Southeast Asia,"Southeast Asia, East Asia, and Oceania",MMR,0.01775326620428437,0.06028960698625549,0.00703710899174987,0.03636438613347209,0.00192174573599429,0.01120377181703128,low,4e-4,0.01,5178.447182,Myanmar,3
    Philippines,Southeast Asia,"Southeast Asia, East Asia, and Oceania",PHL,0.03849815289101726,0.10464162916979224,0.01116056785079403,0.05175762494648404,0.00327773128515829,0.01687610264853751,low,0.0165,0.15,8857.789951,Philippines,3
    Seychelles,Southeast Asia,"Southeast Asia, East Asia, and Oceania",SYC,9.200344535576406e-5,1.812525718535972e-4,2.5840191508251304e-5,9.217374032988564e-5,7.624151261076338e-6,2.8670912525097577e-5,low,0.0013,13.61,29979.82727,Seychelles,3
    Sri Lanka,Southeast Asia,"Southeast Asia, East Asia, and Oceania",LKA,0.01052273710350573,0.02400167920757722,0.00276711711201969,0.01167633709091973,8.442118477645308e-4,0.00389638764603891,low,0.04,1.82,14316.13522,Sri Lanka,3
    Thailand,Southeast Asia,"Southeast Asia, East Asia, and Oceania",THA,0.0388657800067972,0.08071866522896566,0.00959277748686035,0.03517028923811746,0.00289536813478961,0.01280663919107834,low,0.1917,2.82,20242.77,Thailand,3
    Timor-Leste,Southeast Asia,"Southeast Asia, East Asia, and Oceania",TLS,2.925593453870342e-4,9.877626733129855e-4,4.271224509876603e-5,2.225579076442889e-4,1.243570200933174e-5,6.697029870094129e-5,low,7e-4,0.55,6824.792339,Timor-Leste,3
    Viet Nam,Southeast Asia,"Southeast Asia, East Asia, and Oceania",VNM,0.05125872060072597,0.13277582876385968,0.01759986149991651,0.07976566557076963,0.00546308699644253,0.02513692236608968,low,0.057,0.6,12048.90199,Viet Nam,3
Sub-Saharan Africa,NA,Sub-Saharan Africa,NA,0.6431032550726016,0.41592934185950065,0.15625635530065315,0.18887974388622406,0.13297896141923585,0.17067621640388406,NA,NA,NA,NA,NA,1
  Central Sub-Saharan Africa,Central Sub-Saharan Africa,Sub-Saharan Africa,NA,0.022118362136559933,0.0734191325467605,0.007635259646929037,0.03740889547139147,0.0022530422560275176,0.012400331713766397,NA,NA,NA,NA,NA,2
    Angola,Central Sub-Saharan Africa,Sub-Saharan Africa,AGO,0.00880001013755489,0.02551312813182724,0.00228722599636325,0.01089138730481899,6.477255001497966e-4,0.00345501841209297,low,0.0702,2.33,7408.126591,Angola,3
    Central African Republic,Central Sub-Saharan Africa,Sub-Saharan Africa,CAF,1.297062857708364e-4,0.00311279822920879,3.2548064086247045e-5,2.427447960820376e-4,8.216619800106723e-6,7.226509096571433e-5,low,0.0011,0.22,1128.55238,Central African Republic,3
    Congo,Central Sub-Saharan Africa,Sub-Saharan Africa,COG,0.00104317559894458,0.00366368610280405,1.8266042894514776e-4,0.00101420818175295,5.4196479980776696e-5,2.965624783934065e-4,low,0.0047,1.03,6263.211613,Congo,3
    Democratic Republic of the Congo,Central Sub-Saharan Africa,Sub-Saharan Africa,COD,0.01030670783732059,0.06861808939165462,0.00466537341737545,0.035749851935829,0.00139981555676308,0.01189736259308871,low,0.0229,0.23,1313.618218,Democratic Republic of the Congo,3
    Equatorial Guinea,Central Sub-Saharan Africa,Sub-Saharan Africa,GNQ,8.102809599323972e-4,0.00177275271063523,2.109114736781204e-4,8.060850663853464e-4,6.192244117189992e-5,2.6892714439713506e-4,low,0.0057,4.19,16821.44865,Equatorial Guinea,3
    Gabon,Central Sub-Saharan Africa,Sub-Saharan Africa,GAB,0.00102848131703664,0.00217999179767717,2.565402664808224e-4,0.00100693253300104,8.116565816185774e-5,3.4401214536118455e-4,low,0.0077,3.69,18523.5798,Gabon,3
  Eastern Sub-Saharan Africa,Eastern Sub-Saharan Africa,Sub-Saharan Africa,NA,0.06811568466432523,0.12970663033269947,0.023592646745936554,0.0750131613437396,0.006565901797798289,0.025775034346584968,NA,NA,NA,NA,NA,2
    Burundi,Eastern Sub-Saharan Africa,Sub-Saharan Africa,BDI,0.00140694888958609,0.01146646897300309,7.837112535034182e-4,0.00653930622402962,2.299746975128325e-4,0.00216202168214249,low,0.0013,0.12,836.6655713,Burundi,3
    Comoros,Eastern Sub-Saharan Africa,Sub-Saharan Africa,COM,2.1791928917937065e-4,9.76624223605696e-4,9.883103586465404e-5,6.553179841217594e-4,3.1479711422420914e-5,2.142856119456487e-4,low,3e-4,0.3,3449.043575,Comoros,3
    Djibouti,Eastern Sub-Saharan Africa,Sub-Saharan Africa,DJI,3.1656535529689915e-4,0.00102305082004906,8.507969759121322e-5,4.563451398369311e-4,2.3890314024818125e-5,1.360649064863236e-4,low,8e-4,0.76,5960.108074,Djibouti,3
    Eritrea,Eastern Sub-Saharan Africa,Sub-Saharan Africa,ERI,0,0,0,0,0,0,high,0.0024,0.39,NA,Eritrea,3
    Ethiopia,Eastern Sub-Saharan Africa,Sub-Saharan Africa,ETH,0.02168411801047955,0.1066620328452775,0.01012327759666678,0.06814375367130766,0.00280649111628935,0.02399692544059343,low,1e-4,0.01,2588.413102,Ethiopia,3
    Kenya,Eastern Sub-Saharan Africa,Sub-Saharan Africa,KEN,0.00960639798921453,0.03543281311961852,0.00213942862619382,0.01178466022213281,6.034380357272171e-4,0.00369830537298713,low,1e-4,0.01,5338.852434,Kenya,3
    Madagascar,Eastern Sub-Saharan Africa,Sub-Saharan Africa,MDG,0.00267090716318466,0.01969434062656656,0.00113163217089996,0.00864494559636284,3.358522616120332e-4,0.00265377301352359,low,0.0042,0.15,1577.432461,Madagascar,3
    Malawi,Eastern Sub-Saharan Africa,Sub-Saharan Africa,MWI,0.00170053298934247,0.01246124420291681,5.89326898912628e-4,0.00455255468222988,1.871472648281298e-4,0.00149904947933463,low,0.0025,0.12,1687.593582,Malawi,3
    Mozambique,Eastern Sub-Saharan Africa,Sub-Saharan Africa,MOZ,0.00312882295064601,0.02237795353890656,0.00139578962167873,0.01058661970842712,3.674284443097263e-4,0.00352334871241789,low,0.0049,0.16,1457.235409,Mozambique,3
    Rwanda,Eastern Sub-Saharan Africa,Sub-Saharan Africa,RWA,6.305913362896518e-4,0.00148181177954169,7.249404903220493e-5,2.4740381618737316e-4,4.8960235405711565e-5,1.761939174864043e-4,low,0.0035,0.28,2733.435668,Rwanda,3
    Somalia,Eastern Sub-Saharan Africa,Sub-Saharan Africa,SOM,0.00159832404810868,0.01361033381151773,5.684024508361171e-4,0.00425871819242942,1.5834624734011027e-4,0.0013129848134407,low,0.0026,0.17,1392.46426,Somalia,3
    South Sudan,Eastern Sub-Saharan Africa,Sub-Saharan Africa,SSD,0,0,0,0,0,0,high,0.0011,0.09,NA,South Sudan,3
    Uganda,Eastern Sub-Saharan Africa,Sub-Saharan Africa,UGA,0.00750476530506927,0.03548441935730274,0.00306785060341954,0.02006985296452781,8.415883252161617e-4,0.0057640431396586,low,0.0124,0.31,2684.920359,Uganda,3
    United Republic of Tanzania,Eastern Sub-Saharan Africa,Sub-Saharan Africa,TZA,0.01305386506568427,0.03467127934261727,0.00160727748149456,0.00608616151895065,3.8296258686320553e-4,0.00138487407199241,low,1e-4,0.01,3493.083008,United Republic of Tanzania,3
    Zambia,Eastern Sub-Saharan Africa,Sub-Saharan Africa,ZMB,0.00459592627224378,0.01911687924490384,0.00192954525984293,0.01164255859694921,5.483425572465723e-4,0.00338866389185284,low,8e-4,0.04,3503.034914,Zambia,3
  Southern Sub-Saharan Africa,Southern Sub-Saharan Africa,Sub-Saharan Africa,NA,0.433656784953278,0.3138141987200589,0.08203378484686845,0.10383118067202637,0.11144995695614116,0.16297908184324042,NA,NA,NA,NA,NA,2
    Botswana,Southern Sub-Saharan Africa,Sub-Saharan Africa,BWA,0.02070637056299661,0.01333073426002762,0.00173485985475412,0.00144535801940718,0.00138877628620977,0.00145799305361955,mid,0.0574,24.15,17960.62544,Botswana,3
    Eswatini,Southern Sub-Saharan Africa,Sub-Saharan Africa,SWZ,4.899405181853562e-4,0.00129559082083691,1.5853477325909052e-4,7.06860238231284e-4,4.719149828707897e-5,2.478936223231522e-4,low,0.0138,12.18,9946.040554,Eswatini,3
    Lesotho,Southern Sub-Saharan Africa,Sub-Saharan Africa,LSO,4.980619475410399e-4,0.00244822590898633,2.639817584697463e-4,0.0016129357340105,6.901060716127441e-5,5.036776408152239e-4,low,0.0093,4.56,2544.782496,Lesotho,3
    Namibia,Southern Sub-Saharan Africa,Sub-Saharan Africa,NAM,6.443843937450664e-4,0.00184826086134619,9.69309726004438e-5,4.747370816138487e-4,2.9898784800863192e-5,1.5024996668284597e-4,low,0.0028,1.13,9709.099306,Namibia,3
    South Africa,Southern Sub-Saharan Africa,Sub-Saharan Africa,ZAF,0.4068045002712949,0.31291595526240895,0.07775503699565986,0.10300548932892278,0.10931111429027182,0.1629178245035392,mid,2.2861,38.86,13711.29357,South Africa,3
    Zimbabwe,Southern Sub-Saharan Africa,Sub-Saharan Africa,ZWE,0.00451352725951502,0.01934319908203282,0.00202444049212519,0.01285953341598337,6.039654894103469e-4,0.00418331403183197,low,0.0587,3.94,3184.784602,Zimbabwe,3
  Western Sub-Saharan Africa,Western Sub-Saharan Africa,Sub-Saharan Africa,NA,0.11921242331843843,0.22869999371487182,0.04299466406091911,0.13367215018696751,0.012710060409268892,0.041833827284874746,NA,NA,NA,NA,NA,2
    Benin,Western Sub-Saharan Africa,Sub-Saharan Africa,BEN,0.00338942315040526,0.01414378590693081,0.00140863833039645,0.00843099099837447,4.270192377773469e-4,0.00285099907570147,low,0.0033,0.28,3464.288629,Benin,3
    Burkina Faso,Western Sub-Saharan Africa,Sub-Saharan Africa,BFA,0.00405939907987531,0.02018556021225259,0.00171701291537526,0.01176065172635933,4.8475386192114675e-4,0.0038682890897117,low,0.0046,0.23,2486.430931,Burkina Faso,3
    Cabo Verde,Western Sub-Saharan Africa,Sub-Saharan Africa,CPV,1.6450720545861064e-4,4.71126646493815e-4,4.513024346789043e-5,2.226965896102938e-4,1.3232199706042118e-5,7.428333659697121e-5,low,0.0034,6.12,7685.419214,Cabo Verde,3
    Cameroon,Western Sub-Saharan Africa,Sub-Saharan Africa,CMR,0.00666140845081844,0.02462492992413202,0.00200667733588115,0.01136946351716014,5.756974143475696e-4,0.00377142305572694,low,0.0066,0.26,4793.556282,Cameroon,3
    Chad,Western Sub-Saharan Africa,Sub-Saharan Africa,TCD,0.00336215806007646,0.01660749317714766,0.00151039663157261,0.0100697174765239,4.2597525847587535e-4,0.00311190387978635,low,0.0034,0.26,2435.072747,Chad,3
    Côte d'Ivoire,Western Sub-Saharan Africa,Sub-Saharan Africa,CIV,0.00971359669661959,0.0315321426759502,0.00388280127766664,0.02003898873322034,0.00107939182754333,0.00606560450930746,low,0.0066,0.25,6045.204805,Côte d'Ivoire,3
    Gambia,Western Sub-Saharan Africa,Sub-Saharan Africa,GMB,4.801140134259797e-4,0.00199067907226952,1.845423138020081e-4,0.00113094682972507,4.9863866801719506e-5,3.6022477182706415e-4,low,0,0.02,3503.034914,Gambia,3
    Ghana,Western Sub-Saharan Africa,Sub-Saharan Africa,GHA,0.01016312165042385,0.03202321967865873,0.00329034245080119,0.01745772772957661,9.477499064945188e-4,0.00515876241556137,low,8e-4,0.03,6607.502974,Ghana,3
    Guinea,Western Sub-Saharan Africa,Sub-Saharan Africa,GIN,0.0023577796791906,0.00997419307344031,6.962439793396498e-4,0.00461418525180084,2.023387554535594e-4,0.00137931583269039,low,0.0032,0.23,3738.805126,Guinea,3
    Guinea-Bissau,Western Sub-Saharan Africa,Sub-Saharan Africa,GNB,2.731420610891675e-4,0.00147460040841232,9.48092882234472e-5,6.605064507538228e-4,2.932711194163937e-5,2.1509927291558597e-4,low,5e-4,0.25,2483.850629,Guinea-Bissau,3
    Liberia,Western Sub-Saharan Africa,Sub-Saharan Africa,LBR,5.965182755751362e-4,0.00395707152097921,2.6959328020982067e-4,0.00193875588049323,7.261441851746467e-5,6.014567833245991e-4,low,7e-4,0.16,1539.208923,Liberia,3
    Mali,Western Sub-Saharan Africa,Sub-Saharan Africa,MLI,0.00425228500891767,0.01942577916392174,0.00158225864923755,0.01072105716611444,4.586403360247007e-4,0.00331209849046329,low,0.0013,0.07,2796.227938,Mali,3
    Mauritania,Western Sub-Saharan Africa,Sub-Saharan Africa,MRT,0.00119326767654502,0.00401520546850068,4.091248446757475e-4,0.00234455536724186,1.1833161592896e-4,7.271521153035648e-4,low,0.0017,0.43,5836.565808,Mauritania,3
    Niger,Western Sub-Saharan Africa,Sub-Saharan Africa,NER,0.00340372062487632,0.02178454255103101,0.00172681647018166,0.01342213438021277,4.5574299302964704e-4,0.00351195254289539,low,1e-4,0.01,1585.59922,Niger,3
    Nigeria,Western Sub-Saharan Africa,Sub-Saharan Africa,NGA,0.06267686599091418,0.21793142216820993,0.02168691035911381,0.12763684713951923,0.00665626166567611,0.04003545902677616,low,0.1375,0.68,5491.700341,Nigeria,3
    Sao Tome and Principe,Western Sub-Saharan Africa,Sub-Saharan Africa,STP,3.231413184584317e-5,1.4498973127371112e-4,2.4533134664597723e-6,1.3765092891439554e-5,7.402233842765985e-7,4.219064533141446e-6,low,1e-4,0.61,5732.694561,Sao Tome and Principe,3
    Senegal,Western Sub-Saharan Africa,Sub-Saharan Africa,SEN,0.00398411316645572,0.01522976545185101,0.00162135568004343,0.00928500862015968,4.732787645375117e-4,0.00291301515158636,low,0.0044,0.27,4173.677414,Senegal,3
    Sierra Leone,Western Sub-Saharan Africa,Sub-Saharan Africa,SLE,0.00104301760565405,0.00574605706580889,3.0788916743718537e-4,0.00203354934156582,8.154561288318271e-5,6.198787436421147e-4,low,0.0014,0.18,2851.952081,Sierra Leone,3
    Togo,Western Sub-Saharan Africa,Sub-Saharan Africa,TGO,0.00140567079027121,0.00675166980965061,5.516675300271512e-4,0.00359641952320616,1.5755533882429062e-4,0.00129576704285953,low,0.0017,0.2,2577.201963,Togo,3
